"C64","C65","C66","C67","C68","C69","C70","C71","C72","C73","C74","C75","C76","C77","C78","C79","C80","C81","C82","C83","C84","C85","C86","C87","C88","C89","C90","C91","C92","C93"
0,0,0,1,0,1,0,0,0,1,0,0,0,1,0,0,0,0,0,0,1,1,0,1,0,0,0,1,1,0
0,0,0,1,0,0,1,1,1,1,0,1,0,0,0,0,0,0,1,0,0,0,0,1,1,0,0,0,0,0
1,1,1,0,1,1,1,1,1,1,0,1,1,0,0,1,1,1,1,1,1,1,1,1,1,1,0,0,0,1
1,0,1,1,0,1,1,1,1,1,0,1,1,1,0,1,1,0,1,1,1,1,1,1,1,1,1,1,1,1
0,0,1,0,0,1,0,1,0,0,0,0,0,0,0,1,0,0,0,0,1,1,0,1,0,0,0,0,0,0
0,0,0,0,0,1,1,1,0,0,0,0,0,0,0,0,0,1,0,0,0,1,0,0,1,0,1,0,0,0
0,0,0,0,0,1,1,1,0,1,0,1,1,1,1,1,0,0,1,1,1,1,1,1,0,0,0,0,0,1
1,1,1,1,0,1,1,0,0,1,0,1,0,1,1,1,0,0,1,1,1,1,1,1,0,1,0,1,0,0
1,1,0,1,0,1,1,1,0,1,0,1,0,0,1,1,0,0,1,1,0,0,1,1,0,0,0,1,1,0
0,0,0,0,0,1,1,0,1,0,0,0,0,0,0,0,0,0,1,0,0,1,0,1,1,0,0,0,0,0
1,1,0,0,0,0,1,0,0,0,0,0,0,0,0,0,0,0,0,0,0,1,0,0,0,0,0,0,1,0
0,0,1,0,0,0,0,0,0,0,0,0,0,0,0,0,0,0,0,0,0,0,1,1,0,0,0,0,0,0
0,1,0,1,0,1,1,0,0,0,0,1,0,0,1,0,0,1,0,0,1,0,0,0,0,0,0,0,1,0
0,0,1,0,0,1,0,1,0,0,0,0,0,0,0,0,0,0,0,0,0,0,1,1,0,0,1,0,0,0
0,0,1,0,1,0,0,0,0,0,0,0,0,0,1,0,0,0,0,1,0,0,0,0,0,0,1,0,0,0
1,1,0,0,0,1,1,1,1,0,0,1,0,1,0,0,0,0,1,1,1,1,1,1,0,0,1,0,0,0
1,0,0,0,0,0,0,1,0,1,0,1,0,0,1,0,0,0,0,0,0,1,0,0,0,0,0,0,1,0
0,0,0,1,0,1,1,1,1,0,0,1,0,1,0,0,0,0,1,0,0,0,1,0,0,0,1,0,0,0
1,0,0,0,1,1,1,1,1,1,1,0,1,1,0,1,0,1,1,1,0,0,0,0,0,0,1,1,1,0
1,0,1,0,0,1,0,1,1,0,0,0,0,0,0,0,0,0,1,0,0,0,0,1,0,0,0,1,1,0
0,0,0,0,1,0,0,0,0,0,0,0,0,0,0,0,0,0,0,0,0,0,1,0,0,0,0,0,0,0
1,0,0,0,0,0,0,0,0,0,1,1,1,1,0,0,0,0,1,0,0,0,0,0,0,0,0,0,1,0
1,1,1,1,0,1,1,1,1,1,1,1,1,1,1,0,1,1,1,1,0,1,1,1,1,1,0,1,1,0
1,0,0,1,0,1,1,1,1,1,0,1,0,1,0,1,0,0,1,0,1,0,1,1,0,0,0,0,0,0
0,0,1,0,0,1,0,1,1,1,0,1,0,0,0,0,0,0,1,0,0,1,0,1,0,0,0,1,1,0
0,0,0,0,0,0,1,1,0,0,0,1,0,0,0,0,0,0,0,0,1,0,0,1,0,0,0,0,1,0
1,0,1,0,0,1,0,0,0,1,0,1,0,0,0,0,0,0,0,0,1,1,1,1,0,0,0,0,1,0
1,1,1,0,0,0,1,0,0,1,0,1,0,0,0,0,0,0,0,0,0,0,1,1,0,0,1,0,1,0
1,0,1,1,0,1,0,0,0,0,0,0,0,0,1,1,0,0,1,0,0,0,1,1,0,0,1,1,0,0
1,0,1,0,0,1,0,0,0,1,0,1,1,1,1,1,0,0,0,0,0,1,0,0,0,0,1,0,0,0
1,1,1,0,0,1,1,1,1,1,1,1,1,1,0,0,0,1,1,1,1,1,1,1,0,1,1,0,1,0
1,0,1,0,0,1,1,1,1,0,0,1,0,0,0,1,0,0,0,0,0,0,1,1,0,0,0,0,1,0
1,0,0,1,0,1,1,0,0,1,1,1,0,0,1,1,0,0,0,0,0,1,0,1,0,0,0,0,0,1
1,0,1,1,0,1,1,1,0,1,0,1,0,1,1,1,0,0,1,1,0,0,1,1,0,0,1,1,1,0
1,0,0,0,0,1,1,0,0,1,0,1,0,1,0,0,0,0,0,0,0,0,1,1,0,0,0,0,1,0
0,0,1,0,0,1,1,1,1,0,0,1,0,1,0,0,0,0,1,0,1,1,1,1,0,0,1,0,0,1
1,0,0,1,0,1,0,1,0,0,0,1,0,0,0,1,0,1,0,1,0,0,1,1,0,0,1,0,0,0
1,0,1,1,0,1,1,1,1,0,1,1,0,1,0,0,0,0,1,1,1,1,0,1,0,0,1,0,1,0
1,0,0,1,0,1,1,0,0,1,0,0,0,0,1,0,0,0,1,0,0,0,0,1,0,0,0,1,0,0
1,0,1,0,0,1,1,0,0,0,0,0,1,0,0,0,0,0,0,1,0,0,0,1,0,0,1,0,0,0
0,0,0,0,0,1,1,0,1,0,0,1,0,0,0,0,0,1,0,0,0,1,0,0,1,0,0,0,0,0
0,0,1,0,0,1,1,0,1,0,1,0,0,0,0,1,0,0,1,0,1,0,1,0,0,0,0,0,1,0
1,0,1,1,0,1,1,0,0,0,1,1,0,0,1,0,0,0,0,0,0,1,0,1,0,0,0,0,1,0
1,1,1,1,0,1,1,0,0,1,0,1,1,1,1,1,1,0,1,0,0,0,0,1,1,0,0,1,0,0
1,0,0,1,0,1,0,1,0,1,1,1,0,0,0,0,0,0,0,0,1,1,0,0,0,0,0,0,1,1
0,0,1,0,0,1,1,0,0,1,0,0,0,1,0,1,0,0,0,1,0,1,0,1,0,0,1,0,1,0
1,0,1,0,0,1,0,0,1,0,0,1,0,0,0,1,0,0,1,0,0,1,1,1,0,0,1,0,1,0
1,0,1,1,0,1,1,1,0,0,0,0,1,1,1,1,0,0,1,1,1,1,1,1,1,0,0,1,1,0
0,1,1,0,0,1,1,1,0,1,0,1,0,0,0,0,0,0,0,1,1,1,1,1,0,0,1,0,1,0
1,0,0,1,0,0,1,0,1,1,0,0,0,0,1,1,0,0,1,0,0,1,0,1,0,0,1,0,0,0
0,0,0,0,0,1,0,1,1,0,0,1,0,0,0,0,0,0,1,0,1,0,1,1,0,0,1,0,1,0
1,0,1,0,0,1,1,1,1,1,0,1,0,1,0,0,0,0,1,1,1,1,1,1,0,0,1,0,1,1
1,1,1,0,0,1,1,0,1,1,0,1,1,1,0,1,0,0,1,1,1,1,0,1,0,0,0,0,1,0
1,0,0,0,0,1,0,0,0,0,0,1,0,0,0,0,0,0,0,0,0,0,0,0,0,0,1,0,0,0
1,1,0,0,0,1,1,1,1,1,0,0,0,1,0,0,0,0,1,1,0,0,0,1,0,0,1,0,0,0
0,0,1,1,0,1,1,0,0,1,0,1,1,1,1,0,0,0,1,1,0,0,0,0,0,0,0,1,1,0
1,0,1,0,0,1,1,0,0,0,0,0,0,1,0,0,0,0,1,0,1,0,0,0,0,0,1,0,1,0
1,1,0,0,0,1,0,0,0,0,0,1,0,0,0,0,0,1,0,0,1,0,0,1,0,0,1,0,0,0
1,0,1,0,0,0,0,1,0,0,0,1,0,0,0,0,0,0,0,0,0,0,0,0,0,0,1,0,1,0
0,0,0,0,0,0,1,1,0,0,0,0,0,0,0,0,0,1,0,0,0,1,0,0,0,0,0,0,1,0
0,0,1,0,0,0,0,0,1,0,0,0,0,0,0,1,0,0,1,0,0,0,0,1,0,0,0,0,1,0
1,1,0,0,0,1,0,1,0,0,1,1,0,1,0,1,0,0,0,1,0,1,0,1,0,0,0,0,1,1
1,0,1,0,0,1,0,0,1,0,0,0,0,1,0,0,0,0,1,1,0,0,0,0,0,0,1,1,1,0
0,0,1,1,0,0,0,1,0,1,0,1,1,0,0,1,0,0,0,0,0,0,1,0,0,0,0,0,0,1
0,1,0,0,1,0,0,0,1,0,0,0,0,0,0,1,1,0,0,0,0,0,0,1,0,0,0,0,1,0
0,0,1,0,1,0,0,1,1,0,0,1,0,0,0,0,1,0,0,0,0,0,0,0,1,0,1,0,0,0
1,0,0,0,0,1,1,0,1,0,0,1,0,1,0,0,0,1,0,0,0,0,0,0,0,0,0,0,0,0
1,0,1,1,0,1,0,0,1,1,0,1,0,0,0,1,0,0,1,1,0,0,0,1,1,0,0,1,0,0
0,0,0,1,0,1,1,0,1,0,0,0,0,0,0,1,0,0,1,0,1,0,0,0,0,0,1,0,0,0
1,0,0,0,0,1,1,1,0,1,0,1,0,1,0,0,0,0,1,0,0,0,1,1,0,0,1,0,1,0
1,1,1,1,0,0,1,1,0,1,0,1,0,1,1,1,0,0,0,0,0,0,1,1,0,0,1,1,0,0
1,0,0,0,0,1,0,0,0,0,0,0,0,0,0,1,0,0,1,0,0,0,0,0,0,0,0,0,0,0
1,0,1,0,0,1,1,1,1,1,1,1,0,1,0,0,0,0,1,1,1,1,1,1,0,0,1,0,0,0
1,0,1,0,0,1,0,1,0,1,0,0,0,1,0,1,0,0,1,1,1,1,1,1,0,0,1,0,1,0
1,0,0,0,0,0,0,0,0,0,0,0,0,0,0,0,0,0,1,0,1,0,0,1,0,0,1,1,0,0
0,0,0,0,0,0,0,0,1,0,0,1,0,0,0,1,0,0,0,0,0,0,0,1,0,0,0,0,0,0
1,0,0,0,0,1,1,0,0,1,0,0,0,0,0,1,0,0,0,0,0,0,0,1,0,0,1,0,0,0
1,0,0,0,0,1,1,0,1,1,0,1,0,1,0,1,0,0,1,0,0,1,0,0,0,0,0,0,0,0
1,0,1,0,0,1,1,1,0,1,0,1,0,1,1,1,0,1,1,1,1,1,1,1,0,0,1,1,1,1
1,1,0,1,1,1,1,1,0,1,0,1,1,1,1,1,1,1,1,0,0,0,1,1,1,0,1,1,1,1
1,0,0,0,0,1,1,0,0,0,0,1,0,1,0,1,0,0,0,0,0,1,0,1,0,0,1,0,1,0
1,0,0,0,0,1,0,0,0,0,0,0,0,0,1,0,0,0,0,0,0,0,0,1,0,0,0,0,1,0
1,0,1,0,0,1,1,0,1,1,0,1,0,1,0,0,0,0,1,1,1,0,0,0,0,0,1,0,1,0
0,0,0,0,0,1,0,0,0,0,0,0,0,0,0,1,0,0,0,1,0,0,0,0,0,0,0,0,1,0
1,0,0,0,0,1,0,0,0,1,0,1,0,0,1,0,0,0,1,0,0,0,1,1,0,0,0,1,1,0
1,0,1,1,0,1,1,0,0,1,0,1,0,0,1,1,0,1,1,1,0,0,0,0,0,0,1,0,1,0
1,0,1,0,0,1,1,1,0,1,0,0,0,1,0,1,0,0,0,0,1,0,1,0,0,0,0,1,1,0
1,1,1,1,1,1,1,0,1,0,0,1,0,0,0,0,0,0,1,0,0,0,0,1,0,0,0,1,0,0
0,1,1,0,0,1,1,1,1,1,0,0,0,0,0,0,0,1,1,1,0,0,0,1,0,0,0,0,0,0
1,0,0,0,0,0,1,0,0,0,0,0,0,0,0,0,0,0,1,0,0,0,0,0,0,0,0,1,0,0
1,1,0,0,0,1,0,0,0,0,0,1,0,0,0,0,0,0,1,0,0,0,0,0,0,0,0,0,1,0
1,1,0,1,0,1,1,0,0,1,0,1,0,0,0,0,0,0,1,1,0,0,0,1,0,0,0,0,1,0
1,1,1,0,0,1,0,1,1,1,0,1,1,1,0,0,0,0,1,1,0,0,1,1,0,0,1,0,1,1
1,0,0,1,1,0,0,0,0,0,0,0,0,0,0,1,0,0,0,0,0,0,0,0,0,0,0,0,1,0
1,1,0,1,1,1,0,0,0,0,0,1,0,0,0,1,0,0,1,0,0,0,0,0,0,0,0,1,0,0
1,0,0,0,0,1,0,0,0,1,0,1,0,0,0,1,0,0,0,1,0,1,0,0,0,0,0,0,1,0
1,1,1,1,1,1,1,1,1,1,0,1,1,1,0,1,1,1,1,1,1,1,1,1,1,1,1,1,1,1
1,1,0,1,0,1,1,0,1,1,0,1,0,0,1,1,0,0,0,0,0,0,0,1,1,0,0,1,0,0
1,0,1,0,0,1,1,1,1,1,0,1,0,1,0,0,0,0,1,1,0,0,1,1,0,0,1,0,0,0
1,0,0,0,0,0,0,1,0,0,0,0,0,0,1,1,0,1,0,0,0,1,0,1,0,0,0,0,1,0
0,0,1,0,0,1,1,1,0,1,0,0,0,0,0,1,0,0,0,1,0,1,1,1,0,0,1,0,1,0
0,0,1,0,0,1,1,1,0,0,0,0,0,1,0,1,0,0,0,1,0,0,0,0,0,0,0,0,1,0
0,1,1,1,1,1,1,1,1,1,0,0,1,1,1,0,1,1,1,1,1,1,1,1,0,1,0,1,1,1
0,1,1,1,0,0,1,0,0,1,0,0,0,1,0,1,0,0,1,0,0,0,1,1,0,0,0,1,0,0
1,0,0,0,0,1,0,1,0,0,0,0,0,0,0,0,1,0,1,0,1,1,0,0,0,0,0,0,0,0
0,0,0,0,0,1,0,0,1,0,0,0,0,0,0,0,0,0,0,0,1,0,0,0,0,0,1,0,0,0
0,0,0,0,0,1,0,0,0,0,0,1,0,0,0,0,0,0,1,0,0,1,0,0,0,0,0,0,0,0
1,1,0,0,0,1,1,1,1,1,1,1,0,1,0,0,0,0,1,1,0,0,0,0,0,0,1,1,0,0
1,1,0,0,1,0,0,1,0,1,0,1,1,0,0,0,0,0,0,0,0,0,1,1,0,0,1,0,1,0
1,0,0,0,0,0,1,0,0,0,0,1,0,1,0,1,0,0,0,1,1,0,0,1,0,0,1,0,0,0
1,0,0,0,0,1,1,1,1,1,1,1,0,1,0,1,1,0,1,1,1,1,1,1,1,1,1,0,1,0
1,0,0,1,1,1,1,0,1,1,1,1,1,1,0,1,1,1,1,1,1,1,1,1,1,0,1,1,1,0
1,1,1,1,1,1,1,1,0,1,1,1,1,1,1,0,1,1,1,1,1,1,1,1,1,1,1,1,1,1
0,0,1,0,0,0,0,1,0,1,0,0,0,0,0,0,0,0,1,0,0,1,0,1,0,0,0,0,1,0
0,0,0,0,0,0,0,0,1,0,0,1,0,0,0,0,0,0,0,0,0,0,0,1,0,0,0,0,0,0
1,0,0,0,0,1,0,1,0,0,0,1,0,0,0,0,0,0,0,0,1,0,0,1,0,0,0,0,0,0
1,0,1,0,0,1,1,1,0,1,0,1,0,0,0,0,0,0,1,0,1,1,1,1,0,0,0,0,0,0
1,1,0,0,0,1,1,1,1,1,1,1,1,0,0,0,0,0,0,0,0,0,1,1,0,0,0,1,1,0
1,0,1,0,0,1,1,0,0,1,1,1,0,1,0,0,0,0,1,1,1,1,1,1,0,0,0,0,1,1
1,0,1,1,0,1,0,1,1,0,0,1,0,0,0,1,0,1,0,1,1,1,0,1,0,0,1,1,1,0
1,0,1,0,0,1,1,0,0,1,1,1,0,1,0,0,0,0,1,1,1,1,1,1,0,0,1,0,1,1
1,0,0,0,0,1,1,0,0,0,0,1,0,1,0,1,0,0,0,0,0,1,1,1,0,0,0,0,1,0
1,1,0,0,0,1,0,0,0,0,0,0,0,0,0,1,0,0,0,0,0,0,0,1,0,0,0,0,0,1
1,1,1,0,0,1,1,1,1,1,0,1,0,1,0,1,0,0,1,1,1,0,1,1,0,0,1,0,1,0
0,0,0,0,0,0,0,0,0,0,1,1,0,0,1,0,0,0,0,0,0,1,0,0,0,0,0,1,1,1
1,0,1,1,1,1,1,1,1,1,1,1,1,1,1,1,1,1,1,1,1,1,1,1,0,0,1,1,1,1
0,0,1,0,0,1,1,0,0,1,1,1,0,0,1,1,0,0,1,1,0,0,0,1,0,0,0,1,0,0
0,0,1,0,0,0,0,0,1,1,0,1,0,1,0,0,0,0,0,0,0,0,0,1,0,0,0,0,0,0
0,0,1,0,0,1,1,1,0,0,0,1,0,0,0,1,0,0,1,0,0,1,0,1,0,0,1,1,1,0
1,0,1,1,0,1,0,0,1,0,0,0,0,1,1,1,0,0,0,1,1,1,0,1,1,0,1,1,1,1
0,1,1,1,1,1,1,1,0,1,0,1,0,0,0,0,0,0,1,1,0,0,1,1,0,0,1,1,1,0
1,1,1,1,1,1,1,1,1,1,1,1,1,1,1,0,1,1,1,1,1,1,0,1,1,1,1,1,0,1
1,0,0,0,0,1,1,0,0,0,0,0,0,0,0,0,0,0,1,1,1,0,0,1,0,0,0,0,0,0
0,0,0,0,0,0,1,1,0,0,0,0,0,0,1,0,0,0,0,0,0,0,0,1,0,0,1,0,0,0
1,1,1,1,0,1,1,1,1,1,1,1,1,1,0,1,0,0,1,1,1,1,0,1,0,0,1,1,0,1
1,0,0,1,0,1,1,1,1,1,0,0,0,0,1,1,0,0,1,1,1,0,0,0,1,0,0,1,1,0
1,0,1,1,0,0,0,1,1,0,1,1,0,0,0,0,0,0,1,1,1,1,0,1,0,0,1,1,1,0
1,0,1,1,0,1,1,1,1,0,0,1,0,1,1,1,0,0,0,0,1,1,1,1,1,0,1,1,1,1
1,0,0,0,0,1,1,0,1,0,0,1,0,0,0,0,0,0,0,0,1,1,0,0,0,0,1,0,0,0
0,0,0,0,0,1,0,1,0,1,0,1,0,0,0,0,0,1,1,0,0,0,0,0,0,0,0,0,0,0
1,1,1,1,1,1,0,1,0,1,1,1,1,1,1,1,0,1,1,1,0,1,1,1,1,1,1,1,0,1
1,0,1,1,0,1,1,0,0,1,0,1,1,0,0,1,1,1,1,1,1,1,1,1,0,1,0,1,1,1
1,0,0,0,0,1,1,1,1,1,0,1,0,0,0,1,0,1,0,0,1,0,1,1,0,0,0,0,0,0
0,0,1,0,0,1,0,0,0,1,0,1,0,0,0,1,1,0,1,0,1,1,1,1,1,0,1,1,1,0
1,0,0,0,0,1,0,0,0,1,0,1,0,0,0,1,0,0,0,0,1,0,0,0,0,0,0,0,0,0
0,1,0,0,0,1,1,1,1,1,0,1,0,1,1,0,0,0,0,0,1,0,0,1,0,0,0,1,1,0
1,0,1,0,1,0,1,1,1,1,1,1,1,1,1,1,0,1,1,1,0,1,1,1,1,0,1,1,1,1
1,0,0,0,0,1,0,0,0,1,1,1,0,1,0,1,0,0,0,0,0,0,1,1,1,0,1,1,0,0
1,0,1,1,0,1,1,0,0,1,0,1,0,1,1,1,0,0,1,1,0,1,1,1,0,0,1,0,0,0
0,0,1,0,0,0,1,0,0,1,1,1,0,0,0,1,0,0,1,0,0,0,0,0,0,0,1,0,1,0
1,0,1,1,1,1,1,0,1,1,1,1,1,1,0,1,0,1,0,1,1,1,1,1,0,0,1,1,0,1
1,0,1,0,0,1,1,1,1,1,1,1,0,1,0,0,0,0,1,1,1,0,1,1,0,0,1,0,1,0
1,0,1,0,0,1,1,1,1,1,1,0,0,0,1,1,0,0,1,1,0,0,1,1,0,0,0,0,0,1
1,1,1,1,1,1,1,1,1,1,1,1,1,1,0,1,1,1,1,1,1,1,1,1,1,1,1,1,1,1
1,0,1,0,0,1,0,1,1,0,0,1,0,0,1,0,0,0,1,0,1,1,0,1,0,0,0,0,1,0
1,0,0,0,0,0,0,0,1,1,0,1,0,0,0,1,0,0,1,0,1,0,0,1,0,0,0,0,0,0
1,1,1,1,1,1,1,1,1,1,1,1,1,0,1,1,1,1,1,1,1,1,1,1,1,0,1,1,1,1
1,0,1,0,0,0,1,1,1,0,0,0,0,1,0,1,0,0,1,0,0,1,0,1,0,0,1,0,1,0
1,0,1,0,1,1,1,1,1,0,1,1,1,1,1,1,0,1,1,1,0,0,1,1,0,0,1,1,1,1
1,1,0,0,0,1,1,1,1,1,1,1,1,1,0,0,0,1,0,0,0,1,1,1,0,0,1,0,1,1
1,0,0,0,0,0,1,1,0,0,0,1,0,1,0,1,0,0,1,0,0,1,0,1,0,0,1,0,1,0
1,0,1,0,0,1,1,0,1,1,0,1,0,1,0,0,0,0,1,1,1,1,0,1,0,0,1,0,1,0
1,1,1,1,1,1,1,1,0,1,1,1,1,1,1,1,1,1,1,0,1,1,1,1,1,1,1,1,1,1
1,1,0,1,0,1,0,1,1,1,1,1,1,1,1,1,0,0,0,0,0,1,1,1,0,0,0,1,1,0
0,0,0,0,0,1,1,1,0,1,1,1,1,1,1,1,0,0,1,1,1,1,1,1,0,0,1,1,1,1
1,0,0,0,0,0,1,0,0,1,0,1,0,0,0,0,0,0,1,1,0,0,0,1,0,0,0,0,1,0
1,1,0,0,0,0,0,1,1,1,1,0,1,0,0,0,0,1,1,1,0,0,1,1,0,0,0,0,1,0
1,0,1,0,0,1,1,1,1,1,1,1,1,1,0,1,1,0,0,0,1,1,0,1,1,1,0,0,0,0
1,1,1,1,0,1,1,1,0,1,1,1,1,1,1,1,1,1,0,1,0,1,1,1,1,1,1,1,0,1
1,0,1,1,0,1,0,0,1,0,1,1,1,0,1,1,0,1,1,1,1,0,0,0,0,0,0,0,1,1
0,0,1,0,0,0,0,0,0,0,0,0,0,0,0,0,0,0,0,0,0,0,0,1,0,0,0,0,1,0
1,0,0,0,0,0,0,1,0,1,0,1,0,0,0,1,0,1,0,1,0,0,1,1,0,0,0,1,0,0
1,1,1,1,1,1,1,1,1,1,1,1,1,1,0,1,0,1,1,1,0,1,1,1,1,1,1,1,1,1
0,1,0,0,0,1,0,0,0,1,1,1,1,0,1,1,0,0,0,1,0,0,0,0,0,0,0,0,1,1
1,0,1,0,0,1,1,0,0,1,0,1,0,1,0,0,0,0,0,0,1,1,1,1,0,0,0,0,1,0
1,0,1,0,0,0,0,0,1,0,0,0,0,0,0,1,0,0,0,0,0,0,0,0,0,0,0,1,0,0
0,0,0,0,0,1,1,1,1,1,0,1,0,1,0,1,0,0,0,1,0,1,1,1,0,0,1,1,1,0
1,0,1,0,0,1,1,0,1,0,0,1,0,1,0,0,0,0,1,0,0,0,0,0,1,0,1,0,1,0
1,0,0,1,0,1,0,0,1,0,0,1,0,1,1,1,0,1,0,0,0,0,0,1,0,0,0,1,1,0
0,0,1,0,0,1,1,0,1,1,0,1,0,1,0,1,0,0,0,1,1,1,1,0,0,0,1,0,0,1
0,1,0,0,0,1,0,0,1,1,0,0,0,0,0,0,1,0,0,0,0,1,1,1,0,0,1,0,0,0
0,0,0,0,0,1,1,1,1,0,1,1,0,0,1,1,0,0,1,1,0,0,1,1,0,0,0,1,0,0
1,0,1,1,0,1,1,1,1,1,0,1,0,0,0,1,0,0,1,1,0,1,1,1,0,0,0,1,0,0
1,1,1,0,0,1,1,0,0,0,1,0,0,0,0,0,0,0,0,0,1,0,0,1,1,1,0,0,0,0
1,0,0,1,0,1,1,1,1,1,0,1,0,1,1,1,0,0,1,1,0,0,1,1,0,0,0,1,1,1
1,1,0,0,0,1,1,0,0,0,0,1,1,1,1,1,0,0,1,0,0,0,0,0,1,0,0,0,0,0
1,0,1,1,0,1,1,0,0,1,1,1,0,1,1,1,1,0,0,1,1,0,0,1,1,0,0,1,0,1
1,1,0,1,0,1,1,1,1,1,1,1,1,1,0,1,0,0,1,1,1,1,0,1,0,0,1,1,1,1
1,0,0,1,0,0,1,0,0,0,0,1,0,0,0,0,0,1,1,0,0,0,1,1,0,0,1,0,0,1
1,0,0,1,1,0,1,1,1,1,0,1,0,1,0,1,0,0,0,0,0,0,0,1,1,0,0,1,1,0
1,0,1,1,0,1,1,0,1,1,1,1,1,0,0,1,0,0,0,0,0,1,0,1,1,0,1,1,1,0
1,0,1,1,1,1,0,0,0,0,0,0,0,0,0,0,0,1,0,0,0,0,0,0,0,0,1,1,0,0
1,0,0,0,0,1,1,1,0,0,0,1,0,0,0,0,0,0,0,0,0,0,0,1,0,0,1,0,1,0
1,1,1,1,1,1,1,1,1,1,1,1,1,1,1,1,0,1,1,1,1,1,1,1,1,1,1,1,1,1
1,1,1,0,0,1,1,1,1,1,0,1,0,0,0,1,0,0,1,0,0,1,1,1,1,0,0,1,1,0
0,0,0,0,0,0,1,1,0,1,0,1,0,0,0,0,0,0,1,0,0,0,0,1,0,0,1,1,0,0
1,0,1,0,1,1,1,0,0,1,0,1,0,0,0,1,0,1,1,1,0,0,0,1,1,0,0,0,1,0
1,0,1,1,1,1,1,1,1,1,1,1,0,1,0,1,0,1,1,0,0,0,0,1,0,0,1,0,1,0
1,0,0,0,0,1,1,1,0,1,1,1,0,0,0,1,0,0,1,0,1,1,0,0,0,0,1,0,1,0
1,1,1,1,0,0,1,1,1,1,1,1,1,1,0,1,0,0,1,1,1,0,1,1,1,1,1,1,1,1
1,0,0,0,0,1,0,0,0,1,0,0,0,0,0,1,0,0,0,0,1,1,0,1,0,0,1,0,0,0
0,0,1,0,0,0,0,1,1,1,0,1,0,0,0,1,0,0,1,1,0,1,1,1,0,0,1,0,1,0
1,0,0,1,0,1,0,0,1,1,0,1,0,0,1,1,0,0,0,0,0,0,0,1,0,0,0,1,1,0
1,0,1,0,0,1,1,1,0,0,0,1,0,1,0,0,0,0,1,0,0,0,0,0,0,0,1,0,0,0
1,0,0,1,0,1,1,0,0,1,0,1,0,0,0,1,1,0,0,1,1,0,0,1,1,1,1,0,1,0
1,1,0,0,0,0,0,0,0,1,0,1,0,1,0,0,0,0,1,1,1,1,1,1,0,0,1,0,1,0
1,0,0,0,0,1,1,1,0,0,0,0,0,0,0,1,1,0,0,0,0,0,0,0,0,0,0,0,0,0
1,1,1,0,0,1,1,1,1,1,1,1,0,1,0,0,0,1,1,1,1,1,1,1,0,0,1,0,1,1
1,1,1,1,0,1,1,1,1,1,1,1,1,1,1,1,1,1,1,1,1,1,1,1,1,1,1,1,1,1
1,1,1,0,1,1,1,1,1,1,1,1,1,1,1,1,1,1,1,1,0,0,0,1,1,0,1,1,1,1
1,0,1,0,0,1,1,1,1,1,1,1,1,0,0,0,0,0,1,1,1,1,1,1,0,0,1,0,1,0
1,1,1,1,1,1,1,1,1,1,1,1,1,1,1,1,0,1,1,1,1,1,1,1,0,0,1,1,1,1
0,0,1,0,0,1,1,0,0,0,0,0,0,1,0,1,0,0,1,1,1,0,0,1,0,0,0,0,1,0
0,0,0,0,0,1,0,0,0,0,0,0,0,0,1,1,0,0,1,0,0,0,0,0,0,0,1,0,1,0
1,0,0,1,0,1,1,0,1,0,0,1,0,1,0,1,0,0,1,0,0,0,0,0,0,0,1,0,1,0
1,0,1,1,0,1,1,1,1,1,1,1,1,0,0,0,0,0,1,0,0,0,0,1,0,0,0,1,1,1
1,0,0,1,0,1,1,0,1,1,0,1,0,0,1,1,0,0,1,1,1,1,0,0,0,0,1,0,1,0
1,1,1,1,0,1,1,1,1,1,0,1,1,0,1,1,1,0,1,0,0,0,0,1,1,1,0,1,1,0
1,0,1,0,0,1,1,1,0,1,0,1,0,0,1,1,1,0,0,0,0,1,0,0,0,0,1,1,1,0
1,0,0,1,1,1,1,0,1,1,0,1,0,0,0,1,1,1,0,0,0,1,0,1,1,0,0,0,1,0
1,0,0,0,0,0,1,0,1,1,1,0,0,0,1,1,0,0,0,0,0,0,0,1,0,0,1,0,1,0
0,0,0,1,0,1,0,0,0,0,0,0,0,0,1,1,0,0,0,0,1,0,0,0,0,0,0,0,1,0
0,1,1,0,0,0,0,0,0,0,0,0,0,0,0,0,0,0,1,1,0,0,1,1,0,0,1,1,0,0
1,0,0,1,0,0,1,0,0,0,1,0,0,0,1,0,1,0,0,0,0,0,0,0,1,0,1,0,1,0
1,0,0,0,0,1,0,0,0,0,0,0,0,0,0,0,0,0,0,1,1,1,0,1,0,0,0,0,0,0
1,1,1,0,1,1,1,1,0,1,0,1,1,1,1,1,0,0,1,1,0,0,0,1,0,0,1,1,1,0
1,0,0,1,0,1,0,1,1,1,0,1,0,0,1,1,0,0,0,0,0,0,1,0,0,0,1,1,0,0
1,1,1,0,0,1,1,1,1,1,0,1,0,0,0,1,0,0,0,1,0,0,0,1,0,0,0,0,1,0
1,0,0,1,0,1,1,0,0,0,0,0,0,0,1,1,0,0,0,1,0,0,0,1,0,0,0,1,1,0
1,0,0,0,0,0,0,0,1,1,0,1,0,0,0,0,0,0,1,1,0,1,0,0,0,0,1,0,0,1
1,0,1,0,0,0,0,0,0,0,0,1,0,1,0,0,0,0,1,1,1,0,1,1,0,0,1,0,1,0
1,1,1,1,0,1,1,1,1,1,1,1,1,1,1,1,0,0,1,1,1,1,1,1,1,1,1,1,1,1
1,1,1,1,0,1,1,1,1,1,1,1,1,1,1,0,0,0,1,1,1,1,1,1,0,0,1,1,1,0
0,0,1,1,0,0,0,0,1,0,0,1,0,0,0,1,0,0,0,0,0,0,0,1,1,1,1,0,1,0
0,0,0,0,0,0,0,0,0,0,0,0,0,0,0,0,0,0,0,0,1,0,0,1,0,1,0,0,1,0
1,0,1,0,0,1,0,1,1,0,0,1,0,1,0,0,0,0,1,1,0,0,0,1,0,0,1,0,1,0
1,1,1,1,0,1,1,0,0,1,1,1,0,1,1,1,1,0,0,0,0,0,0,0,1,0,0,1,0,0
1,0,1,0,0,1,1,0,1,1,1,1,1,0,0,1,0,1,1,1,0,0,1,1,1,1,0,0,1,0
1,0,0,1,1,1,0,1,0,0,0,1,0,1,1,0,1,0,1,1,0,1,0,0,0,0,1,1,0,0
1,0,0,0,0,0,1,0,1,0,1,0,0,0,0,0,0,0,1,0,0,0,1,1,0,0,0,0,0,0
1,1,0,0,0,1,0,1,1,0,0,1,0,0,0,0,0,0,1,1,1,0,0,0,0,1,1,0,0,0
1,1,1,1,1,1,1,1,1,1,1,1,1,1,0,1,0,1,1,1,0,1,1,1,0,1,0,1,1,1
1,0,1,1,0,1,1,0,1,1,1,1,0,0,1,1,0,0,1,1,0,0,0,1,0,0,1,1,1,0
1,0,1,0,0,1,1,0,0,0,0,1,0,1,1,1,0,0,1,1,0,0,1,1,0,0,0,0,1,0
1,1,1,1,1,1,1,1,1,1,0,1,1,1,1,1,0,1,0,0,0,1,1,1,1,1,0,1,0,0
1,0,1,0,0,1,1,0,1,1,0,1,0,1,0,0,0,0,0,1,0,0,0,1,0,0,0,0,1,0
0,1,1,0,0,1,1,1,0,1,0,1,0,0,1,0,0,0,0,1,1,0,0,1,0,0,1,0,1,0
0,0,1,0,0,1,0,1,1,1,1,1,0,0,0,0,0,0,1,1,0,1,0,0,0,0,1,1,1,0
0,0,0,0,0,1,1,1,0,1,0,1,0,0,1,1,0,0,1,1,0,1,0,1,0,0,0,1,1,0
1,1,1,1,0,0,1,0,1,1,0,1,0,0,1,1,0,0,0,1,0,1,0,0,0,0,0,0,1,0
0,1,0,0,0,1,0,0,0,0,0,1,0,0,0,0,0,0,0,0,0,0,0,0,0,0,0,0,0,0
1,1,0,0,0,1,0,0,0,1,0,0,0,0,0,0,0,0,0,1,0,0,0,0,1,0,1,0,1,0
1,1,1,0,0,1,1,0,1,0,0,1,0,1,0,1,0,0,1,0,1,0,0,0,0,0,1,1,1,0
0,0,1,0,0,1,0,0,0,1,0,1,0,0,0,0,0,0,0,1,0,0,0,0,0,0,0,0,0,0
1,0,1,0,0,1,1,1,1,1,0,1,0,0,0,0,0,0,0,1,1,1,1,1,0,0,1,0,1,0
1,1,1,1,0,1,1,0,0,1,1,1,1,0,0,0,0,0,1,1,0,1,0,1,0,1,0,1,1,1
1,0,1,1,0,1,1,1,1,0,0,0,0,1,0,0,0,0,0,0,0,1,0,1,0,0,1,0,1,1
1,0,1,0,1,1,1,1,0,1,1,1,1,0,0,1,0,1,1,0,0,0,1,1,1,0,0,0,1,1
0,1,1,1,0,0,0,1,1,1,0,1,0,0,1,0,0,0,0,0,1,0,1,1,0,0,1,1,1,0
0,0,0,0,0,0,0,0,0,0,0,0,0,0,0,0,0,0,0,0,0,0,0,0,0,0,0,0,0,0
1,1,1,1,0,1,1,1,1,1,0,1,0,0,1,1,0,1,0,1,1,0,1,1,1,1,1,1,0,0
0,0,0,0,0,1,0,0,0,0,0,1,0,0,0,0,0,0,1,1,1,0,0,1,0,0,1,0,0,1
1,0,1,0,0,1,0,0,1,1,0,1,0,1,0,0,1,0,1,1,0,1,0,1,0,0,0,0,1,0
1,0,0,0,0,0,0,0,1,0,0,0,0,0,0,0,0,0,0,0,0,0,0,1,0,0,0,0,0,0
1,1,1,1,1,1,1,0,0,1,1,1,1,1,1,0,1,1,1,1,1,0,0,1,1,0,1,1,1,1
1,0,0,1,0,0,1,1,0,1,0,1,0,1,0,1,0,0,1,1,0,1,0,0,0,0,0,1,1,0
0,0,0,0,0,1,1,0,0,0,0,1,1,0,0,1,0,0,1,0,1,0,0,1,0,0,0,0,0,0
1,0,0,0,0,0,0,0,0,0,0,0,0,0,0,0,0,0,0,0,0,0,0,0,0,0,0,0,1,0
1,0,1,1,1,1,1,1,1,0,0,1,1,0,0,0,0,1,1,0,1,0,1,0,0,0,0,1,0,0
1,1,1,1,0,0,0,1,1,1,1,1,1,1,1,1,1,0,1,1,1,0,1,1,1,1,1,1,1,1
0,1,1,0,0,1,0,0,0,1,0,1,0,0,0,1,0,0,1,0,0,0,0,0,0,0,0,0,1,0
1,0,1,1,0,1,1,1,0,1,0,1,0,0,0,1,0,0,1,0,1,1,1,1,0,0,1,1,0,0
1,1,0,1,1,1,1,1,1,1,1,1,1,1,0,1,1,1,1,1,1,1,1,1,1,1,1,1,1,1
1,1,0,1,0,1,1,1,0,1,0,1,0,1,0,1,0,0,0,0,0,0,1,1,0,0,1,1,1,0
1,0,0,1,0,1,1,0,1,1,0,1,0,1,1,1,0,0,0,1,0,0,1,1,0,0,1,1,0,0
0,0,1,1,0,0,0,0,0,0,0,1,0,0,0,1,0,0,1,0,0,0,0,1,1,0,1,1,1,0
0,0,0,1,0,1,0,0,1,0,0,1,0,0,1,1,0,0,0,0,0,0,1,0,0,0,0,1,1,0
1,0,0,1,0,1,0,0,1,1,0,1,1,1,1,1,0,0,0,1,0,1,0,1,0,0,1,1,1,1
0,0,0,0,0,1,0,0,0,0,0,0,0,0,0,1,0,0,1,0,0,0,0,1,0,0,0,0,0,0
1,0,0,0,0,1,1,0,0,1,0,0,0,0,0,1,0,0,0,0,0,1,0,1,0,0,0,1,0,0
1,0,1,0,0,1,1,0,0,0,0,0,0,0,0,1,0,0,1,0,0,1,0,1,0,0,0,1,1,0
0,0,0,0,0,1,1,1,0,1,0,1,0,1,0,1,0,0,1,1,1,0,1,1,0,0,1,1,1,0
1,0,0,0,0,1,0,1,0,1,1,1,0,0,0,0,0,0,0,1,0,0,0,1,0,0,0,1,0,0
1,1,0,0,0,0,0,0,0,1,1,1,0,1,0,0,0,0,0,0,1,0,0,1,0,0,1,0,1,0
1,1,1,0,0,0,1,1,0,0,1,1,0,1,1,1,1,0,0,0,1,1,1,1,1,0,1,0,1,0
1,0,0,0,0,0,0,0,0,0,0,1,0,1,0,0,0,0,1,0,0,0,1,0,0,0,0,1,1,0
0,0,1,0,0,0,0,0,1,0,0,0,0,0,0,1,0,0,0,0,0,0,0,1,0,0,1,0,0,0
1,1,1,1,0,1,1,1,1,1,0,1,0,1,1,1,1,0,1,1,0,0,1,0,0,0,0,0,0,0
0,0,1,0,0,1,1,0,0,0,0,1,0,0,0,0,0,0,1,1,0,0,0,1,0,0,1,0,0,0
1,1,0,0,0,1,1,1,0,1,0,1,1,1,0,1,0,1,1,0,1,1,1,1,0,0,1,0,1,1
1,1,0,0,0,1,1,0,0,1,0,0,0,0,0,0,1,1,1,1,0,0,0,1,0,0,1,1,1,0
0,0,0,1,0,1,1,0,1,0,0,1,0,0,1,1,0,0,0,1,0,0,0,1,0,0,1,0,1,0
1,1,1,1,1,1,1,1,0,1,1,1,1,1,0,0,0,1,1,1,1,1,1,1,1,1,1,1,1,1
1,0,0,1,0,1,1,1,0,1,0,1,0,0,1,1,0,0,0,1,0,0,0,1,0,0,0,1,1,0
0,0,0,0,0,1,0,0,0,0,0,0,0,0,0,1,1,0,1,1,0,0,0,1,0,0,0,0,0,0
0,1,1,0,0,1,0,0,1,1,0,1,0,0,0,0,0,0,0,0,1,0,0,1,0,0,1,0,1,0
1,0,1,0,0,0,1,1,1,0,0,1,0,0,0,0,0,0,1,0,0,0,0,0,0,0,0,1,0,0
1,0,0,0,0,0,0,0,0,0,1,0,0,0,0,1,0,0,0,0,0,1,0,1,0,1,0,1,1,0
0,1,0,0,0,1,1,1,1,1,0,1,0,1,0,0,0,1,0,0,0,0,0,1,0,0,1,1,0,0
0,0,1,1,0,1,1,0,1,0,0,0,0,0,0,0,0,1,0,1,0,1,0,0,0,0,0,1,0,0
0,0,1,0,0,1,1,1,1,1,1,1,1,1,0,1,0,0,1,1,1,1,1,1,0,0,1,1,1,1
1,0,0,0,0,1,1,1,1,0,0,1,0,0,0,0,0,0,1,1,0,0,0,0,0,0,1,0,1,0
1,1,0,0,0,0,0,0,0,1,0,0,0,0,0,0,0,1,0,0,0,0,0,1,1,1,0,0,0,0
0,0,0,0,0,1,1,0,0,0,0,1,0,0,0,0,0,0,0,0,0,1,0,1,1,0,0,1,0,0
1,0,1,0,1,0,1,0,1,0,0,1,0,0,0,1,1,0,1,0,0,0,0,0,0,0,1,1,1,1
0,0,1,0,1,1,1,1,1,1,1,1,1,1,0,1,1,1,1,1,1,1,1,1,1,1,1,1,1,1
1,1,1,1,1,1,1,1,1,0,0,0,1,1,0,1,0,1,1,1,0,1,1,1,1,1,0,1,0,0
1,0,0,0,0,0,1,1,1,1,1,1,0,1,0,1,0,0,1,1,0,1,0,1,1,1,0,0,0,1
0,0,0,0,0,1,1,1,1,0,0,1,0,0,0,1,0,0,0,1,0,1,0,0,0,0,0,0,1,0
1,1,1,1,0,1,0,0,0,0,0,1,0,0,1,1,1,1,0,0,0,0,0,1,0,0,1,1,1,0
1,1,1,1,0,1,1,0,0,1,1,1,1,1,1,1,1,1,1,1,0,1,0,1,1,0,1,1,0,1
0,0,1,0,0,1,1,1,1,1,0,1,0,1,0,1,0,0,1,0,0,0,1,1,0,0,1,0,0,0
1,0,1,1,0,1,0,0,0,0,0,0,0,0,0,1,0,0,0,0,0,0,0,1,0,0,0,0,1,0
1,0,1,0,1,1,0,0,1,1,1,1,1,1,0,0,0,1,1,0,1,1,0,1,0,0,0,0,1,0
1,1,0,0,0,1,1,1,1,1,0,1,0,1,0,0,0,0,0,1,1,1,1,1,0,0,1,0,0,0
1,0,1,0,0,1,1,0,1,1,0,1,1,1,1,1,0,0,1,0,1,0,0,1,0,1,1,1,1,0
1,0,1,1,0,0,0,1,0,1,0,1,0,1,0,1,1,0,0,1,0,0,0,1,1,0,1,0,1,0
1,1,1,1,0,1,1,0,0,1,1,1,1,1,1,1,0,0,1,1,1,1,1,1,0,0,1,1,0,1
1,1,1,0,0,1,1,0,0,1,1,1,1,1,0,1,1,0,1,1,0,1,0,0,1,1,0,0,1,0
1,0,0,0,0,1,0,1,0,1,0,1,0,0,0,0,0,0,1,1,1,0,0,0,0,0,0,0,0,0
1,1,0,1,1,1,1,1,0,1,1,1,1,0,0,1,0,0,1,0,0,0,1,1,0,0,0,1,1,1
1,0,1,1,0,0,1,1,1,1,0,1,0,1,0,1,0,0,1,1,1,1,0,1,0,0,1,0,1,0
1,0,1,0,0,1,0,0,0,0,0,1,0,0,0,0,0,0,1,1,1,1,0,0,0,0,1,0,1,0
1,0,0,1,0,1,1,1,0,1,0,1,0,0,0,0,0,0,0,1,0,0,0,1,0,0,0,0,1,0
1,0,1,0,0,1,1,0,0,0,0,1,0,1,0,0,0,0,0,0,0,0,0,1,0,0,0,0,1,0
1,0,0,0,1,1,1,0,1,0,0,0,0,0,0,0,1,0,1,0,0,0,1,1,0,0,0,0,0,0
1,1,1,1,0,1,1,0,0,1,0,1,1,1,1,1,1,1,1,0,1,1,0,0,1,0,1,1,1,1
1,0,1,1,0,1,0,1,1,1,1,1,1,0,1,1,0,1,1,1,0,1,0,1,0,0,1,1,1,1
0,0,1,0,0,1,1,0,1,1,0,1,0,1,0,0,0,0,1,0,1,1,1,1,0,0,1,0,1,0
0,1,0,0,0,0,0,0,1,0,0,0,0,0,0,1,0,0,0,0,0,0,0,1,1,0,0,0,0,0
1,1,0,0,0,1,0,0,0,0,0,1,0,0,0,0,0,1,0,0,0,0,1,1,0,0,0,0,1,0
1,0,0,1,0,1,1,1,1,1,0,1,0,1,0,1,0,0,1,1,0,1,1,1,0,0,1,0,1,0
1,1,1,1,0,1,1,1,1,1,0,1,1,1,1,1,0,1,1,1,1,1,1,1,1,1,1,1,1,1
0,0,0,1,0,0,0,1,1,1,0,1,0,0,0,0,0,0,1,0,0,0,0,1,0,0,0,0,1,0
0,1,0,0,0,1,1,0,1,0,0,1,0,0,1,1,0,0,0,1,0,0,0,0,0,0,1,0,1,0
1,0,1,1,0,0,1,1,1,0,0,1,0,1,0,0,0,1,1,1,1,1,0,1,0,0,1,1,1,0
0,0,1,0,0,1,1,1,1,1,0,0,0,1,0,0,0,0,0,0,1,0,1,0,0,0,1,0,0,0
0,0,1,1,0,1,1,0,0,1,0,1,0,0,0,1,0,0,1,0,0,0,1,1,0,0,1,1,0,0
1,0,0,0,1,1,1,0,0,0,1,1,0,0,0,1,0,1,1,1,1,1,1,1,0,1,1,0,1,1
1,1,1,0,0,1,1,0,0,0,0,1,0,1,0,0,0,0,1,0,1,1,0,1,0,0,0,0,0,0
1,1,1,1,1,1,1,1,1,1,0,1,1,0,0,1,1,1,1,1,0,1,1,1,1,1,1,1,1,1
1,1,0,0,0,1,1,1,1,1,1,1,0,1,0,1,0,0,1,0,1,0,1,1,0,0,1,0,1,1
1,0,1,0,0,1,1,0,0,1,0,1,0,0,0,0,0,0,0,1,0,0,0,1,0,0,0,1,1,0
1,0,0,0,0,1,0,1,0,1,0,1,0,0,1,0,0,0,1,0,0,1,0,1,0,0,0,0,1,0
1,0,0,1,0,1,1,0,1,0,0,1,0,0,1,1,1,0,1,1,0,0,1,0,0,0,1,1,0,0
0,0,1,1,0,1,0,0,0,0,0,0,0,0,0,0,0,0,0,0,0,0,0,0,0,0,0,1,0,0
1,1,1,1,0,1,0,1,0,0,1,1,0,0,0,1,0,0,1,1,1,0,0,1,0,0,1,1,1,1
1,0,1,0,1,0,1,0,0,0,0,1,0,0,1,0,0,0,0,0,0,1,1,0,0,0,0,0,0,0
0,1,0,0,0,0,1,1,0,1,1,1,0,0,0,1,0,1,0,0,0,0,0,1,0,0,0,1,1,0
0,0,1,0,0,1,0,0,1,0,0,1,0,0,1,0,0,0,1,0,1,0,1,1,0,0,0,0,0,0
1,0,0,0,0,1,1,1,0,1,0,1,0,0,0,0,1,0,1,1,1,0,1,0,0,0,1,0,0,0
1,0,0,0,0,1,0,1,0,1,0,1,0,1,0,0,0,0,1,0,1,1,1,1,0,0,0,0,0,0
1,1,0,1,0,1,1,1,0,1,0,1,0,1,1,1,0,0,0,0,1,1,0,1,0,0,1,1,1,0
0,0,0,0,1,0,1,0,0,0,0,0,0,0,0,0,0,1,0,0,0,0,1,0,0,0,0,0,0,0
1,1,0,0,1,0,0,0,0,0,0,1,1,0,1,0,0,0,1,0,0,0,0,1,1,0,0,0,1,0
1,0,0,1,0,1,1,1,0,1,0,1,0,0,1,0,1,0,0,0,0,1,0,1,0,0,0,1,1,0
1,0,1,1,0,1,1,0,1,0,1,0,0,0,0,0,0,0,1,1,1,1,0,1,0,0,1,0,1,0
1,1,1,1,1,0,0,0,0,0,0,1,0,0,1,1,0,1,1,1,0,1,0,0,0,0,0,1,1,0
1,0,0,0,0,1,0,1,1,0,0,1,0,0,0,0,0,0,0,1,0,1,0,0,0,0,1,0,1,0
1,0,1,0,0,1,1,1,0,1,0,0,0,1,0,1,0,0,1,0,0,0,0,1,0,0,1,0,0,0
0,1,0,1,0,0,0,1,0,0,0,1,0,0,0,1,0,0,0,1,0,0,1,1,0,0,0,0,1,0
1,1,1,1,1,1,1,1,1,1,1,1,1,0,0,1,1,1,1,1,1,1,0,1,1,1,0,1,1,1
1,0,1,1,0,1,1,1,1,1,1,1,0,0,1,1,0,0,1,0,0,0,1,1,0,1,1,1,1,0
1,0,1,0,0,1,0,0,0,0,0,1,0,1,0,1,0,0,1,1,1,0,1,1,0,0,0,0,0,0
1,1,1,1,1,0,1,1,1,1,0,1,1,1,1,1,1,1,1,1,1,1,1,1,1,1,1,1,0,1
0,0,0,0,0,1,0,1,0,1,0,1,0,0,0,1,0,0,0,0,0,0,0,1,0,0,0,0,1,0
1,1,1,1,0,1,1,0,1,1,0,1,0,1,0,1,0,0,1,1,1,1,1,1,0,0,1,1,1,0
1,0,0,0,0,1,0,0,1,0,0,0,0,0,0,0,0,0,1,0,0,0,0,0,1,0,0,0,0,0
1,1,1,0,0,1,1,0,0,1,0,1,0,1,0,1,0,0,1,0,1,1,0,0,0,0,0,0,0,0
1,0,0,1,0,0,1,0,1,1,0,1,0,0,1,0,0,0,1,0,0,0,0,1,0,0,0,1,1,1
1,0,1,0,1,1,1,1,1,0,0,1,0,1,0,1,0,1,1,0,0,0,1,1,0,0,1,0,0,0
0,0,0,0,0,1,0,1,1,1,0,0,0,0,0,0,0,0,1,1,0,0,1,0,0,0,1,0,0,0
1,1,1,1,1,1,1,1,0,1,1,0,1,1,1,1,0,1,0,0,1,1,1,1,0,0,1,1,0,1
0,0,0,1,1,0,0,0,0,0,0,1,0,0,1,0,1,0,0,0,0,0,0,0,0,0,0,0,0,0
1,0,0,0,0,0,0,0,1,0,0,1,1,0,0,0,0,0,1,0,1,0,0,0,0,0,1,0,0,0
1,1,0,1,0,1,1,0,1,1,0,1,0,1,1,1,0,1,0,0,0,1,0,1,1,0,1,1,0,1
1,1,1,1,0,1,1,1,1,1,0,1,1,1,1,1,0,0,0,1,1,1,1,1,1,1,1,1,1,1
0,0,1,0,0,1,1,0,0,1,0,0,0,0,0,0,0,0,1,1,0,1,0,1,0,0,0,1,1,1
1,1,1,0,0,0,0,1,0,0,1,1,0,0,0,0,1,0,0,0,0,0,0,0,0,1,0,0,1,1
0,0,0,1,1,1,1,0,1,0,1,1,1,1,0,1,1,1,0,0,0,0,0,1,1,0,1,1,1,0
0,0,1,0,0,1,1,1,1,1,0,1,0,1,0,0,0,0,0,0,1,1,1,1,0,0,1,0,1,0
0,0,0,0,0,1,0,1,0,1,0,0,0,0,0,0,0,0,0,0,1,1,0,1,0,0,0,0,1,0
1,0,1,1,0,1,1,1,0,1,1,0,1,0,1,1,0,1,1,1,0,0,0,1,0,0,1,1,0,1
1,0,1,0,1,1,0,0,0,0,0,1,0,0,0,1,0,0,1,1,1,0,0,0,1,0,0,0,0,0
1,1,1,0,0,1,0,0,0,1,0,1,0,1,0,1,0,0,1,0,1,0,0,0,0,0,1,0,1,0
1,0,1,1,0,1,0,1,1,1,1,1,0,1,0,1,0,0,1,1,0,1,0,1,1,1,1,1,1,0
1,0,1,0,0,0,0,0,0,0,0,1,0,0,0,0,0,0,1,1,0,0,0,1,0,0,0,0,0,1
0,0,1,0,0,1,1,0,1,1,0,1,0,1,0,0,0,1,0,0,0,0,0,0,0,0,1,0,1,0
0,0,0,0,0,0,0,1,0,1,0,1,0,0,0,0,0,0,1,1,0,0,0,0,0,0,0,0,0,0
1,0,0,1,0,0,0,0,1,1,0,0,0,0,0,0,0,0,1,0,0,0,0,1,0,0,0,0,1,0
1,1,1,1,1,1,1,0,1,0,1,0,0,1,0,0,0,1,1,1,1,1,1,1,0,0,0,1,1,0
0,0,1,1,0,0,0,0,0,1,0,0,0,0,0,1,0,0,1,1,0,0,0,1,0,0,0,0,1,0
1,0,0,0,0,1,1,0,1,1,0,1,0,0,0,0,0,0,1,1,0,0,0,1,0,0,1,0,1,0
1,0,1,1,1,1,1,1,1,1,0,1,1,0,0,1,0,1,1,1,1,1,0,1,0,0,0,1,1,0
1,0,1,0,0,0,0,0,1,0,0,1,1,0,0,1,0,0,1,0,0,1,0,1,0,0,0,0,0,0
1,0,0,0,0,1,1,1,1,1,1,1,1,1,1,1,0,0,1,1,1,1,1,1,1,1,1,1,1,1
1,1,0,1,0,1,0,1,0,0,0,1,0,0,0,0,0,0,0,1,0,1,1,0,0,0,0,0,1,0
1,1,0,0,0,0,1,0,0,1,0,0,0,0,0,0,0,0,1,0,0,0,0,1,0,0,0,0,0,0
1,0,0,0,1,0,1,0,0,0,0,0,0,0,0,1,1,0,0,1,0,0,0,0,1,0,0,0,0,0
1,1,0,1,0,1,1,1,0,1,1,0,0,1,1,1,0,1,1,1,0,1,1,1,0,0,0,1,1,0
1,0,0,0,0,0,1,0,0,0,0,0,0,0,0,0,0,0,1,0,0,0,0,0,0,0,1,0,1,0
1,0,0,0,0,0,0,0,0,1,0,0,0,0,0,0,0,0,0,0,1,1,0,1,0,0,1,0,1,0
0,0,1,0,0,0,0,0,0,0,0,1,0,1,0,0,0,0,1,0,0,0,0,0,0,0,0,0,1,0
1,1,1,0,0,1,1,1,0,1,0,1,0,1,1,1,0,0,1,0,1,0,1,1,0,0,1,0,0,0
1,1,1,1,0,0,0,0,0,0,0,1,0,1,1,1,0,0,0,1,0,0,0,1,0,0,1,1,0,0
1,0,0,0,0,1,1,1,1,0,0,0,0,0,0,0,0,0,0,0,0,0,0,1,0,0,0,0,1,0
0,0,0,0,1,1,1,1,1,1,1,1,0,1,0,0,0,0,0,0,0,0,1,1,0,0,1,1,0,1
0,0,1,0,1,1,0,0,0,0,0,1,1,1,0,1,1,1,1,1,1,1,1,1,1,0,1,0,1,1
0,0,0,0,0,1,0,0,0,0,0,1,0,1,0,1,0,0,1,0,0,1,0,0,0,0,1,0,0,0
0,0,1,0,0,1,0,0,1,1,0,1,0,1,0,1,0,0,1,1,1,0,0,1,0,0,1,0,1,0
1,1,0,1,0,1,1,0,0,1,0,1,0,0,1,1,0,0,1,1,0,0,0,1,1,0,1,1,0,0
1,0,0,0,0,1,1,1,1,1,0,1,1,1,0,1,0,0,1,1,1,1,1,1,0,0,1,0,1,1
1,1,1,0,0,1,1,1,1,1,1,1,1,0,0,1,0,0,0,1,1,1,1,1,1,0,1,1,0,1
1,1,1,0,0,1,0,1,0,1,1,1,0,1,0,1,0,1,1,0,0,0,1,1,0,0,0,1,0,0
0,0,0,0,0,0,1,0,1,1,0,0,0,0,0,1,0,0,0,0,0,0,0,0,0,0,1,0,1,0
1,0,1,0,0,1,1,1,1,0,0,1,0,1,0,0,0,0,1,0,1,1,1,1,0,0,0,0,1,0
1,0,0,0,0,0,0,1,0,0,1,0,0,0,0,0,0,0,0,0,0,0,1,0,0,0,1,0,1,0
1,0,0,0,0,1,1,0,1,1,0,0,0,0,0,1,0,0,1,0,0,0,0,0,0,0,1,1,0,0
1,1,1,0,0,1,1,1,0,1,1,1,1,1,1,0,0,1,1,1,1,1,0,0,0,0,1,1,0,1
0,1,1,0,0,1,0,0,0,0,0,1,0,0,0,0,0,0,0,0,0,0,0,0,0,0,0,0,0,0
1,1,1,1,1,1,1,0,1,1,0,0,1,1,1,1,1,1,1,1,1,1,1,1,1,1,0,1,1,0
1,1,1,1,0,1,0,1,0,0,0,1,0,1,0,0,0,0,1,0,0,0,0,1,0,0,1,1,0,1
1,1,1,1,0,1,1,1,1,1,1,1,1,1,0,1,1,1,1,1,1,0,1,1,0,0,1,1,0,1
0,1,0,0,0,0,0,0,1,0,0,1,0,1,0,0,0,0,0,0,1,0,0,1,0,0,0,0,0,0
0,0,1,1,0,1,0,0,0,1,0,1,0,1,0,0,0,0,1,1,1,1,1,1,0,0,0,0,0,1
1,0,1,1,0,1,1,1,1,1,1,1,0,1,1,1,0,0,0,0,1,1,0,1,0,0,1,1,1,1
1,0,0,0,0,0,1,0,0,0,0,1,1,0,0,0,1,0,0,0,0,0,0,1,0,0,0,0,1,1
0,0,1,1,0,1,1,0,0,0,0,1,0,1,0,1,1,0,1,1,0,0,0,1,1,0,1,1,1,0
1,1,1,0,0,1,1,1,0,1,0,1,1,1,1,1,0,1,1,1,0,1,1,1,1,1,0,1,1,1
1,1,1,1,1,1,1,1,1,1,1,1,1,1,0,1,1,1,1,1,1,1,1,1,1,1,1,1,1,1
1,0,0,0,0,1,1,0,1,1,1,1,1,1,1,1,0,0,0,1,1,1,1,1,0,0,1,1,1,1
1,0,1,0,0,1,1,1,1,1,1,1,1,1,0,0,0,0,1,1,1,1,1,1,1,1,0,1,1,0
0,0,1,0,0,0,0,0,1,0,0,0,0,0,0,1,1,0,0,0,1,0,0,1,0,0,0,0,0,0
1,1,0,1,1,1,1,1,1,1,1,1,1,1,0,0,1,1,0,1,0,1,1,1,1,0,0,1,1,0
1,0,1,1,0,1,0,1,1,1,0,1,0,1,0,0,0,0,0,1,1,1,0,1,0,0,0,0,0,0
1,1,1,1,0,1,1,1,1,1,0,1,0,0,0,1,1,0,0,0,1,1,1,1,1,1,1,1,0,0
1,0,0,0,0,0,0,0,1,1,1,0,0,1,1,0,0,0,1,0,0,0,0,0,0,0,1,1,1,0
1,0,0,1,1,1,0,1,1,0,0,0,0,0,0,0,0,0,0,0,0,0,0,0,0,0,1,1,0,0
0,1,1,1,0,1,0,0,0,0,1,1,0,0,0,1,0,0,1,0,1,1,0,0,0,0,1,0,1,0
1,0,1,0,0,0,0,0,1,1,0,1,1,1,0,1,0,0,1,1,1,1,1,1,0,0,1,0,0,0
1,1,1,1,0,0,1,1,1,0,1,0,1,0,0,0,0,0,0,0,0,0,0,0,0,0,1,0,1,0
1,1,0,1,0,1,1,1,0,0,0,1,0,0,0,0,0,0,1,1,0,0,1,1,0,0,0,1,1,0
1,0,1,0,0,0,1,1,1,1,1,1,0,0,0,1,1,0,0,0,1,1,1,1,0,0,1,0,1,0
0,0,1,0,1,1,0,0,0,0,0,1,0,1,0,1,0,0,1,0,1,1,1,1,0,0,1,0,0,0
0,1,1,0,1,1,1,1,0,1,1,1,1,1,0,0,0,0,1,1,0,0,1,1,0,0,1,0,1,1
0,0,1,0,0,1,1,0,1,1,0,0,0,0,0,0,0,1,0,0,1,0,0,1,0,0,0,0,0,0
0,0,0,0,0,0,0,0,0,0,0,1,0,0,0,0,0,0,1,0,1,1,0,0,0,0,0,0,0,0
1,0,1,0,0,0,0,1,0,1,0,0,0,1,0,1,0,0,0,0,1,1,0,1,0,0,1,0,1,0
0,0,0,1,0,1,1,0,0,0,0,0,1,1,0,0,0,1,1,1,1,0,0,1,0,0,0,0,1,1
0,0,0,0,0,1,1,0,1,0,0,1,0,0,1,1,1,0,0,0,0,0,0,1,0,0,0,1,1,0
1,1,0,1,0,1,1,1,0,1,0,1,0,0,1,1,0,1,1,0,0,0,1,1,0,0,0,1,1,1
0,0,0,0,0,0,0,1,0,1,0,0,0,0,0,1,0,0,0,0,1,0,0,0,0,0,1,0,0,0
1,1,1,0,0,1,1,1,1,1,1,1,1,1,0,1,0,0,1,1,1,1,1,1,0,0,1,0,1,0
1,1,1,0,0,1,1,1,1,1,1,1,0,0,0,1,1,0,1,1,1,1,1,1,1,1,0,1,0,0
1,0,1,0,0,1,1,0,1,1,1,1,1,0,0,0,0,0,1,0,0,1,0,0,0,0,0,0,1,0
1,0,0,1,0,1,1,1,1,1,0,1,0,1,1,1,0,0,0,0,0,1,1,1,1,1,0,1,1,0
1,0,1,0,0,1,0,0,0,0,0,0,1,0,1,0,0,0,1,1,0,0,0,0,0,0,0,0,0,0
1,0,0,0,0,1,0,1,0,1,0,1,0,0,0,0,0,0,1,1,0,1,1,1,0,0,1,0,0,0
1,1,1,1,0,1,1,1,0,1,1,1,0,1,1,1,0,1,1,0,1,1,1,1,0,0,1,1,0,1
1,0,0,0,0,1,0,0,0,1,0,1,0,1,0,1,1,0,1,1,1,0,0,0,1,0,1,0,0,0
0,0,0,0,0,1,0,0,0,0,0,0,0,1,0,1,0,0,0,0,0,0,0,1,0,0,0,0,0,0
1,0,0,0,1,1,0,1,0,1,0,1,0,1,0,1,0,1,1,1,0,1,1,1,0,0,0,1,1,0
1,1,1,1,1,1,1,1,1,0,1,1,1,1,0,1,1,1,0,1,1,1,1,0,1,1,1,1,1,1
0,0,1,0,1,1,1,1,0,1,1,1,0,1,0,1,0,0,0,1,1,1,0,1,0,0,1,0,1,1
1,0,1,0,0,1,1,1,1,1,0,1,1,0,0,1,0,0,1,1,0,0,0,1,0,0,1,0,1,0
1,0,0,1,1,1,1,0,1,1,0,1,1,1,0,1,1,1,1,1,1,1,1,1,1,0,0,1,1,0
1,0,0,1,0,0,1,1,1,0,0,0,0,0,0,1,0,0,1,1,0,0,0,1,0,0,1,0,1,1
0,0,0,1,0,1,0,1,0,0,0,0,0,0,0,0,1,1,0,0,0,1,0,0,0,0,0,0,0,0
1,0,0,0,0,1,1,1,1,1,1,1,1,0,0,0,0,1,1,1,0,0,1,1,1,0,1,1,1,1
1,1,0,1,0,0,1,1,0,1,1,1,0,1,0,1,0,1,0,0,0,0,0,1,0,0,0,1,1,0
1,0,1,1,1,1,1,0,1,1,1,1,1,1,1,1,1,1,0,1,1,0,1,1,1,1,0,1,1,0
1,1,1,0,1,1,1,1,0,1,1,1,1,0,1,1,0,1,1,1,1,1,1,1,1,1,1,1,1,0
0,0,1,1,0,0,0,1,0,0,0,0,0,1,1,1,1,1,1,0,0,1,0,0,1,0,0,1,1,0
0,0,0,0,0,0,1,0,0,0,1,1,0,0,0,1,0,1,0,0,1,1,0,1,0,1,1,0,0,0
1,0,0,1,0,1,0,0,0,1,1,1,0,0,1,1,0,0,0,0,0,0,0,1,0,0,0,1,1,1
0,0,0,0,0,1,1,1,1,1,0,1,0,0,0,0,0,0,0,0,0,0,0,0,0,0,0,0,1,0
1,0,0,0,0,1,0,0,0,0,0,0,1,0,0,0,0,0,0,0,1,0,0,0,0,0,1,0,1,0
1,0,1,0,0,0,0,0,1,1,0,1,0,1,0,0,0,0,1,0,0,1,0,1,0,0,0,0,0,0
1,0,0,1,0,0,0,1,1,1,0,1,0,1,0,1,0,0,1,0,0,1,1,1,0,0,1,1,0,0
0,1,0,0,0,1,1,0,0,0,0,1,0,0,0,1,0,0,1,1,0,1,0,0,1,0,0,1,0,0
1,0,0,0,0,1,0,0,0,0,0,1,0,0,0,0,0,0,0,0,0,0,0,1,0,0,1,0,0,0
1,0,1,0,0,1,1,1,0,1,0,1,1,1,0,1,1,0,1,0,1,1,0,0,1,1,0,0,1,0
1,1,0,0,0,0,1,0,0,0,0,1,0,1,0,1,0,0,0,1,1,0,0,1,0,0,1,0,0,0
1,1,1,1,1,1,1,1,1,1,1,1,1,1,1,1,0,1,1,1,1,1,1,1,0,0,0,1,1,1
1,1,1,0,1,1,1,0,1,1,1,1,1,1,0,1,0,0,1,1,1,1,1,1,0,0,1,1,1,1
1,0,1,1,1,1,1,1,1,1,0,1,0,1,1,1,1,1,1,1,0,0,1,0,1,1,1,1,0,0
1,0,0,1,0,1,1,1,0,1,1,0,1,1,1,1,0,1,1,1,1,0,1,1,0,0,1,1,1,1
1,0,1,0,0,1,1,1,1,1,1,1,1,0,0,1,0,0,0,0,1,1,1,1,1,0,1,0,1,1
0,0,0,0,0,0,0,0,1,0,1,0,0,0,0,0,0,0,0,0,0,0,0,1,0,0,1,0,1,0
0,0,0,0,0,0,1,0,0,0,0,1,0,0,0,0,0,0,1,0,0,1,1,1,1,0,1,0,1,0
1,1,1,1,1,0,0,0,0,0,0,1,0,0,1,1,0,1,1,0,0,0,0,1,0,0,1,1,1,0
1,1,0,1,1,1,1,0,0,1,1,1,1,0,1,1,0,1,1,1,1,0,1,1,1,0,1,1,1,1
1,0,1,0,0,1,0,0,0,0,0,0,0,0,1,0,0,0,1,0,0,1,0,0,0,0,0,0,1,0
1,0,0,0,0,1,1,0,0,0,0,1,0,0,0,1,0,0,0,0,0,0,0,0,0,0,0,0,1,1
1,0,0,1,0,1,1,1,0,1,0,1,0,0,1,0,0,0,0,1,1,1,1,1,0,1,1,1,0,1
0,0,0,0,1,1,1,0,1,0,0,1,0,0,0,0,0,0,1,1,1,0,1,1,0,0,1,0,1,1
1,1,1,1,1,1,1,1,1,1,1,1,1,1,1,0,0,1,1,0,0,1,1,1,1,1,1,0,0,1
1,1,1,1,0,1,1,1,1,0,0,1,0,0,1,1,0,0,1,1,0,1,0,0,0,1,1,1,1,0
1,1,1,1,1,1,1,1,1,1,1,1,1,1,0,1,0,1,1,1,1,1,1,1,1,0,1,1,1,1
0,0,0,0,1,1,1,0,1,1,0,1,0,0,0,1,0,0,0,0,0,0,0,0,0,0,0,0,0,0
0,0,1,0,0,0,0,0,0,0,0,0,0,0,1,0,0,0,0,0,1,0,1,1,0,0,0,1,1,0
1,0,1,0,0,1,1,1,1,0,1,1,1,1,0,1,0,1,1,1,1,1,0,1,0,0,1,0,1,0
0,0,0,0,0,0,1,1,1,0,0,0,0,0,0,0,0,0,1,0,0,0,0,0,0,0,0,0,0,0
0,0,1,0,0,1,0,0,1,0,0,1,0,0,0,0,0,1,1,0,0,1,0,0,0,0,0,0,0,0
0,0,0,0,0,1,1,1,1,1,1,1,1,0,0,1,1,0,1,1,1,0,1,1,1,1,1,0,1,1
1,0,0,0,0,1,1,0,1,0,0,1,0,0,0,1,0,0,1,0,0,0,0,1,0,0,0,0,0,0
0,0,1,0,0,1,0,0,1,1,0,1,0,1,0,1,0,0,0,0,0,0,0,0,0,0,0,1,1,0
1,0,0,1,0,1,1,0,1,0,1,1,0,0,1,1,0,0,0,0,0,0,0,1,0,0,1,1,1,0
1,1,0,1,0,1,1,1,1,1,1,1,1,1,1,1,0,0,1,0,1,1,0,1,1,1,1,1,1,0
1,0,0,1,0,0,0,0,0,1,0,0,0,0,1,0,0,0,0,0,0,0,0,0,0,0,0,1,0,0
0,0,0,0,0,1,1,1,1,0,0,1,1,0,0,1,0,0,0,1,1,1,0,0,0,0,0,0,1,1
1,1,1,1,1,1,1,1,0,1,1,1,1,0,1,1,1,1,0,1,0,1,1,1,1,1,1,1,1,1
1,1,0,1,0,1,1,0,1,0,0,1,1,1,1,1,1,1,1,1,1,1,1,1,1,1,0,1,0,1
1,1,1,0,0,1,1,1,1,1,0,1,1,1,0,0,0,0,0,0,1,1,0,0,0,0,0,0,1,0
1,0,1,1,0,1,1,1,1,1,1,1,0,1,1,1,0,0,1,1,1,0,1,1,0,0,1,1,1,0
1,0,0,0,0,1,1,1,1,1,0,1,0,1,0,0,0,0,1,1,1,0,0,0,0,0,0,0,1,1
1,0,1,0,1,0,0,1,1,1,1,1,0,0,1,0,0,0,1,0,0,1,1,1,1,0,0,0,1,0
1,0,1,1,0,1,0,0,1,0,0,1,1,0,0,1,0,0,0,1,0,1,1,1,0,0,1,1,1,1
1,1,1,1,1,1,1,1,1,1,1,1,1,1,1,1,1,1,1,1,1,1,1,1,1,1,1,1,0,1
1,1,1,1,1,1,1,1,1,1,1,1,1,1,1,1,0,1,1,1,1,1,1,1,0,0,1,1,0,1
0,0,1,0,0,1,1,1,1,1,0,0,0,1,0,1,0,0,1,1,1,1,1,1,0,0,0,0,1,0
1,1,0,1,1,1,1,0,1,0,1,0,1,1,0,1,1,1,1,0,1,1,0,0,1,1,1,1,1,1
1,1,1,0,0,1,1,1,0,1,0,1,0,1,0,0,0,0,1,0,1,1,0,0,0,0,1,0,0,0
0,0,1,1,0,0,1,1,1,0,0,1,0,0,1,0,0,0,0,1,0,0,0,1,0,0,1,0,0,1
1,1,0,0,0,1,0,0,1,1,0,1,0,0,0,0,0,0,0,0,0,0,1,1,0,0,0,0,0,0
0,0,0,0,0,1,1,0,0,1,0,0,0,0,0,0,0,0,0,0,0,1,1,1,0,0,0,0,1,0
1,0,1,1,1,0,0,0,1,0,0,1,0,0,1,1,0,0,1,1,0,0,0,1,0,0,1,1,0,0
1,0,1,1,0,1,1,0,1,1,0,1,0,1,1,1,0,0,0,0,1,0,0,1,0,0,0,1,1,0
1,1,0,0,0,1,1,0,0,0,0,1,0,0,0,0,0,0,0,1,0,0,1,1,0,0,1,0,1,0
1,0,1,0,0,0,0,0,0,0,0,1,0,0,0,0,0,0,1,1,1,1,0,1,0,0,1,0,1,0
1,1,0,1,0,1,1,1,1,1,0,1,0,0,1,1,1,0,1,0,0,0,1,1,0,0,1,0,0,0
1,0,1,1,0,1,1,1,1,1,1,1,1,1,0,1,1,0,1,1,1,0,0,0,0,0,1,1,0,1
1,0,1,1,0,1,1,1,0,1,1,1,1,1,1,1,0,0,1,0,0,1,1,1,0,0,1,1,0,1
1,0,1,1,0,1,1,1,0,1,0,1,0,0,0,0,0,0,0,1,0,0,1,1,0,0,0,1,1,0
1,0,1,1,1,0,0,1,1,0,1,1,0,1,0,1,0,0,1,1,1,1,1,1,0,0,1,0,1,1
1,1,1,1,1,1,1,1,1,1,1,1,1,1,0,1,1,1,1,1,1,0,0,1,0,0,1,1,1,0
1,1,1,1,1,1,1,0,1,0,0,1,1,1,1,1,1,1,1,1,0,1,0,0,1,1,1,1,1,1
1,1,1,1,1,0,0,0,1,0,0,1,1,1,1,1,1,1,1,0,0,1,0,1,1,1,1,0,1,1
1,0,1,1,0,1,1,1,1,0,1,1,0,1,0,0,0,0,1,1,1,1,0,1,0,0,0,1,1,0
1,0,1,0,0,1,1,0,1,0,0,0,1,0,1,0,0,0,0,1,1,0,1,0,1,0,1,1,1,1
1,0,1,0,1,1,1,1,0,1,1,1,1,1,0,1,1,0,1,1,0,0,1,1,1,0,1,0,1,0
1,0,1,1,0,1,1,0,1,1,0,1,0,1,1,1,0,0,0,1,0,0,0,1,0,0,1,1,1,0
0,0,0,0,0,1,1,1,1,0,0,1,0,0,0,0,0,0,0,0,0,1,0,1,0,0,0,0,1,0
1,0,0,0,0,1,0,0,1,0,0,1,0,1,0,0,0,0,0,1,0,1,1,1,0,0,0,0,0,0
1,0,1,1,0,1,1,1,1,1,1,1,0,0,0,1,0,0,1,1,1,0,0,1,0,0,1,1,1,0
0,1,0,0,0,1,1,1,0,1,0,1,0,0,0,0,0,0,0,0,0,0,0,1,0,0,0,0,1,1
0,0,0,0,0,1,1,0,0,0,0,0,0,0,0,0,0,0,1,0,0,1,0,0,0,0,0,0,1,0
0,0,0,1,0,0,1,0,0,1,1,1,0,1,0,1,0,0,0,1,1,1,0,0,0,0,0,0,0,1
0,1,0,0,0,1,0,0,1,0,0,1,0,0,1,1,0,0,1,0,1,0,0,1,0,0,0,1,0,0
0,0,0,0,0,1,1,0,0,1,0,0,0,0,0,0,0,0,0,0,0,0,0,0,0,0,1,1,1,1
1,0,1,1,1,1,1,0,1,0,1,1,1,0,1,1,1,1,1,1,0,1,1,1,0,0,0,0,1,1
1,0,0,1,0,1,0,1,0,1,0,0,0,1,1,0,0,0,0,0,0,1,0,1,1,0,0,1,1,0
1,0,1,0,0,1,0,0,0,0,0,0,0,0,0,0,0,0,0,0,0,0,0,0,0,0,0,0,0,1
1,1,1,0,0,1,0,1,0,1,0,1,0,1,1,0,0,0,0,1,0,0,0,1,0,0,1,1,1,0
1,0,0,0,0,0,0,1,0,0,0,1,0,1,1,0,0,0,1,1,1,0,1,0,0,0,0,0,1,0
1,0,1,0,0,1,1,1,1,0,0,1,0,1,0,0,0,0,0,1,0,1,1,1,0,0,1,0,0,0
1,1,1,1,1,1,1,0,0,0,1,1,0,1,1,1,1,1,0,1,1,1,1,1,1,1,0,1,1,0
1,0,0,1,0,1,0,0,1,1,0,1,0,1,1,1,0,0,0,1,1,0,0,1,0,0,1,1,1,0
1,1,1,1,0,1,1,1,1,1,0,1,1,1,1,1,1,1,1,1,1,1,1,1,1,1,1,1,1,0
0,0,0,0,0,1,1,1,1,0,0,1,0,0,0,0,0,0,0,0,0,0,0,1,0,0,0,0,0,0
1,0,1,0,0,1,1,0,0,1,1,1,0,0,0,0,0,1,0,0,0,0,1,1,0,0,1,0,1,0
1,0,0,0,0,0,0,1,0,0,0,1,0,0,1,0,0,0,0,0,0,0,0,0,0,0,0,0,0,0
1,0,1,0,0,1,1,1,1,1,0,1,0,0,0,1,0,0,1,0,0,1,0,1,0,0,1,0,1,0
1,1,1,0,1,1,0,1,1,1,1,1,1,0,0,1,0,1,1,1,0,1,1,1,0,0,1,1,1,1
0,0,1,0,0,1,0,0,0,0,0,1,0,1,0,1,0,0,1,0,1,0,0,1,0,0,1,1,1,0
0,0,0,0,1,1,0,0,0,0,1,1,0,0,0,0,0,0,0,1,0,0,0,0,0,1,0,1,1,0
1,0,0,0,0,1,1,0,1,0,0,0,0,0,0,0,0,0,1,0,0,1,0,1,0,1,0,0,0,0
1,0,1,0,0,1,0,1,1,1,0,1,0,0,0,0,0,0,1,0,0,0,1,1,0,0,1,0,0,0
1,1,1,1,0,1,1,1,1,1,1,1,1,1,0,1,1,1,1,1,1,0,1,1,0,0,1,1,1,0
1,1,1,0,0,1,1,1,1,0,0,1,0,1,0,1,1,0,0,1,1,1,0,0,1,0,1,0,1,0
0,1,1,1,1,1,1,1,0,0,0,1,1,1,1,0,1,0,0,1,0,0,0,1,0,0,0,1,1,0
1,0,0,1,0,1,1,0,0,1,0,1,0,0,1,1,0,0,1,1,0,0,1,1,1,0,1,1,1,0
0,0,0,0,0,1,0,0,0,0,0,1,1,0,0,0,0,0,0,0,0,1,0,1,0,0,0,1,1,0
1,0,1,0,1,1,1,1,1,1,0,1,1,0,1,1,0,1,1,1,0,1,1,1,1,1,1,1,0,0
0,0,1,1,0,1,1,0,0,1,1,1,1,0,0,1,1,1,1,0,1,1,1,1,1,1,1,1,1,1
1,1,1,1,0,1,0,1,0,1,0,1,0,0,0,1,0,0,1,0,0,0,1,1,1,0,0,1,0,0
1,1,1,1,0,1,0,0,0,1,0,1,0,1,0,0,1,0,1,1,1,1,1,1,1,0,1,1,1,0
1,0,0,0,0,1,1,1,1,1,0,0,0,0,0,1,0,0,0,1,0,0,1,1,1,0,0,0,0,0
0,0,0,1,0,0,0,1,0,1,0,0,0,1,1,1,1,0,1,1,0,0,1,1,0,0,1,1,1,0
1,0,0,1,0,1,1,0,0,1,0,0,0,1,1,1,0,0,1,0,0,0,1,1,0,0,1,1,0,1
0,0,0,0,0,0,0,1,0,0,0,0,0,0,0,1,0,0,1,0,0,0,0,0,0,0,0,0,1,0
1,1,1,1,1,1,1,1,1,1,1,1,1,1,1,1,1,1,1,1,1,1,1,1,1,1,1,1,1,1
1,1,1,1,0,1,1,0,0,0,0,1,0,1,1,1,0,0,1,1,1,0,0,1,0,0,0,1,0,0
0,0,0,0,0,1,0,0,0,1,0,1,0,0,0,1,0,0,1,0,0,0,0,1,0,0,1,0,1,0
0,1,0,1,0,1,1,0,0,1,0,0,0,0,1,1,0,0,0,0,0,1,1,1,0,0,0,1,1,0
1,1,1,1,1,1,1,1,1,1,1,1,1,1,1,1,0,1,1,1,1,1,1,1,0,0,1,1,1,1
1,0,1,1,1,1,0,1,1,1,1,1,1,1,1,1,1,1,1,1,1,1,1,1,1,1,0,1,1,1
0,0,0,0,0,1,1,1,0,1,1,1,0,1,0,1,1,1,1,1,1,1,1,1,0,0,0,1,1,0
1,0,0,0,0,1,1,1,1,1,1,1,0,1,1,0,0,0,1,0,1,1,1,1,0,0,1,1,1,1
1,0,1,1,0,1,1,0,0,1,0,1,0,1,1,1,0,0,0,0,1,0,1,1,0,0,0,1,1,0
1,0,1,0,0,1,1,0,1,0,0,0,0,0,0,0,0,0,0,1,0,1,0,1,0,0,0,0,0,0
1,0,0,0,0,1,1,0,0,0,0,1,0,0,1,1,0,0,0,0,0,0,1,1,0,0,0,0,0,0
1,1,0,1,1,1,1,1,0,1,0,0,0,0,0,0,1,1,0,0,0,0,0,1,1,0,1,1,0,0
1,0,1,1,0,1,1,0,1,1,1,1,0,1,0,0,0,1,0,0,0,0,0,0,0,0,0,1,1,1
1,0,1,1,0,1,1,0,1,1,1,1,1,0,0,1,0,0,0,1,0,1,0,1,0,1,0,0,1,1
0,0,1,0,0,1,1,0,1,0,0,1,0,0,0,1,0,1,1,1,0,1,1,1,1,1,0,1,1,0
1,1,1,0,0,1,1,0,0,1,0,1,0,1,0,0,0,0,1,0,1,0,1,1,0,0,1,0,0,1
1,1,1,1,1,1,1,1,1,1,1,1,1,1,1,1,1,1,1,1,1,1,1,1,1,1,1,1,1,1
0,0,1,0,0,1,0,1,1,1,0,1,0,0,0,0,0,0,1,1,1,0,0,0,0,0,1,0,1,0
0,0,1,0,0,1,1,0,1,0,0,1,0,0,0,0,0,0,1,1,1,1,0,1,0,0,1,0,0,0
1,1,0,0,0,1,0,0,0,1,0,1,0,0,0,1,0,0,0,0,1,0,0,1,0,0,0,0,0,0
1,0,1,0,1,1,1,0,0,0,0,1,1,0,0,0,0,0,1,0,0,0,0,1,0,0,1,0,1,0
1,1,1,0,1,0,1,0,1,1,1,1,1,1,0,1,1,1,1,0,1,1,1,1,1,1,1,1,0,1
1,0,1,1,0,1,0,1,0,1,0,0,0,0,1,1,0,0,1,1,0,0,1,1,0,0,0,1,1,1
0,0,1,0,0,1,1,0,1,0,0,0,0,0,0,0,0,1,1,1,0,1,1,0,0,0,1,1,1,0
0,1,0,0,0,0,1,0,0,0,0,1,0,0,0,0,1,0,0,0,0,0,1,1,1,0,0,0,0,1
1,0,0,0,0,1,1,0,1,1,0,1,0,0,0,0,0,0,0,0,0,0,0,1,0,0,0,0,1,0
1,0,1,1,1,1,1,1,1,1,1,1,1,1,0,1,1,1,0,1,0,0,1,1,0,0,0,1,1,0
0,0,0,0,0,1,0,1,0,1,0,1,0,0,0,0,0,1,0,1,0,0,0,1,0,0,0,0,0,0
1,1,0,1,0,1,0,0,0,1,0,1,0,0,0,1,0,0,0,1,1,0,0,1,0,0,0,0,0,0
0,0,0,0,0,0,0,0,1,0,0,1,0,0,0,1,1,1,1,0,0,0,0,0,0,1,1,0,0,0
0,0,1,1,0,1,1,0,1,1,0,1,1,0,1,1,0,1,1,1,0,0,0,1,0,0,1,0,1,0
1,0,0,1,0,1,1,1,1,1,0,0,0,0,1,1,1,0,0,0,1,1,1,1,0,0,1,1,1,0
1,0,0,1,0,1,0,0,0,1,0,1,0,0,1,1,0,0,1,1,1,0,0,1,0,0,0,0,1,0
1,0,1,1,0,1,0,0,0,1,1,0,1,0,1,1,0,1,1,0,0,1,1,1,0,0,1,1,1,1
1,1,1,0,0,1,1,1,0,1,0,1,0,1,0,1,0,0,1,1,1,1,1,1,0,0,1,0,1,0
1,0,0,1,0,0,1,0,1,0,0,1,0,0,1,1,0,0,1,0,1,0,1,0,0,0,1,1,0,0
1,0,1,1,0,1,1,0,0,1,1,0,0,1,1,1,0,0,0,1,0,1,0,1,0,0,0,1,1,0
1,1,1,1,0,1,0,0,0,1,0,1,0,1,1,1,0,0,1,1,0,1,1,1,0,0,1,1,0,0
0,0,1,0,0,1,0,0,0,0,0,0,0,0,0,0,0,0,0,0,1,1,0,0,0,0,0,0,0,0
1,1,1,0,1,1,0,0,0,0,0,1,0,1,0,0,0,0,0,0,0,0,0,1,0,0,1,0,1,0
1,0,1,0,0,1,1,1,0,1,0,1,0,1,0,1,0,0,1,1,0,1,1,1,0,0,0,0,1,0
0,0,0,0,0,1,0,1,0,0,0,0,0,0,0,0,0,0,0,0,0,0,0,1,0,0,0,0,0,0
0,0,1,0,0,0,0,0,1,1,0,0,0,0,0,0,0,0,1,0,0,0,0,0,0,0,1,0,0,0
0,0,0,0,0,1,0,0,1,0,0,0,0,0,0,1,0,0,0,0,0,0,0,1,0,0,1,0,1,0
0,0,0,1,0,1,0,0,1,1,0,1,0,0,0,0,1,0,0,0,0,0,0,1,0,0,0,0,1,0
0,0,0,1,0,1,1,0,0,1,0,0,0,1,1,1,0,0,0,1,0,1,0,0,0,0,0,1,1,1
1,0,1,1,0,1,1,0,1,0,0,1,0,1,1,1,1,0,1,1,0,1,1,1,1,0,0,1,0,1
1,1,0,0,0,1,1,1,0,1,0,1,0,1,0,1,0,0,1,0,0,0,1,1,0,0,1,1,0,0
0,0,0,0,1,1,0,1,0,1,0,1,0,0,0,1,0,0,0,0,0,0,0,1,0,0,0,0,1,0
1,0,1,0,0,1,1,1,0,0,0,1,0,0,0,1,0,0,1,0,1,1,1,1,0,0,0,0,0,0
1,1,0,0,0,0,0,0,0,0,0,1,0,0,0,1,0,0,1,0,0,1,0,0,1,0,0,1,0,0
0,0,1,0,0,1,1,1,1,1,1,1,1,1,0,1,0,0,0,1,1,1,1,1,0,1,1,0,1,1
1,0,1,1,0,0,1,1,1,0,0,1,0,0,1,1,0,0,0,1,0,0,0,1,0,0,1,0,1,0
1,0,1,1,0,1,1,1,0,0,0,1,1,1,1,1,0,0,1,1,1,1,1,1,0,0,1,1,0,1
1,1,1,1,1,1,1,1,1,1,1,1,1,1,1,1,0,1,1,1,1,1,1,1,1,1,1,1,0,1
1,0,0,0,0,1,1,0,0,1,0,1,1,1,0,0,0,0,1,0,1,1,0,1,0,0,0,1,1,1
1,0,1,0,0,1,1,0,1,0,0,0,0,0,0,0,0,0,0,0,1,0,0,1,0,0,0,0,1,0
1,0,1,0,1,1,1,1,0,1,0,1,1,1,0,0,0,1,1,0,1,1,1,1,0,0,1,0,1,1
1,0,0,0,0,1,1,0,1,0,1,1,1,1,0,0,0,0,1,1,1,0,0,0,0,0,1,0,0,1
1,1,1,1,0,1,1,1,1,1,0,1,1,1,1,1,1,0,1,1,1,1,1,1,1,1,1,1,0,1
1,1,1,1,0,1,1,0,1,0,1,1,1,1,1,0,1,1,1,1,1,1,1,1,1,1,0,1,1,1
0,0,1,0,0,1,0,0,0,1,1,1,1,0,0,1,0,0,1,1,1,1,1,1,1,1,1,1,1,1
1,0,1,0,0,1,1,1,1,1,0,1,0,1,0,0,0,0,1,0,0,0,1,1,0,0,0,0,1,0
1,1,0,1,0,1,1,1,0,0,0,1,0,0,1,0,0,0,0,0,0,0,0,0,0,0,0,1,0,0
1,1,1,1,0,1,0,1,1,1,0,1,1,1,1,1,0,0,1,0,1,0,0,1,0,0,1,1,0,1
1,0,1,0,0,1,1,1,1,1,0,1,0,0,1,1,0,0,1,1,0,0,0,1,0,0,1,0,1,0
1,0,1,1,0,1,1,0,0,1,1,1,0,0,0,0,0,0,1,0,0,1,1,1,0,0,1,1,0,1
1,0,0,0,0,0,0,0,0,1,0,1,0,0,0,1,0,0,0,1,0,0,0,1,0,0,0,1,0,0
0,0,1,0,0,0,0,0,1,0,0,1,0,0,0,1,0,0,1,1,0,0,0,1,0,0,1,0,1,0
1,1,1,0,1,1,1,1,1,1,1,1,1,1,1,1,0,1,1,1,1,1,1,1,1,1,1,0,1,1
1,0,1,1,0,1,0,1,1,1,1,1,1,1,0,0,0,1,1,1,1,0,1,1,0,0,0,0,0,1
0,0,1,0,1,0,1,0,0,0,0,0,0,0,0,0,0,0,0,0,0,1,0,0,0,0,1,0,0,0
1,0,1,1,0,1,1,0,0,1,0,0,0,0,1,1,1,0,1,1,0,0,0,1,0,0,1,1,1,0
0,1,1,1,0,0,0,0,1,0,0,0,0,0,1,1,0,0,0,1,0,1,0,1,0,0,0,0,1,0
1,1,1,1,0,0,0,1,1,0,0,1,0,0,0,1,1,0,1,1,0,0,0,0,1,0,0,0,1,0
1,1,1,1,1,0,1,1,1,0,1,1,1,1,1,1,0,1,1,0,0,0,1,1,0,0,1,1,1,1
1,0,1,1,0,0,0,0,0,0,0,1,0,1,1,1,0,0,0,0,1,1,1,1,1,0,1,1,0,0
1,0,0,0,0,1,0,1,0,0,0,0,0,0,0,0,0,0,0,0,1,0,0,0,0,0,1,0,0,1
0,0,0,0,0,1,0,1,0,0,1,1,0,0,0,0,0,0,0,0,0,0,0,1,0,0,0,0,1,1
0,0,0,0,0,0,0,1,0,0,0,1,0,1,1,0,0,0,0,0,1,0,0,0,0,0,1,0,0,0
1,1,1,1,1,1,1,1,1,1,1,1,1,1,0,1,0,1,1,1,1,1,1,1,1,0,1,1,1,1
0,1,1,1,0,1,1,1,0,0,0,1,0,0,1,1,1,0,1,1,1,0,0,0,1,0,1,1,1,0
0,0,0,1,0,1,0,0,1,0,0,1,0,0,0,0,0,0,0,0,0,1,0,0,0,0,0,1,1,1
1,0,0,0,1,1,1,0,0,1,0,1,0,0,0,0,0,1,1,1,0,0,0,1,0,0,0,0,1,0
1,1,0,0,1,1,0,1,1,1,0,1,0,1,0,1,0,0,0,1,0,0,0,1,0,0,1,0,1,0
1,1,1,1,1,1,1,0,1,1,1,1,1,0,1,1,1,1,0,1,1,1,1,1,1,1,0,1,1,1
1,0,1,0,0,1,0,1,0,0,0,1,0,1,0,1,0,0,1,0,0,1,0,0,0,0,0,0,1,0
1,1,0,0,0,1,1,0,0,1,0,1,0,0,0,0,0,0,1,1,1,1,0,1,0,0,1,0,1,1
1,0,1,1,1,1,0,1,0,1,1,1,0,1,0,0,1,1,1,0,0,1,1,0,0,0,0,1,0,1
1,0,0,0,1,0,1,1,1,1,0,1,0,0,0,1,0,0,0,1,0,0,1,1,0,0,1,0,0,0
1,1,1,0,0,1,1,1,1,1,0,0,1,0,1,1,0,0,1,1,1,1,1,1,0,0,1,1,1,0
1,1,0,0,0,1,1,0,0,0,0,0,0,1,0,0,1,0,1,1,0,1,0,0,1,0,1,0,1,0
1,1,0,1,1,1,1,1,1,1,1,1,1,1,1,1,0,1,1,1,0,1,1,1,1,1,1,1,0,1
0,1,0,1,0,0,1,0,0,0,0,0,0,0,0,1,0,0,0,0,0,0,0,1,0,0,0,0,0,0
0,0,1,0,0,1,0,1,0,0,0,1,0,1,0,0,0,0,0,0,0,0,1,1,0,0,1,0,0,0
1,1,0,0,0,0,1,0,0,0,0,1,0,1,1,1,0,0,1,0,0,0,1,1,1,0,1,1,1,0
1,1,0,1,0,1,1,1,0,0,1,1,0,1,0,1,0,0,0,0,1,0,0,1,0,1,1,0,0,0
1,0,1,1,0,1,1,1,1,0,1,1,1,0,1,1,0,1,1,1,1,1,1,1,1,1,1,1,1,1
0,0,0,1,0,1,0,0,0,0,0,1,0,0,0,0,0,0,1,1,1,1,0,0,0,0,0,1,1,0
1,0,1,0,0,1,1,0,1,0,0,1,0,0,0,0,0,0,1,0,0,0,0,1,0,0,0,0,0,0
1,1,1,0,0,1,1,1,1,1,0,0,0,0,0,1,0,0,1,1,0,1,1,1,0,0,1,0,0,1
1,1,1,1,1,1,1,0,0,1,0,1,1,1,1,0,1,1,1,1,0,1,0,1,1,0,1,1,1,1
0,1,0,0,0,1,1,0,1,1,0,0,0,0,0,0,0,0,0,0,0,0,0,0,0,0,0,0,0,0
1,0,1,0,0,1,1,1,1,1,0,1,0,0,0,0,0,0,1,1,1,1,1,1,0,0,1,0,1,0
1,0,0,1,1,1,1,0,0,1,0,1,1,1,0,1,0,1,1,1,1,0,1,1,0,0,1,1,1,0
1,0,0,0,1,1,0,1,0,1,0,1,0,1,0,1,0,1,0,1,0,1,1,1,1,0,1,0,1,0
1,1,1,1,1,1,1,1,1,1,1,1,1,1,1,1,1,1,1,1,1,1,1,1,1,1,0,1,1,1
1,0,0,0,0,1,0,0,0,0,0,1,0,0,0,0,0,0,1,0,0,1,0,0,0,0,0,1,1,0
0,0,0,0,0,1,0,1,1,0,0,0,0,0,0,0,0,0,0,0,0,1,0,0,0,0,0,0,1,1
1,0,0,0,0,1,0,0,0,1,0,1,0,0,0,0,0,0,1,1,1,0,1,1,0,0,1,0,1,0
0,1,0,0,0,1,0,0,0,1,1,1,1,0,0,0,0,0,0,0,0,0,0,1,0,0,0,0,1,0
1,0,0,1,0,1,1,0,0,1,0,1,0,1,0,1,0,0,1,1,1,0,1,1,0,0,0,0,1,0
0,0,0,0,0,1,1,0,0,1,0,1,0,1,1,1,1,0,0,0,1,0,0,1,1,0,1,1,0,1
1,1,0,1,0,1,1,1,1,0,0,1,0,0,0,0,0,0,1,0,0,0,0,1,0,0,0,0,0,0
1,1,1,1,1,1,1,1,1,1,1,1,1,1,1,1,1,1,1,1,1,1,1,1,1,1,1,1,1,1
1,1,1,1,1,1,1,1,1,1,1,1,1,1,1,1,0,1,1,1,0,0,1,1,0,0,0,1,1,1
0,0,0,0,0,1,0,0,0,1,0,0,0,0,0,0,0,0,0,0,0,0,0,1,1,0,0,0,1,0
1,0,1,0,1,1,1,1,1,1,0,1,0,0,0,0,0,0,1,1,0,0,0,1,0,0,0,0,1,0
1,0,0,1,0,1,1,1,0,1,0,1,0,1,1,1,0,0,0,0,0,0,1,1,0,0,0,1,1,0
1,0,1,1,0,1,1,1,1,1,0,1,0,1,0,1,0,0,1,1,0,0,1,1,0,0,1,0,1,0
0,0,1,1,0,1,1,1,1,1,0,1,0,0,0,1,0,1,1,1,1,0,1,1,0,0,0,1,0,0
1,1,1,1,0,1,1,1,1,1,1,1,1,0,1,1,0,1,1,1,0,0,0,0,0,0,1,1,1,1
1,1,1,0,0,0,0,1,0,0,0,0,0,0,1,0,1,0,0,0,0,0,0,0,1,0,0,0,1,0
1,0,0,1,1,1,1,1,1,0,1,1,1,0,1,1,0,1,1,0,0,1,1,1,0,0,1,1,0,0
0,0,1,0,0,0,0,1,1,1,0,1,0,0,0,0,0,0,0,1,0,0,1,1,0,0,1,0,1,0
0,0,1,0,0,1,1,1,0,0,0,1,0,1,0,1,0,0,1,0,1,1,1,1,0,0,1,1,1,0
1,0,1,0,0,1,0,1,1,0,0,1,0,1,0,0,0,0,1,0,0,0,1,0,0,0,0,0,1,0
1,0,1,1,0,1,1,0,0,0,0,1,0,1,1,1,0,0,1,0,1,1,1,1,0,0,1,1,0,0
1,0,0,1,0,1,1,1,0,1,1,1,0,1,1,0,0,0,1,0,0,0,1,1,0,0,1,1,1,0
1,0,0,1,0,1,1,1,1,1,0,1,0,1,1,1,1,0,0,1,1,0,1,1,1,0,1,1,0,1
0,1,1,0,0,1,1,0,0,1,0,1,0,0,1,1,1,0,1,0,0,0,0,0,0,0,1,1,1,0
1,0,1,0,0,0,0,0,0,1,1,0,1,1,0,1,0,1,1,1,0,1,0,1,0,0,1,0,1,1
1,1,0,0,0,1,1,1,0,1,1,1,0,1,1,1,0,1,1,1,0,1,0,1,0,0,0,1,1,0
1,0,1,1,0,0,1,1,0,1,0,1,0,1,1,1,0,0,0,1,0,1,1,1,0,1,1,1,1,1
1,1,1,1,1,1,1,1,1,1,1,1,1,0,1,1,1,1,1,1,0,0,0,1,1,1,0,1,1,1
1,0,0,0,0,1,1,1,1,0,0,1,0,1,0,1,0,0,1,1,1,1,1,1,0,0,1,0,0,0
0,0,0,0,0,0,1,1,0,0,0,1,0,0,0,1,0,0,0,0,1,1,0,0,0,0,0,0,1,1
1,0,0,0,0,1,0,0,1,1,0,1,0,0,0,1,0,0,1,0,0,0,0,1,0,0,0,0,0,1
1,1,1,0,0,1,1,1,1,1,1,1,0,1,0,0,0,0,0,1,0,0,1,1,0,0,1,0,1,0
0,0,0,0,0,1,1,1,1,0,0,0,0,1,0,0,0,1,0,1,0,1,0,1,0,0,0,0,0,0
1,0,0,0,0,0,1,0,1,1,0,1,0,1,0,0,0,0,1,1,0,0,1,0,0,0,0,0,0,0
1,1,0,0,0,0,1,0,1,0,1,1,0,0,0,0,0,0,0,0,0,1,0,1,0,0,0,0,0,0
1,1,1,0,0,1,1,1,0,1,1,1,1,1,1,1,0,1,1,0,0,0,0,1,1,1,0,1,1,0
0,0,1,0,0,1,1,1,1,1,0,1,0,1,1,1,0,0,1,1,0,0,0,1,0,0,0,0,1,1
1,1,1,0,0,1,1,0,0,1,0,1,1,1,0,0,0,0,1,1,1,0,0,1,0,0,1,0,1,1
1,1,1,1,1,1,1,1,1,1,1,1,1,1,0,1,0,1,1,1,1,1,1,1,0,0,0,1,1,1
1,0,1,0,0,0,1,1,1,1,0,1,0,1,1,1,0,0,1,1,1,1,1,1,0,0,1,1,1,0
0,0,1,0,0,0,1,0,0,1,0,1,1,0,0,0,0,0,0,0,0,0,0,0,0,0,0,0,1,0
0,0,0,1,0,1,1,1,1,1,0,1,0,1,0,1,1,1,1,1,0,1,0,1,0,0,1,0,0,0
1,0,1,1,0,1,1,1,0,1,0,1,0,0,0,1,1,0,1,1,0,0,1,1,0,0,0,1,1,0
1,1,1,0,0,0,0,0,0,1,0,1,0,0,0,0,0,0,1,0,0,0,0,0,0,0,0,0,0,0
1,0,1,0,0,0,0,0,0,1,0,1,1,0,0,1,1,1,1,0,0,0,0,1,1,0,1,1,1,1
0,0,1,1,0,0,0,0,0,0,0,1,0,0,1,1,0,0,0,1,0,0,0,1,0,0,1,1,1,0
1,1,0,0,0,0,0,0,0,0,0,1,0,0,0,0,0,0,0,0,1,1,0,1,0,0,0,0,0,1
1,0,1,1,1,1,1,0,0,1,0,0,1,1,1,1,0,1,1,1,0,1,0,1,0,0,1,1,1,1
1,0,0,0,1,1,0,0,0,0,0,0,0,1,0,1,0,0,0,1,0,0,1,0,0,0,0,0,1,0
1,0,1,0,1,1,1,0,1,0,0,0,0,1,0,1,1,1,0,1,0,1,0,1,1,1,1,1,0,1
1,0,0,1,1,1,1,0,1,0,1,1,0,1,0,1,0,1,1,1,1,1,0,0,1,1,0,1,1,1
1,1,1,1,0,1,1,1,1,1,0,1,0,0,1,0,0,0,0,0,0,0,0,1,0,1,0,1,1,0
1,0,1,1,0,1,1,1,0,1,0,1,1,1,0,1,0,0,1,0,0,1,1,1,0,0,1,1,0,0
0,1,0,0,0,0,0,0,0,0,0,0,0,0,0,0,0,0,0,0,0,0,0,0,0,0,0,0,0,0
1,0,0,0,0,0,0,1,1,0,1,0,0,1,0,0,0,0,1,1,1,0,0,0,0,0,0,0,0,0
0,0,1,1,0,0,0,1,0,0,0,1,0,0,0,0,0,0,1,0,1,0,0,0,0,0,0,0,0,0
0,1,0,0,0,1,0,0,0,0,0,0,0,0,0,0,0,0,1,0,1,0,0,1,0,1,1,0,0,0
1,0,1,0,0,0,0,0,1,0,0,0,0,0,0,0,0,0,1,0,0,0,0,1,1,0,0,0,1,0
1,0,0,0,0,1,0,0,0,1,0,0,0,0,1,0,0,0,0,1,0,0,1,0,0,0,0,0,1,1
1,0,1,1,0,1,1,1,1,0,1,1,0,1,0,1,0,0,1,1,0,1,0,1,0,0,1,0,1,0
