ID,qcc1,qcc2,qcc3,qcc4,qcc5,qcc6,qcc7,qcc8,qcc9,qcc10,qcc11,qcc12,qcc13,qcc14,qcc15,qcc16,qcc17,qcc18,qcc19,qcc20,qcc21,qcc22,qcc23,qcc24,qcc25,qcc26,qcc27,qcc28,qcc29,qcc30,qcc31,qcc32,qcc33,qcc34,qcc35,qcc36,qcc37,qcc38,qcc39,qcc40,qcc41,qcc42,qcc43,qcc44,qcc45,qcc46,qcc47,qcc48,qcc49,qcc50,qccTIME
150005177,3,4,3,2,5,4,4,5,5,3,0,3,3,3,3,3,4,4,5,4,2,4,4,4,3,4,4,3,3,5,4,4,2,0,1,4,4,4,4,5,2,4,4,2,4,2,4,4,4,4,5/3/2014 10:39:56 AM
151000295,3,3,3,3,3,3,3,3,3,3,3,3,3,3,3,3,3,3,3,3,3,3,3,3,3,3,3,3,3,3,4,3,3,3,3,3,3,3,3,3,3,3,3,3,3,3,3,3,3,3,5/3/2014 10:47:04 AM
153006715,2,4,5,5,5,4,2,1,2,4,4,5,5,5,5,5,5,5,5,0,5,5,3,4,4,4,4,5,5,4,4,5,5,5,4,5,2,2,4,4,4,4,4,5,5,5,1,2,3,5,5/3/2014 10:47:22 AM
150005041,2,2,4,1,4,4,4,3,4,4,1,2,1,4,2,1,4,3,2,4,4,2,2,3,1,1,3,1,1,1,4,4,4,1,1,1,3,5,3,4,5,3,1,1,4,1,2,4,2,2,5/3/2014 10:50:23 AM
151004786,4,3,2,4,5,4,4,3,5,2,3,4,3,5,1,3,3,3,1,4,5,1,3,5,4,3,2,1,3,3,4,3,3,4,4,2,3,4,2,3,3,4,3,4,3,4,3,4,2,4,5/3/2014 10:56:54 AM
140008669,4,5,4,2,4,4,3,2,4,3,4,5,4,1,3,3,4,3,4,4,2,4,1,2,5,4,4,3,4,4,4,2,4,3,3,3,2,1,3,4,4,3,3,2,3,4,2,2,4,1,5/3/2014 11:00:36 AM
153009990,4,3,4,2,5,4,5,3,5,4,4,4,2,4,2,4,4,3,4,4,4,3,3,2,4,2,4,4,3,5,4,4,4,4,2,4,2,1,2,3,3,5,1,3,1,2,3,3,3,3,5/3/2014 11:01:18 AM
150006828,4,4,2,1,5,3,1,3,5,5,3,2,5,2,5,1,3,4,4,5,4,5,2,3,4,2,3,2,3,5,4,4,5,1,3,3,3,2,3,3,4,3,3,3,3,4,2,1,4,3,5/3/2014 11:04:01 AM
150005989,4,5,3,3,3,5,5,2,4,2,4,4,2,2,1,2,3,2,4,3,3,3,4,2,4,0,2,2,4,2,4,5,3,4,3,3,2,4,3,4,4,0,2,3,2,4,3,4,3,2,5/3/2014 11:05:21 AM
151003351,1,3,5,0,4,2,5,1,3,4,4,1,4,1,5,4,4,4,4,2,1,1,2,2,3,1,4,3,3,4,4,1,4,4,2,3,1,1,3,4,3,2,2,5,3,4,1,2,4,1,5/3/2014 11:09:14 AM
146009297,3,4,4,3,3,4,4,3,3,4,3,3,5,5,3,5,3,3,5,3,2,2,3,5,4,0,5,3,3,4,4,1,4,3,2,4,2,1,4,4,2,2,3,2,3,4,3,2,4,2,5/3/2014 11:17:43 AM
153001662,4,4,4,2,3,3,4,4,3,4,3,3,4,3,3,1,3,4,3,3,3,3,3,4,3,3,4,2,4,3,4,3,3,4,3,4,3,4,3,4,4,4,3,2,3,3,4,3,4,3,5/3/2014 11:19:01 AM
152004838,5,5,4,3,4,5,4,5,5,3,5,5,5,5,5,3,4,5,5,3,4,4,5,2,1,4,3,1,5,5,4,5,4,5,5,4,3,4,4,5,4,2,4,5,5,5,4,4,3,2,5/3/2014 11:19:42 AM
150006707,3,1,5,3,4,2,3,3,3,5,4,4,4,4,4,4,2,3,4,5,4,5,4,3,4,3,4,3,4,5,4,2,2,3,2,4,5,4,3,0,5,3,0,3,3,0,5,4,4,4,5/3/2014 11:30:46 AM
150009967,2,5,5,5,5,1,1,1,1,4,4,2,5,2,1,5,5,4,4,2,1,4,2,2,1,1,5,4,4,5,4,1,5,5,1,4,1,2,4,5,2,5,4,5,1,5,2,1,4,1,5/3/2014 11:32:05 AM
152002388,2,1,3,4,3,1,1,5,1,2,3,4,2,4,3,4,4,4,5,2,1,4,0,5,4,1,5,4,3,5,4,3,4,5,1,4,5,1,3,4,1,3,0,5,3,4,1,1,4,1,5/3/2014 11:37:52 AM
152002344,4,5,4,3,4,5,2,1,4,2,4,2,3,3,1,3,3,4,4,2,1,4,2,2,4,2,4,3,4,4,4,1,4,3,2,4,2,2,4,4,2,3,3,3,3,4,2,2,3,3,5/3/2014 11:41:29 AM
151003202,4,5,3,2,3,3,4,4,4,5,2,2,5,3,3,4,1,3,5,4,1,5,3,1,5,5,5,1,4,4,4,3,5,4,1,4,3,1,3,4,3,3,4,5,2,4,2,4,1,5,5/3/2014 12:08:00 PM
139001260,4,3,4,2,5,5,4,3,5,4,4,2,5,2,5,3,2,4,3,3,2,4,1,5,3,1,4,4,2,4,4,4,3,4,1,4,2,4,4,4,4,5,1,3,1,4,1,2,4,2,5/3/2014 12:13:00 PM
146000217,3,3,5,2,5,5,4,1,4,3,2,2,2,2,3,3,3,4,3,4,2,1,2,1,2,1,2,2,1,4,4,4,5,3,1,3,2,1,1,4,2,5,4,4,3,4,2,1,4,1,5/3/2014 12:17:53 PM
153001530,5,5,5,5,4,3,3,2,5,5,5,2,5,5,2,5,4,3,5,5,5,5,3,2,3,3,4,4,5,5,4,3,5,4,3,5,3,3,4,3,2,3,2,4,2,3,2,3,4,2,5/3/2014 12:20:40 PM
150008726,5,3,4,4,5,5,3,3,4,5,2,3,4,3,1,4,2,4,1,3,5,1,5,5,4,2,4,2,2,4,4,5,3,4,1,2,3,4,5,2,4,2,2,2,2,3,5,4,4,4,5/3/2014 12:23:27 PM
150002848,2,4,5,2,5,3,4,2,4,5,4,3,5,4,1,3,5,3,5,2,4,5,2,5,3,4,5,2,4,3,4,4,4,3,5,3,4,3,4,5,4,3,2,2,2,5,4,2,4,4,5/3/2014 12:23:44 PM
151004900,5,3,4,2,5,4,3,2,5,5,3,5,4,5,1,4,3,5,4,3,2,4,2,5,3,4,5,3,0,0,4,4,5,2,3,3,3,1,3,3,2,3,2,2,4,3,3,2,2,2,5/3/2014 12:25:41 PM
152002462,4,2,2,1,2,5,4,3,4,3,2,5,4,5,2,2,2,2,3,3,4,1,2,5,4,4,4,1,2,3,4,2,4,2,3,2,4,4,3,1,5,1,4,3,4,2,5,3,2,5,5/3/2014 12:26:51 PM
151008065,3,5,4,4,4,3,1,2,4,3,4,4,3,5,2,4,5,3,4,2,2,5,4,4,3,2,5,4,4,4,4,2,4,4,1,4,3,1,3,3,1,4,3,5,4,4,3,1,4,2,5/3/2014 12:29:50 PM
150009727,4,5,4,5,3,2,2,4,4,5,5,2,5,2,3,4,5,4,4,3,2,3,2,2,3,3,4,5,5,5,4,3,5,5,2,4,1,2,5,4,2,4,4,5,2,5,2,1,4,1,5/3/2014 12:29:52 PM
152005208,5,5,5,4,5,5,4,1,5,5,5,4,4,5,5,4,5,5,4,4,4,4,5,2,3,5,4,5,5,4,4,4,4,4,4,4,4,4,4,4,1,4,4,4,5,4,3,5,4,5,5/3/2014 12:30:22 PM
149004801,3,4,3,4,5,3,2,3,5,5,2,2,4,1,1,2,2,4,5,2,2,1,1,3,3,4,5,3,2,5,4,2,5,4,1,5,5,3,5,5,2,5,2,3,5,5,1,5,5,2,5/3/2014 12:41:50 PM
141006572,3,4,4,4,4,2,2,2,2,2,3,2,4,5,2,4,4,4,4,2,2,3,2,2,3,2,4,3,4,4,4,3,4,3,2,4,2,1,4,4,2,3,3,4,4,4,2,1,4,2,5/3/2014 12:42:30 PM
152004533,2,4,4,4,4,1,2,2,3,4,4,2,4,0,2,4,3,2,4,2,2,2,2,2,4,2,5,4,4,4,4,1,2,3,3,3,2,4,3,3,3,3,0,0,0,0,0,0,0,0,5/3/2014 12:44:02 PM
138009582,4,2,5,3,5,2,3,4,3,1,2,2,5,2,5,1,5,5,4,2,2,5,1,4,2,1,5,1,2,5,4,1,4,4,1,4,1,1,1,2,1,1,4,2,5,5,1,1,5,4,5/3/2014 12:46:11 PM
151000502,4,4,5,5,5,1,1,2,2,5,5,2,5,2,2,4,4,2,2,3,2,5,3,3,3,3,4,4,3,5,4,4,5,0,4,4,3,2,5,3,2,4,4,2,4,4,2,1,3,1,5/3/2014 12:46:14 PM
153000069,5,3,3,4,3,2,2,3,5,5,3,4,4,3,5,4,4,3,4,4,2,4,2,2,3,1,3,4,2,5,4,2,4,4,2,4,2,1,4,4,2,2,1,3,4,3,1,1,3,2,5/3/2014 12:47:30 PM
152000909,5,1,5,1,1,5,5,3,5,1,1,5,1,5,4,1,1,1,1,1,5,4,1,5,1,1,1,1,1,1,4,1,4,1,1,1,1,1,1,2,0,1,1,1,5,1,5,5,1,5,5/3/2014 12:50:33 PM
150009198,4,2,4,3,5,4,3,3,2,4,3,3,5,4,3,2,2,4,2,2,3,2,1,2,4,2,5,1,2,4,4,1,4,1,2,4,2,2,2,2,2,1,2,1,1,2,3,3,3,3,5/3/2014 12:51:41 PM
152001044,5,1,5,4,5,5,1,5,5,1,1,3,2,5,1,1,4,5,5,5,5,1,1,5,2,5,4,1,2,4,4,1,5,5,1,3,5,1,3,4,2,1,3,4,3,4,2,3,4,4,5/3/2014 1:12:00 PM
154002181,4,4,4,5,3,2,2,2,4,4,3,2,3,3,2,3,3,4,4,2,2,4,2,2,2,2,3,2,3,4,4,3,4,4,2,4,2,2,4,4,2,3,4,3,2,4,2,2,4,3,5/3/2014 1:12:58 PM
151005940,3,4,4,5,5,3,2,2,4,4,4,1,3,4,2,3,4,4,4,5,2,5,4,1,4,2,2,3,3,4,4,3,4,5,2,3,2,4,3,4,1,4,4,3,2,4,1,1,4,3,5/3/2014 1:15:03 PM
150002544,3,4,4,3,4,3,2,3,4,4,4,2,4,4,3,3,4,4,4,4,3,4,2,2,3,3,4,4,3,4,4,3,4,3,3,4,4,2,2,4,1,2,4,4,4,3,1,1,3,2,5/3/2014 1:37:49 PM
147000629,4,4,4,2,3,4,2,2,1,2,3,4,3,4,4,2,3,4,4,3,3,2,1,2,4,2,5,2,2,4,4,1,4,3,1,3,3,2,2,2,3,2,2,4,4,2,4,2,4,4,5/3/2014 1:46:51 PM
152004862,4,5,5,5,4,4,2,3,3,5,4,2,4,4,2,5,5,5,4,3,1,5,2,2,4,1,5,4,5,4,4,2,4,5,1,5,1,2,4,4,1,2,4,4,3,4,2,2,4,1,5/3/2014 1:52:14 PM
151003947,4,5,5,4,4,3,2,3,2,3,4,5,4,3,2,4,4,5,3,4,2,4,3,3,3,1,4,4,3,3,4,1,4,4,2,3,3,2,3,4,3,0,2,4,4,5,3,2,4,2,5/3/2014 1:57:51 PM
150009586,4,3,3,3,3,3,2,4,3,4,3,2,4,3,2,3,3,4,3,2,3,2,4,3,2,2,4,3,3,4,4,2,4,3,2,3,2,2,3,3,2,2,2,3,3,2,3,3,3,2,5/3/2014 1:58:09 PM
151007925,4,5,5,3,4,4,5,4,5,4,5,0,5,4,4,5,5,5,4,5,4,4,4,0,4,4,5,5,5,5,4,4,4,4,4,4,5,4,4,4,4,5,4,5,5,5,5,5,5,5,5/3/2014 2:19:22 PM
150006715,4,4,3,0,5,4,2,2,2,3,2,5,4,4,2,2,3,2,2,3,4,2,3,4,2,2,2,2,3,4,4,2,3,3,0,4,4,5,4,2,3,2,2,4,4,2,2,2,4,4,5/3/2014 2:22:47 PM
144001517,5,4,4,3,4,3,2,3,2,5,3,3,3,1,3,3,4,4,5,3,2,5,3,3,4,4,3,4,2,5,4,3,3,4,3,4,4,4,3,4,3,3,3,2,4,4,2,3,4,2,5/3/2014 2:28:23 PM
150003563,4,3,5,4,4,2,3,2,3,5,4,4,5,3,4,4,4,4,5,4,4,3,3,5,3,4,5,2,4,4,4,2,4,4,3,4,4,2,4,4,3,5,4,4,3,4,2,4,4,3,5/3/2014 2:44:06 PM
150005248,1,3,4,4,4,2,1,2,2,4,3,2,5,4,1,4,4,5,4,1,1,4,2,2,1,1,3,5,4,4,4,3,4,3,1,4,1,2,4,5,3,4,3,3,4,5,1,1,5,1,5/3/2014 2:46:29 PM
151000452,3,3,4,3,4,3,2,2,2,3,3,3,3,3,2,3,3,3,5,2,3,3,3,3,3,3,3,3,3,3,4,3,3,3,3,3,3,3,3,3,3,3,3,3,3,3,3,3,3,3,5/3/2014 2:54:40 PM
144002603,3,2,4,2,4,4,3,3,3,4,2,4,4,2,2,2,2,2,4,2,2,2,2,3,2,2,4,2,2,4,4,4,4,2,2,2,2,2,2,2,4,2,2,4,4,4,2,2,4,3,5/3/2014 2:56:55 PM
152000628,4,4,2,2,4,2,3,2,3,3,3,3,3,3,2,2,3,2,4,3,3,3,2,3,2,3,3,2,2,4,4,1,4,3,2,3,3,2,2,3,4,2,2,3,2,2,2,2,3,2,5/3/2014 3:02:27 PM
150009288,2,4,4,3,4,2,2,2,4,5,4,2,3,3,2,4,4,4,4,2,2,4,2,2,2,2,3,4,4,4,4,3,5,4,2,4,2,3,2,4,2,4,3,4,4,4,2,2,4,2,5/3/2014 3:02:33 PM
150008145,4,4,3,4,2,4,3,4,4,5,1,2,2,4,2,4,2,4,4,2,2,3,4,2,4,0,4,3,1,0,4,4,2,3,1,3,4,1,4,4,2,4,2,1,5,1,3,3,4,4,5/3/2014 3:03:04 PM
150002545,5,4,5,3,2,4,2,4,3,3,2,3,4,5,3,3,4,4,3,3,2,5,3,5,4,2,4,1,2,2,4,1,4,2,2,4,3,2,4,3,3,2,1,3,4,4,3,2,4,3,5/3/2014 3:05:28 PM
151007479,2,5,5,5,5,3,3,3,4,5,5,3,5,3,3,4,4,5,5,3,3,3,2,3,3,1,5,5,5,5,4,5,5,5,3,5,5,3,3,4,3,5,0,5,3,5,3,3,3,1,5/3/2014 3:07:45 PM
152002550,4,5,0,4,5,2,2,3,3,4,5,3,5,3,3,4,4,4,5,3,2,4,2,2,3,2,5,3,4,5,4,3,5,4,2,4,2,1,1,4,2,3,3,5,5,5,1,1,2,1,5/3/2014 3:14:36 PM
152009545,2,1,2,4,4,3,1,2,5,5,1,2,4,3,4,4,4,4,5,4,2,4,3,3,4,5,2,3,1,5,4,3,0,5,1,4,2,5,2,3,1,1,1,3,5,3,3,4,4,1,5/3/2014 3:18:52 PM
144003040,5,3,5,2,4,4,4,3,5,3,4,5,4,5,1,3,2,3,2,3,4,3,2,5,4,2,4,1,3,3,4,2,3,2,4,3,3,4,3,2,3,3,1,2,3,3,4,3,2,4,5/3/2014 3:29:05 PM
150008684,5,5,5,5,5,5,5,5,5,5,5,5,5,5,5,5,5,5,0,4,4,4,5,5,5,5,5,1,3,5,4,5,5,5,5,5,5,5,5,5,5,5,0,5,5,5,5,5,5,5,5/3/2014 3:30:30 PM
151003354,1,2,3,3,4,3,1,3,4,4,2,3,3,3,2,4,3,3,5,2,2,1,3,3,1,2,5,1,1,5,4,3,3,4,4,5,3,2,3,2,1,1,1,5,5,3,4,1,2,2,5/3/2014 3:31:00 PM
151005708,3,1,2,1,4,2,5,4,5,1,1,1,4,5,4,1,1,5,3,5,5,5,3,1,1,5,1,1,1,2,4,1,2,1,2,3,1,3,2,4,5,1,1,1,5,3,2,1,2,3,5/3/2014 3:37:55 PM
152004542,4,3,2,3,4,4,3,2,3,4,3,3,4,4,3,3,4,2,3,3,3,4,2,3,4,3,3,3,2,4,4,3,4,3,2,3,2,3,4,3,3,2,4,4,3,3,3,2,4,2,5/3/2014 3:42:35 PM
150008707,3,3,3,3,3,3,3,3,3,3,3,3,3,3,3,3,3,3,3,3,3,3,3,3,3,3,3,3,3,3,4,3,3,3,3,3,3,3,3,3,3,3,3,3,3,3,3,3,3,3,5/3/2014 3:42:38 PM
152005844,5,5,4,5,4,5,2,2,4,4,4,3,4,4,1,4,2,4,3,3,3,4,3,3,3,2,4,1,4,5,4,1,4,4,3,4,5,1,2,2,1,3,0,5,4,4,3,2,4,4,5/3/2014 4:00:08 PM
151004402,4,4,4,3,4,4,3,4,3,3,4,5,4,3,3,3,4,3,4,4,2,2,3,4,4,2,3,4,2,4,4,2,3,4,2,4,4,2,4,3,1,5,3,2,3,4,2,2,4,3,5/3/2014 4:02:56 PM
152001315,4,3,3,1,3,2,2,2,3,2,3,3,1,5,2,1,2,1,1,2,1,1,3,4,2,4,3,1,1,2,1,3,2,2,3,2,2,3,3,4,5,3,3,4,3,3,5,3,3,2,5/3/2014 4:06:21 PM
152001190,4,3,3,3,4,3,2,2,4,5,3,2,4,3,4,4,4,3,2,1,4,4,1,3,3,2,4,3,3,4,2,3,4,4,2,4,3,3,4,2,2,2,3,3,4,3,3,2,2,2,5/3/2014 4:07:04 PM
144004381,4,4,4,2,3,2,4,1,4,1,2,2,4,5,2,2,2,5,5,4,2,2,4,2,2,2,4,1,2,4,4,1,3,3,4,2,2,2,4,4,4,2,3,3,4,3,2,3,4,3,5/3/2014 4:09:56 PM
151008320,4,4,4,5,5,4,4,3,5,5,3,2,3,4,1,2,3,3,4,3,3,5,2,2,3,3,4,2,3,4,4,2,3,2,4,2,3,3,2,2,2,3,2,4,4,3,2,4,2,4,5/3/2014 4:11:30 PM
150002592,2,4,4,4,5,5,2,5,5,4,4,2,5,4,2,4,4,4,5,2,2,4,2,2,4,2,4,5,4,4,4,4,4,4,2,5,2,2,1,4,2,4,4,5,4,4,2,2,4,2,5/3/2014 4:24:10 PM
150009959,4,3,4,3,4,3,2,3,3,4,2,4,3,5,2,4,4,4,3,3,2,5,2,3,4,2,3,2,3,4,4,3,4,4,2,4,3,2,2,3,2,4,4,4,4,4,2,0,4,2,5/3/2014 4:25:59 PM
150007622,3,4,3,4,2,4,4,3,4,3,3,3,3,4,3,3,3,4,5,4,3,4,4,4,4,4,4,3,3,4,2,3,3,3,3,3,3,4,2,3,4,3,3,3,4,4,3,4,4,4,5/3/2014 4:30:34 PM
152006845,3,4,3,3,2,3,4,3,4,4,3,3,3,3,1,3,0,4,3,4,2,3,3,2,4,3,3,4,4,4,4,3,4,3,2,4,3,2,3,4,4,3,2,3,3,3,4,3,4,4,5/3/2014 4:52:04 PM
152003161,5,5,5,2,5,5,5,5,4,5,5,4,2,2,5,5,5,5,3,5,5,4,2,1,5,5,5,5,5,5,4,5,2,5,4,4,5,5,3,5,5,5,3,2,2,4,1,5,5,2,5/3/2014 4:55:01 PM
146006123,4,1,4,4,5,4,4,2,4,4,2,5,4,4,2,1,1,4,3,2,5,4,2,4,5,2,4,3,1,2,4,5,2,4,1,4,5,4,2,3,3,1,1,1,4,4,3,4,4,4,5/3/2014 4:57:17 PM
152004229,4,5,3,3,3,3,4,3,5,5,4,3,2,0,2,2,3,3,2,3,3,4,3,2,3,2,4,3,2,4,4,3,4,3,2,4,3,2,4,2,3,3,2,3,3,3,2,3,3,2,5/3/2014 5:10:32 PM
150007464,3,4,3,2,3,4,2,4,4,3,3,4,3,3,3,2,3,3,3,3,4,2,2,3,3,3,4,2,3,3,4,3,3,3,3,3,3,3,3,3,2,3,2,3,1,2,2,3,3,3,5/3/2014 5:12:25 PM
152007923,4,4,3,4,4,4,4,4,5,4,3,4,2,5,3,3,3,4,4,4,5,4,2,4,4,3,3,2,3,4,4,3,4,4,2,4,4,2,4,3,2,4,3,3,3,4,3,2,2,4,5/3/2014 5:17:18 PM
150009061,3,4,4,3,3,2,2,3,3,1,3,2,4,3,3,4,4,4,3,2,2,4,2,2,2,2,3,3,3,3,4,2,4,4,2,4,3,3,3,4,2,5,4,4,4,4,2,2,4,2,5/3/2014 5:20:42 PM
152003296,2,5,4,5,5,3,1,3,2,5,4,2,5,4,2,5,4,5,3,3,1,5,2,2,3,2,4,5,5,4,4,3,5,5,1,4,1,2,3,4,2,3,4,5,4,4,3,1,4,1,5/3/2014 5:22:21 PM
151000223,3,3,2,3,4,3,3,3,5,4,2,3,3,2,3,4,5,4,5,3,4,2,3,3,3,3,3,3,2,4,3,3,3,4,2,4,3,3,3,3,3,3,4,4,2,3,3,3,3,3,5/3/2014 5:27:08 PM
150000212,4,2,4,2,4,5,5,4,5,4,2,4,2,5,2,4,2,2,2,0,5,4,4,4,4,2,4,1,2,3,4,3,2,2,4,2,4,2,4,2,2,2,2,2,4,4,4,2,2,4,5/3/2014 5:30:07 PM
150007519,5,2,4,3,5,5,4,2,5,4,4,2,2,1,2,1,3,5,4,4,5,5,4,2,4,1,5,2,4,4,4,4,2,2,4,4,2,1,5,4,4,4,4,4,5,5,4,4,5,4,5/3/2014 5:31:33 PM
152005855,4,3,4,1,4,3,4,4,5,3,2,3,4,5,4,1,3,4,2,4,4,2,1,4,4,3,4,1,2,3,4,3,2,1,3,1,3,3,3,4,1,4,1,1,2,3,2,2,3,3,5/3/2014 5:32:48 PM
150004304,3,2,4,3,5,3,3,3,4,5,3,3,4,5,3,5,3,5,5,4,3,5,4,3,3,3,4,3,2,3,4,2,4,3,3,4,3,4,4,4,3,3,3,4,2,3,3,4,3,3,5/3/2014 5:34:36 PM
152001381,5,5,4,3,5,4,4,5,4,4,4,5,5,5,1,4,3,4,5,1,1,5,1,3,3,1,3,1,2,4,4,1,4,4,4,3,2,3,4,4,3,4,4,4,2,5,3,1,4,3,5/3/2014 5:46:06 PM
152006956,5,5,5,5,5,1,1,5,5,5,5,1,5,5,5,5,5,4,4,2,0,5,3,4,4,3,3,3,4,4,2,4,4,0,4,4,5,3,2,4,5,5,0,5,4,4,3,5,5,2,5/3/2014 5:58:27 PM
150007185,5,3,4,4,4,4,5,3,3,4,3,3,4,3,4,3,4,4,4,4,3,4,3,4,3,4,3,3,3,4,4,3,4,4,2,4,3,1,3,3,2,2,4,4,4,4,2,2,3,3,5/3/2014 6:01:58 PM
152002101,1,5,4,5,4,1,1,2,2,5,5,1,5,4,1,5,5,5,3,4,1,4,1,1,1,2,5,5,4,5,4,3,4,5,1,5,5,2,1,5,2,5,0,4,2,4,1,1,5,1,5/3/2014 6:03:02 PM
151002424,4,4,4,4,4,2,3,2,4,4,4,4,2,2,3,4,4,4,4,4,2,4,3,2,4,3,4,3,3,3,4,4,4,4,3,4,3,2,3,4,2,4,4,4,2,4,4,4,4,4,5/3/2014 6:03:51 PM
152006969,4,4,4,2,4,3,3,2,4,4,4,2,4,4,2,3,3,4,4,2,2,4,2,2,4,2,4,3,3,4,4,3,4,3,2,3,2,3,2,3,2,4,4,4,4,4,2,2,4,2,5/3/2014 6:05:28 PM
150009129,5,4,3,4,4,2,1,3,3,4,4,2,5,5,1,3,4,4,4,2,1,3,2,2,3,3,4,4,4,5,4,2,5,4,2,4,1,2,2,3,1,4,4,4,4,4,2,1,5,1,5/3/2014 6:20:50 PM
150005511,3,3,4,2,5,4,3,2,5,2,3,4,4,3,4,4,4,4,2,4,3,4,4,4,4,3,4,3,2,3,1,3,4,4,3,3,4,4,5,2,2,4,3,4,2,5,3,2,3,3,5/3/2014 6:26:43 PM
150008875,3,3,4,3,5,5,2,3,5,5,3,2,5,5,2,2,3,4,5,2,2,3,3,3,4,3,5,3,3,5,4,3,5,5,1,5,2,1,3,2,3,4,1,3,3,4,4,2,4,2,5/3/2014 6:35:03 PM
151001047,5,4,0,2,4,3,2,3,4,5,2,3,3,5,4,4,4,5,4,4,3,5,4,3,3,2,2,3,3,5,4,3,4,3,3,4,3,4,4,4,4,5,1,3,3,4,3,2,5,2,5/3/2014 6:45:45 PM
152009219,4,4,5,5,5,2,2,1,3,5,5,2,5,1,1,5,5,3,5,3,1,2,2,2,2,1,4,3,4,3,4,3,5,5,2,5,1,2,2,4,2,5,4,5,4,4,2,1,5,2,5/3/2014 6:59:17 PM
150009154,4,3,4,1,2,4,4,4,5,3,1,5,3,3,4,1,2,4,3,4,4,3,4,4,5,3,4,1,3,2,4,1,3,2,2,2,3,2,3,3,4,2,1,3,3,3,4,3,3,4,5/3/2014 7:04:53 PM
144008908,5,3,0,1,4,4,2,1,2,3,2,5,2,4,2,2,1,3,2,4,2,3,2,3,5,3,4,1,1,4,4,3,4,2,2,4,3,3,4,1,3,3,2,3,2,4,5,2,2,5,5/3/2014 7:14:32 PM
145000731,5,1,4,3,5,2,4,1,5,4,2,4,2,1,3,1,2,4,4,5,4,1,4,5,5,2,3,1,1,4,4,3,5,3,2,2,2,1,2,2,2,1,4,4,5,4,2,3,4,3,5/3/2014 7:16:04 PM
150009708,4,5,3,5,4,0,0,5,3,5,4,4,3,5,4,0,3,5,4,4,3,4,3,5,5,4,0,3,4,5,3,4,4,0,1,3,4,3,4,5,3,3,4,2,3,0,4,4,5,4,5/3/2014 7:24:58 PM
151003781,4,2,5,2,4,3,2,2,2,4,2,2,3,2,4,3,3,5,3,3,3,4,2,3,3,1,3,2,1,3,4,2,4,2,3,3,3,3,5,2,3,3,3,2,4,4,2,3,4,2,5/3/2014 7:45:13 PM
150002478,3,2,2,4,5,5,1,4,4,2,2,1,5,5,5,4,4,4,5,5,4,4,1,1,5,2,5,5,4,4,4,5,5,5,4,4,4,4,4,4,5,3,4,4,4,5,5,5,5,5,5/3/2014 7:52:19 PM
128002613,4,3,4,4,4,5,5,5,4,3,4,3,4,3,4,4,4,0,3,3,4,3,3,4,2,4,3,3,4,4,3,3,4,4,4,3,4,3,3,4,3,3,2,3,3,4,3,3,4,4,5/3/2014 8:35:10 PM
150001361,3,2,1,2,3,3,1,3,4,1,3,2,4,3,1,4,2,5,2,4,3,2,5,3,2,3,5,1,2,5,4,2,4,3,5,2,5,2,1,1,2,3,2,3,4,5,4,2,4,5,5/3/2014 8:47:49 PM
139009797,3,4,2,4,3,4,3,3,3,3,2,4,4,3,4,3,4,3,4,4,4,3,4,5,5,4,5,0,4,5,4,5,4,4,5,5,5,5,5,5,5,4,3,4,4,3,4,4,3,4,5/3/2014 9:04:18 PM
152005204,4,4,3,3,4,3,3,3,2,2,4,5,3,4,5,3,2,4,2,1,3,4,3,4,5,2,3,1,4,4,4,3,5,4,1,5,3,3,4,1,2,4,4,5,4,3,2,1,4,4,5/3/2014 9:11:06 PM
150004466,5,3,4,2,4,4,3,2,5,3,2,4,5,4,3,1,3,4,3,5,3,4,4,3,4,3,4,3,2,4,4,3,4,2,4,3,4,5,4,2,3,2,1,1,2,3,2,4,4,2,5/3/2014 9:14:58 PM
154005911,5,2,3,2,5,4,2,3,4,5,1,4,4,3,2,1,2,5,5,4,4,4,1,2,2,3,2,3,2,4,4,0,5,3,1,4,2,3,4,2,2,3,2,3,5,4,1,3,4,3,5/3/2014 9:36:59 PM
152000999,1,2,5,2,2,1,2,2,4,2,2,2,4,1,1,2,2,5,5,3,2,3,1,2,2,1,4,4,2,5,4,2,4,4,2,4,1,2,2,5,2,4,2,4,2,5,1,2,4,1,5/3/2014 9:45:38 PM
153003249,2,3,2,5,4,5,5,2,2,2,2,3,2,2,4,4,2,2,2,4,5,2,2,3,2,3,4,4,2,2,4,2,3,5,3,3,3,2,4,1,3,4,4,4,2,2,4,4,4,3,5/3/2014 10:05:36 PM
146008792,5,3,5,3,5,2,1,3,5,5,5,1,5,2,5,5,5,5,5,2,2,5,1,1,3,2,4,3,2,4,4,3,5,5,2,2,3,3,4,4,2,2,3,5,1,5,1,1,4,1,5/3/2014 10:07:17 PM
152009800,5,3,3,3,3,3,3,3,3,3,3,3,3,3,3,3,3,3,3,3,3,3,3,3,3,3,3,3,3,3,4,3,3,3,3,3,3,4,3,3,3,3,3,3,3,3,3,3,3,3,5/3/2014 10:28:42 PM
151004638,5,3,4,2,3,5,2,2,3,3,2,4,2,5,4,1,2,3,2,3,4,2,4,4,4,3,4,1,2,4,4,2,4,2,2,2,4,4,1,2,3,1,2,3,3,2,2,3,2,4,5/3/2014 10:35:49 PM
145000165,3,3,4,4,4,3,3,2,3,5,4,4,5,4,4,3,4,4,4,3,3,3,2,3,3,2,4,3,3,3,4,2,4,4,1,3,3,3,2,4,2,4,4,2,2,4,2,3,4,2,5/3/2014 10:36:32 PM
152004227,5,5,5,5,4,3,3,4,3,5,3,3,4,4,3,5,3,4,3,3,3,3,2,3,3,3,4,4,4,4,4,4,4,4,4,4,4,4,4,3,3,4,4,3,3,4,3,2,3,3,5/3/2014 10:59:58 PM
148007084,1,4,3,3,5,3,4,5,5,5,5,5,5,3,1,3,4,2,5,5,4,2,1,2,4,1,5,4,2,5,4,5,5,4,1,5,2,1,3,4,2,2,1,5,5,5,1,1,5,1,5/3/2014 11:02:02 PM
146006585,3,3,4,2,4,5,3,3,1,4,3,5,2,5,5,4,4,3,4,3,1,3,1,4,4,1,5,2,4,4,4,4,5,3,1,3,1,1,2,2,2,3,1,3,3,4,4,3,3,2,5/3/2014 11:07:29 PM
146000395,4,3,5,4,5,5,3,1,5,5,4,2,3,4,1,2,4,5,3,4,3,5,1,3,4,1,5,3,2,5,4,4,3,5,1,4,2,1,4,3,1,5,0,5,3,5,3,1,4,2,5/3/2014 11:42:13 PM
152006585,4,3,3,2,4,3,3,3,3,4,3,3,4,4,3,3,3,3,4,2,3,2,2,3,2,3,4,2,3,3,4,3,3,2,3,2,2,2,4,4,3,3,3,3,3,3,3,3,3,2,5/3/2014 11:47:24 PM
151000936,5,2,5,3,4,5,5,2,5,1,1,4,4,4,2,2,2,4,4,4,4,3,4,4,4,4,4,1,2,2,4,4,4,3,5,3,2,5,1,2,5,2,2,3,5,2,5,1,4,5,5/3/2014 11:50:58 PM
151000936,5,2,5,3,4,5,5,2,5,1,1,4,4,4,2,2,2,4,4,4,4,3,4,4,4,4,4,1,2,2,4,4,4,3,5,3,2,5,1,2,5,2,2,3,5,2,5,1,4,5,5/3/2014 11:51:01 PM
150004407,3,3,3,3,3,3,3,3,3,3,3,3,3,3,3,3,3,3,3,3,3,3,3,3,3,3,3,3,3,3,4,3,3,3,3,3,3,3,3,3,3,3,3,3,3,3,3,3,3,3,5/4/2014 12:11:09 AM
152007678,5,4,2,3,3,5,5,3,5,2,2,5,4,5,2,2,2,1,2,5,3,2,4,5,5,4,2,1,1,4,4,3,4,2,3,2,3,4,2,1,2,1,2,0,3,3,5,4,1,4,5/4/2014 12:16:33 AM
152002092,5,5,4,4,5,5,1,3,5,5,4,5,4,5,2,4,3,2,4,5,4,4,4,1,3,3,3,3,4,4,4,2,3,4,4,3,3,3,4,4,1,3,4,4,4,3,4,1,3,4,5/4/2014 12:32:47 AM
146000277,4,2,2,4,4,2,2,3,2,3,3,4,3,2,1,2,3,4,2,2,2,4,2,2,2,2,5,3,2,5,4,2,4,4,2,4,2,1,2,4,2,2,4,3,4,3,2,2,4,2,5/4/2014 12:34:15 AM
152007623,4,3,4,4,5,2,3,3,3,4,4,5,3,3,1,4,3,4,5,4,2,2,2,3,4,2,4,2,3,4,4,3,4,4,2,4,2,2,4,4,2,2,4,4,2,4,3,2,3,2,5/4/2014 12:37:16 AM
136008195,1,1,1,1,1,1,1,1,4,1,2,4,5,5,1,1,1,4,5,4,1,2,1,4,4,1,4,1,3,4,4,3,1,4,3,4,4,1,1,4,1,4,4,4,2,3,3,5,4,5,5/4/2014 2:25:24 AM
145000088,3,2,4,2,4,5,3,2,3,2,2,2,4,3,2,1,2,3,2,2,5,4,2,2,2,3,4,3,3,3,4,2,4,2,2,2,2,2,2,1,2,2,2,3,4,4,3,3,2,4,5/4/2014 2:44:49 AM
149003871,4,4,4,5,4,3,3,2,3,3,4,3,3,3,3,4,3,4,4,4,2,3,3,2,2,1,4,4,3,5,4,3,4,4,1,4,2,1,3,2,1,1,1,4,2,3,3,1,3,2,5/4/2014 7:45:04 AM
151003977,4,3,3,2,4,4,0,5,2,2,4,4,1,4,4,5,5,1,1,5,3,4,3,3,4,4,4,1,3,3,4,5,1,4,3,4,2,3,3,3,4,4,4,1,4,4,4,3,3,5,5/4/2014 9:37:13 AM
151004844,5,1,4,2,4,3,4,3,4,4,2,3,4,2,4,2,4,2,2,2,4,2,3,4,2,4,2,1,2,3,4,5,2,4,2,3,4,2,3,4,2,3,1,2,2,4,5,4,2,5,5/4/2014 10:30:01 AM
151002469,4,4,3,3,2,3,4,3,4,4,3,4,4,4,3,4,3,4,4,3,4,2,3,4,4,2,4,3,2,4,4,3,4,3,3,4,2,4,3,4,3,2,4,3,4,4,2,3,4,3,5/4/2014 10:44:43 AM
150007350,4,3,3,2,4,3,4,3,4,4,3,3,2,3,4,2,3,3,4,3,4,3,3,3,3,2,3,2,2,3,4,2,3,3,3,3,4,4,3,4,4,3,2,2,3,2,3,4,4,3,5/4/2014 10:58:46 AM
152007350,4,4,3,3,4,4,3,3,4,5,4,3,4,4,2,4,4,4,3,2,2,4,4,2,3,4,4,1,3,4,4,4,4,4,1,4,2,3,2,3,2,4,4,4,4,4,2,2,4,3,5/4/2014 10:58:59 AM
150007073,4,0,4,2,5,1,1,5,4,1,2,1,2,5,4,2,4,5,5,4,3,5,1,2,3,1,2,2,1,2,4,5,5,1,2,2,3,4,4,3,1,1,1,1,4,3,1,3,3,2,5/4/2014 11:21:12 AM
151005505,4,3,4,3,5,3,2,3,2,3,3,3,4,4,2,3,4,2,5,3,2,5,3,4,3,2,4,3,3,4,4,1,5,3,3,4,3,2,2,4,2,3,2,3,4,3,2,2,3,2,5/4/2014 12:16:20 PM
146001990,4,2,3,1,5,4,3,2,5,2,2,4,2,5,2,2,2,3,3,4,4,4,3,4,3,2,5,2,2,5,4,4,3,2,3,3,4,2,2,3,4,2,4,3,3,3,4,4,2,4,5/4/2014 12:34:46 PM
153000214,5,3,3,3,4,5,5,2,4,4,2,4,3,5,4,1,2,3,2,3,5,3,1,4,4,2,5,1,2,4,4,2,5,1,5,3,4,5,5,1,5,2,1,3,3,3,4,3,4,5,5/4/2014 12:56:04 PM
153000426,2,4,4,4,4,2,2,2,3,4,4,3,4,2,2,4,4,4,4,3,2,3,2,3,0,2,4,4,3,3,4,3,4,4,2,4,2,2,3,4,2,4,4,4,3,3,2,2,4,2,5/4/2014 1:18:27 PM
127007016,4,2,5,4,5,5,4,3,5,3,3,4,5,3,2,2,2,4,3,1,3,1,1,5,5,5,4,1,1,4,4,5,5,4,4,3,2,2,1,3,3,3,2,3,4,4,3,2,2,4,5/4/2014 2:09:20 PM
152003543,4,4,3,1,5,4,2,4,5,5,2,4,3,4,2,5,1,4,5,4,4,2,4,4,4,1,2,5,2,4,4,1,4,4,2,5,5,3,4,1,2,2,0,4,5,4,4,2,3,4,5/4/2014 2:10:20 PM
150003587,4,3,5,4,5,5,4,4,5,4,4,5,3,4,5,4,5,5,5,5,3,5,3,3,3,4,4,4,4,5,4,4,5,5,3,4,2,5,4,4,3,5,4,4,5,5,4,4,5,3,5/4/2014 2:19:54 PM
152002279,2,3,4,3,5,4,1,2,4,4,0,3,4,5,1,4,4,3,4,5,3,4,1,2,4,2,4,4,2,5,4,1,5,5,2,5,2,1,5,5,1,1,3,3,3,3,3,1,5,1,5/4/2014 2:21:50 PM
154001565,5,2,2,1,5,5,2,3,4,4,4,2,5,4,4,1,2,2,4,2,4,1,1,4,4,1,5,4,5,5,4,4,4,2,4,1,4,1,2,2,2,1,1,4,4,2,4,2,4,5,5/4/2014 2:22:54 PM
153001629,3,3,4,1,4,2,3,4,1,5,5,2,3,3,2,5,4,3,4,3,2,3,2,4,2,4,0,4,4,2,4,1,4,1,2,4,2,3,3,4,2,4,4,3,3,4,1,2,2,1,5/4/2014 2:27:53 PM
150007321,4,3,4,2,5,2,2,4,4,4,3,2,3,4,2,4,4,3,4,3,2,4,2,4,3,2,4,3,4,4,4,2,3,2,3,4,2,4,3,4,3,2,2,2,4,4,2,3,3,2,5/4/2014 2:36:48 PM
152004723,3,2,2,1,3,4,4,2,3,3,2,5,2,3,3,2,2,4,3,4,3,3,4,3,4,2,4,1,1,3,4,1,4,2,2,2,3,4,3,1,4,2,1,2,2,2,5,2,2,3,5/4/2014 2:39:09 PM
150000560,3,4,5,4,5,3,3,2,4,4,4,4,4,4,2,4,4,4,5,3,2,4,3,4,4,4,4,4,4,4,4,4,4,4,2,4,2,2,4,4,2,4,4,4,2,4,2,2,4,2,5/4/2014 2:41:10 PM
154002314,5,5,4,1,3,4,3,3,4,4,2,4,3,5,4,1,2,3,1,4,5,1,4,5,4,4,4,2,1,4,4,4,3,5,4,3,4,1,4,4,3,3,1,1,1,4,4,5,4,3,5/4/2014 2:54:24 PM
153000492,5,4,4,4,4,3,1,1,4,4,2,3,4,3,2,2,2,3,3,2,3,5,3,3,3,1,4,3,3,4,4,3,3,4,2,4,5,3,3,4,1,4,4,2,3,4,3,2,2,3,5/4/2014 3:20:23 PM
150009137,5,5,5,2,4,1,3,3,4,5,4,5,3,1,3,2,4,4,2,3,4,3,2,4,3,3,4,1,4,4,4,3,5,2,5,3,5,2,4,4,3,2,4,3,5,4,2,3,3,2,5/4/2014 3:21:14 PM
151005461,2,2,4,2,5,2,2,1,4,5,3,1,3,2,1,2,3,4,4,2,2,2,3,2,3,2,5,3,1,5,4,4,4,3,3,5,3,2,1,3,4,2,3,4,4,4,1,1,4,1,5/4/2014 3:25:29 PM
151001561,5,2,3,2,4,3,4,3,5,1,2,3,2,3,1,3,2,2,2,3,4,3,4,5,4,2,2,2,3,4,4,4,3,2,3,2,4,2,4,2,2,3,2,3,3,4,4,3,2,4,5/4/2014 3:44:37 PM
151001204,5,4,4,2,5,4,3,3,5,2,3,4,3,5,2,2,3,4,2,3,4,2,4,5,4,1,3,1,3,4,4,3,5,3,4,4,4,3,4,3,4,2,3,3,3,4,3,2,2,5,5/4/2014 3:45:49 PM
153000176,4,4,5,3,4,3,2,3,4,4,5,3,4,3,2,3,3,4,4,4,3,3,4,3,4,3,5,4,3,4,4,3,3,3,3,3,3,3,3,3,3,4,3,3,4,3,0,3,3,2,5/4/2014 3:48:14 PM
153000483,4,1,4,1,4,2,1,1,4,3,1,4,5,4,1,2,2,4,5,3,4,5,3,3,3,3,4,3,1,5,4,1,5,4,1,4,3,1,3,2,1,3,1,2,5,4,3,2,3,2,5/4/2014 4:00:26 PM
151004589,2,4,4,4,5,3,1,3,3,4,3,4,4,5,2,4,4,4,5,2,2,4,3,4,3,2,4,1,3,5,4,2,4,5,3,5,5,2,4,4,1,4,0,5,5,4,3,1,4,4,5/4/2014 4:14:31 PM
153004803,3,3,3,3,2,4,3,3,3,3,3,3,4,3,3,3,3,3,2,3,3,2,3,3,3,3,3,2,3,3,4,3,3,4,3,3,3,3,4,3,2,3,3,3,3,3,4,3,3,3,5/4/2014 4:19:06 PM
151005608,5,2,3,2,3,4,3,1,5,4,1,4,5,3,3,3,1,3,4,4,5,3,2,2,3,2,1,1,1,4,4,1,3,3,2,3,2,3,4,3,4,2,3,4,5,4,2,2,4,4,5/4/2014 4:35:15 PM
150008235,2,3,2,3,3,3,5,2,3,2,3,5,2,4,3,1,4,3,1,2,3,3,1,2,2,1,2,4,2,3,4,1,2,3,1,2,3,2,3,2,2,1,2,3,4,2,3,2,4,2,5/4/2014 4:37:39 PM
150007010,4,3,4,4,5,3,2,3,4,4,2,2,3,4,2,4,4,4,4,2,2,4,2,3,4,2,4,4,3,4,4,3,4,4,2,4,3,0,2,4,2,4,3,4,3,4,2,2,3,3,5/4/2014 4:53:44 PM
150004698,4,3,4,3,4,3,2,2,4,4,2,3,3,4,3,2,4,2,3,2,2,3,3,4,4,2,4,1,2,4,4,2,4,3,3,4,2,3,2,2,3,2,2,3,4,4,4,2,4,3,5/4/2014 5:22:15 PM
151004095,5,4,4,3,2,4,1,3,3,3,3,4,0,5,3,4,2,2,4,4,2,1,4,4,4,4,5,3,4,4,4,2,4,4,4,4,4,5,4,2,2,3,4,2,4,4,5,4,3,3,5/4/2014 6:27:34 PM
150009433,4,4,2,1,4,2,3,2,4,5,2,3,4,1,2,1,4,3,4,4,2,4,1,3,4,2,5,2,3,4,4,2,4,1,4,1,2,3,4,3,5,3,1,3,5,4,3,2,3,2,5/4/2014 6:28:17 PM
152000332,5,4,5,3,5,4,5,4,3,4,3,4,2,2,4,5,5,4,5,4,4,4,4,5,5,4,5,3,5,5,4,3,4,5,5,3,3,2,5,4,4,4,4,5,4,4,4,5,5,5,5/4/2014 6:28:44 PM
151002734,4,3,4,1,4,4,5,4,4,2,2,2,4,3,3,2,2,4,1,3,3,1,3,2,4,2,4,1,2,3,4,2,4,1,3,1,3,2,3,4,5,3,2,2,4,4,2,3,4,2,5/4/2014 6:29:00 PM
150007918,4,3,4,2,3,4,3,3,4,4,2,4,4,4,2,3,4,3,4,4,4,4,2,4,4,4,4,2,2,4,4,3,3,4,2,4,2,2,2,4,4,3,2,4,4,4,2,2,3,4,5/4/2014 6:32:07 PM
150005127,0,0,0,0,0,0,0,0,0,0,0,0,0,0,0,0,0,0,0,0,0,0,0,0,0,0,0,0,0,0,0,0,0,0,0,0,0,0,0,0,0,0,0,0,0,0,0,0,0,0,5/4/2014 6:33:04 PM
152004877,4,2,4,3,3,5,3,2,2,3,2,2,4,4,3,3,2,4,2,3,3,3,2,3,3,2,3,2,2,3,4,3,4,4,1,4,3,2,3,2,2,2,2,4,4,3,3,2,3,3,5/4/2014 6:35:20 PM
150005127,4,4,3,4,5,2,2,3,3,4,4,3,4,4,3,3,3,4,4,2,2,3,3,2,4,3,4,3,3,4,4,4,4,3,3,4,4,3,4,4,3,4,4,3,4,5,3,2,4,2,5/4/2014 6:36:53 PM
130000298,2,2,3,5,5,5,3,3,5,3,5,1,5,5,4,5,5,5,3,3,3,5,2,5,4,1,5,3,5,5,4,5,5,5,5,5,3,2,3,4,2,5,4,4,2,4,3,1,4,4,5/4/2014 6:50:10 PM
151002792,4,3,2,3,3,5,2,3,4,4,4,4,4,5,2,3,4,4,4,4,4,4,4,4,4,3,4,1,2,4,4,4,5,3,4,3,4,2,4,2,1,1,3,2,2,4,2,2,4,5,5/4/2014 7:35:11 PM
150005111,2,4,4,5,5,2,1,2,3,4,4,2,5,5,2,4,4,4,4,3,2,4,2,2,3,3,4,5,4,5,4,1,5,5,2,4,2,1,3,4,1,4,4,4,4,4,0,2,4,1,5/4/2014 7:39:13 PM
152002280,5,5,4,3,4,2,2,2,3,2,4,2,4,4,5,2,3,4,3,4,3,5,4,2,3,2,3,1,3,5,4,2,4,4,4,2,3,3,2,4,1,3,3,4,5,4,2,2,4,3,5/4/2014 8:00:33 PM
151000862,4,4,4,4,4,4,3,2,4,2,4,4,4,4,2,3,3,4,3,2,4,4,3,4,4,2,2,1,0,4,4,2,3,3,3,4,4,5,2,2,3,2,3,2,4,2,4,4,2,4,5/4/2014 8:02:26 PM
151000960,4,4,3,4,2,0,3,2,3,2,2,3,4,4,2,3,4,3,4,2,2,3,2,4,3,4,4,2,3,5,4,1,4,2,3,3,3,4,4,2,3,2,2,4,3,4,5,2,4,4,5/4/2014 8:19:36 PM
152001458,4,3,4,4,5,2,2,4,3,2,2,1,4,4,1,4,2,4,5,3,4,4,2,1,3,2,4,3,1,4,4,2,4,4,2,4,3,1,2,4,1,2,4,4,2,4,2,2,4,2,5/4/2014 8:20:02 PM
150005026,4,4,4,3,3,2,3,3,4,3,3,2,5,3,3,4,4,5,4,2,2,3,2,3,3,2,5,3,4,5,4,3,4,3,2,4,3,1,4,4,3,4,3,4,3,4,1,1,3,2,5/4/2014 8:24:05 PM
150004536,1,2,3,4,5,4,3,2,3,3,4,5,3,2,2,5,4,4,3,4,5,1,2,5,5,4,3,2,3,3,4,1,2,3,4,5,4,3,2,1,2,3,4,5,4,3,2,1,2,3,5/4/2014 8:30:59 PM
150007767,4,4,4,1,1,2,5,2,4,1,2,5,5,4,2,4,3,3,2,1,2,4,4,5,4,1,5,1,4,4,4,5,4,2,1,4,1,0,5,2,4,1,1,5,4,5,1,1,4,3,5/4/2014 8:53:07 PM
150004791,4,3,3,4,2,4,3,4,4,3,4,3,3,5,3,3,3,3,3,3,3,3,3,3,3,3,3,3,3,3,4,2,3,3,3,3,3,3,3,3,3,3,4,3,4,0,4,4,2,3,5/4/2014 9:15:21 PM
138008752,3,2,5,4,5,2,1,2,3,4,2,3,3,3,4,2,2,4,3,2,3,4,2,4,2,3,3,2,2,3,4,3,4,3,2,2,2,2,1,1,1,3,2,3,5,2,2,3,4,3,5/4/2014 9:31:38 PM
154005771,5,3,5,5,5,5,5,5,1,5,5,5,5,1,1,5,5,5,1,5,2,3,3,5,2,1,5,5,1,5,4,5,1,5,1,5,5,1,5,5,1,5,0,5,5,5,1,1,5,3,5/4/2014 9:44:10 PM
152009547,2,3,3,3,3,3,5,2,3,3,2,3,4,2,3,3,2,3,3,3,3,4,4,4,3,4,3,4,5,5,4,1,2,4,3,3,2,4,2,5,2,3,3,3,3,3,3,3,3,3,5/4/2014 9:51:02 PM
137007085,4,2,3,3,5,1,2,1,4,3,1,2,5,5,1,5,4,5,4,1,3,4,2,4,5,4,5,5,3,5,4,3,4,5,1,5,3,1,4,4,1,5,0,3,1,4,5,1,5,2,5/4/2014 9:55:17 PM
151002128,4,4,4,3,4,4,3,3,0,4,4,4,4,3,3,3,3,4,3,3,0,4,3,4,4,4,4,5,4,4,4,4,3,4,4,4,2,4,4,4,4,3,3,3,4,3,3,2,3,4,5/4/2014 10:01:07 PM
152007964,4,2,4,1,3,4,5,4,4,5,2,5,4,3,4,0,2,3,3,4,5,4,3,4,4,2,3,1,1,3,4,3,3,2,4,2,4,3,3,2,5,3,2,3,3,3,3,3,2,5,5/4/2014 10:09:06 PM
152004986,5,5,5,3,3,2,4,2,4,3,3,2,4,3,2,4,3,2,4,2,2,4,3,2,3,4,2,4,3,2,4,2,4,3,2,5,3,3,4,2,5,3,4,2,4,2,4,3,3,3,5/4/2014 10:11:55 PM
150008678,5,4,4,4,4,3,3,3,4,2,4,4,3,3,3,4,4,4,3,3,3,4,4,5,4,4,4,4,0,4,4,4,4,4,2,4,4,4,4,4,4,4,4,4,3,3,3,3,3,3,5/4/2014 10:12:15 PM
152008808,4,3,4,3,5,4,3,2,3,5,4,3,4,3,3,4,3,3,5,3,3,3,3,3,2,1,4,5,3,4,4,3,4,4,2,4,3,2,2,3,2,3,3,4,3,0,0,0,0,3,5/4/2014 10:25:46 PM
152004751,5,3,1,1,5,5,5,3,5,5,0,1,5,5,1,1,1,5,3,5,5,5,5,1,5,1,5,1,1,1,4,1,5,5,4,2,2,2,5,1,1,1,1,1,5,1,5,2,2,5,5/4/2014 10:27:51 PM
150006017,4,5,4,3,5,2,2,3,3,5,1,1,5,5,2,3,5,5,3,2,2,3,2,2,2,2,5,3,5,4,4,3,5,2,2,3,2,2,4,4,3,5,2,4,4,4,1,4,5,1,5/4/2014 10:46:34 PM
152004472,4,4,4,3,3,4,3,3,4,4,3,3,5,3,3,2,3,4,3,4,3,4,3,3,3,3,4,2,4,5,4,2,4,3,4,3,2,2,4,3,3,4,3,4,4,4,2,2,4,3,5/4/2014 10:54:45 PM
140008444,4,3,3,2,4,4,2,3,4,3,2,3,3,4,2,4,3,3,4,4,4,3,3,2,3,2,4,2,3,4,4,4,4,4,2,3,3,2,4,3,2,2,3,3,3,3,4,2,4,4,5/4/2014 11:04:56 PM
133005531,2,2,4,1,4,4,3,2,4,2,2,2,1,2,1,1,1,4,2,2,4,2,2,1,2,2,3,2,1,5,4,4,4,2,3,2,2,2,3,2,3,2,2,2,3,5,2,2,2,3,5/4/2014 11:15:32 PM
150002819,5,3,4,2,2,5,2,3,4,2,2,4,4,4,2,4,2,4,4,4,4,2,4,4,4,4,4,1,2,4,4,3,4,2,3,4,4,2,2,4,2,2,2,4,4,2,4,2,2,2,5/4/2014 11:19:30 PM
153001855,3,3,3,3,3,3,3,4,4,3,3,3,4,1,1,3,3,5,4,3,3,3,1,3,3,3,3,3,3,3,4,3,3,3,3,4,3,3,3,3,3,3,3,3,3,3,3,3,3,3,5/4/2014 11:27:51 PM
127008697,3,3,4,2,5,4,4,2,3,5,2,5,5,5,1,2,2,4,4,4,3,3,2,2,4,2,5,3,1,5,4,4,4,3,2,2,4,1,4,2,4,4,4,4,4,5,3,3,5,2,5/4/2014 11:57:08 PM
153002270,3,3,3,3,3,3,3,3,3,3,3,4,3,3,3,1,3,5,3,3,3,3,3,3,5,4,3,3,3,3,4,2,3,3,3,3,3,3,3,3,3,4,3,1,4,1,5,2,4,3,5/5/2014 12:01:21 AM
152004556,4,3,5,4,3,2,4,1,4,4,3,4,4,4,3,4,3,4,4,4,3,4,3,4,4,2,4,2,3,4,4,4,3,4,3,4,3,2,3,3,1,4,4,3,4,4,3,2,4,3,5/5/2014 12:18:08 AM
151006625,5,3,2,3,5,3,2,3,3,5,3,1,4,4,3,3,1,3,2,3,3,3,3,1,4,4,3,1,3,3,4,3,3,3,3,3,4,3,2,3,3,3,1,3,4,1,4,5,5,5,5/5/2014 12:29:09 AM
152009112,3,3,4,4,4,2,1,2,4,4,4,4,4,4,2,4,4,4,4,4,4,0,4,4,2,4,4,2,4,4,4,4,2,2,4,4,4,3,2,4,4,4,2,2,4,4,2,4,4,4,5/5/2014 1:22:45 AM
150001995,4,1,3,2,5,3,3,2,4,4,2,4,4,4,2,4,2,4,4,2,3,3,4,4,3,4,4,1,1,4,4,4,4,4,4,3,3,2,3,2,3,4,2,2,2,4,2,3,3,5,5/5/2014 2:38:31 AM
151004891,3,3,4,3,2,3,3,3,4,4,3,3,3,4,2,4,3,3,3,3,2,4,4,3,2,5,4,3,4,3,4,3,2,4,4,3,4,4,4,4,5,4,4,4,4,4,4,2,4,4,5/5/2014 2:45:10 AM
152005172,5,2,4,2,4,5,3,4,4,3,2,5,4,3,2,1,3,3,5,1,2,2,2,3,5,1,4,3,1,2,4,1,4,3,1,5,5,2,3,2,3,4,0,5,3,3,3,2,4,4,5/5/2014 8:23:03 AM
152005172,5,3,4,2,4,5,3,4,4,3,3,2,4,2,3,1,2,4,5,2,2,1,3,3,4,1,4,1,1,3,4,2,4,4,2,5,5,2,4,2,2,4,0,5,4,4,2,2,4,4,5/5/2014 8:33:20 AM
153003738,4,1,2,1,5,4,3,3,3,2,1,1,3,4,5,1,3,2,2,4,3,4,3,1,3,4,2,1,1,2,5,2,5,1,4,1,4,5,3,3,5,1,1,2,1,1,3,5,2,4,5/5/2014 9:54:24 AM
150006922,0,0,0,0,0,0,0,0,0,0,0,0,0,0,0,0,0,0,0,0,0,0,0,0,0,0,0,0,0,0,0,0,0,0,0,0,0,0,0,0,0,0,0,0,0,0,0,0,0,0,5/5/2014 10:49:27 AM
150006922,0,0,0,0,0,0,0,0,0,0,0,0,0,0,0,0,0,0,0,0,0,0,0,0,0,0,0,0,0,0,4,0,0,0,0,0,0,0,0,0,0,0,0,0,0,0,0,0,0,0,5/5/2014 10:57:01 AM
151002990,5,3,4,2,2,4,3,3,4,2,4,4,5,5,4,2,3,4,2,2,3,4,2,4,3,2,4,1,3,3,4,3,3,2,2,2,4,4,4,2,4,3,2,4,3,2,3,3,4,4,5/5/2014 11:03:43 AM
150006922,4,4,5,2,4,4,4,3,5,4,4,0,0,0,0,0,0,0,0,0,0,0,0,0,0,0,0,0,0,0,0,0,0,0,0,0,0,0,0,0,0,0,0,0,0,0,0,0,0,0,5/5/2014 11:08:07 AM
150006922,4,4,5,2,3,4,4,2,0,0,0,0,0,0,0,0,0,0,0,0,0,0,0,0,0,0,0,0,0,0,0,0,0,0,0,0,0,0,0,0,0,0,0,0,0,0,0,0,0,0,5/5/2014 11:10:33 AM
150006922,4,4,5,2,3,4,4,1,5,4,5,4,4,5,2,2,4,4,2,4,2,5,2,4,4,2,4,1,0,0,0,0,0,0,0,0,0,0,0,0,0,0,0,0,0,0,0,0,0,0,5/5/2014 11:15:57 AM
150006922,5,4,5,2,3,4,4,1,5,4,4,4,4,5,1,1,4,4,2,5,2,5,2,4,4,2,4,1,4,3,4,2,4,2,3,4,2,4,3,3,4,2,3,3,4,4,3,3,4,4,5/5/2014 11:21:59 AM
151006693,4,2,4,2,4,3,2,2,3,4,2,3,2,5,2,3,3,3,2,1,3,3,2,3,3,2,4,1,2,3,4,1,4,3,2,3,3,3,4,3,1,2,2,3,5,3,3,3,3,3,5/5/2014 11:29:21 AM
136001408,3,3,5,4,4,3,2,4,3,2,2,4,4,5,2,2,2,3,4,2,4,3,2,4,4,1,5,2,3,5,4,3,4,4,3,5,2,3,3,3,4,4,3,3,4,4,2,1,4,2,5/5/2014 12:29:17 PM
151002620,4,3,3,2,4,4,1,3,4,1,2,2,4,5,2,3,2,4,3,4,5,4,4,2,4,2,4,1,1,4,4,3,4,3,2,3,4,3,2,2,2,3,4,4,2,4,3,2,4,5,5/5/2014 1:20:24 PM
138008082,4,3,4,2,4,5,2,2,4,3,1,4,4,3,2,2,3,4,5,4,4,3,2,3,4,2,4,1,1,4,4,4,5,4,3,3,3,2,3,2,3,2,3,2,1,2,5,2,4,4,5/5/2014 1:33:00 PM
151002559,3,4,5,2,4,2,2,3,4,4,0,3,4,4,4,3,4,4,4,3,3,4,3,3,4,2,4,1,3,4,4,3,5,5,4,4,3,4,4,4,2,4,4,4,5,4,1,2,4,2,5/5/2014 1:38:07 PM
145004573,2,2,5,2,5,1,2,3,5,4,3,2,2,2,1,2,3,4,2,3,4,3,3,2,4,1,5,3,1,5,4,4,4,4,2,3,3,2,3,4,3,2,2,3,2,4,2,1,4,2,5/5/2014 2:00:06 PM
151007493,4,4,5,5,5,2,2,3,4,5,4,3,4,3,1,4,4,4,4,4,2,4,5,3,4,1,5,4,2,4,4,2,4,4,1,5,5,1,5,4,1,4,0,5,1,5,2,1,5,1,5/5/2014 2:20:36 PM
153001505,5,2,4,2,5,4,1,2,5,5,3,4,4,5,2,3,4,4,3,4,3,4,5,5,4,3,3,3,2,5,4,2,5,4,4,3,4,4,2,3,3,1,3,5,4,4,5,1,4,3,5/5/2014 2:27:26 PM
153005118,5,4,5,3,5,3,5,2,4,5,3,3,4,5,2,3,2,5,2,5,3,5,1,4,4,2,5,3,4,5,4,3,5,5,1,5,2,2,2,5,2,4,4,2,3,5,2,2,3,2,5/5/2014 2:29:43 PM
150001217,4,5,5,5,5,5,5,3,4,5,5,2,5,1,2,5,4,4,2,2,2,4,1,2,4,1,4,4,2,4,4,5,5,4,3,4,5,1,4,3,2,4,0,5,5,4,1,4,5,2,5/5/2014 2:31:23 PM
150007293,5,4,5,3,3,3,3,3,4,3,3,3,0,2,2,4,4,5,5,3,3,4,3,3,3,3,4,2,1,5,3,3,3,4,4,3,3,2,3,4,2,3,1,3,4,3,3,2,3,2,5/5/2014 2:43:51 PM
150007402,5,4,4,5,5,3,3,4,4,3,2,4,4,5,5,4,3,4,2,3,3,4,2,4,4,1,5,2,1,3,4,4,3,4,3,4,3,4,3,3,0,4,3,4,4,3,4,4,4,4,5/5/2014 2:54:03 PM
153002825,5,3,3,3,4,5,3,3,4,4,3,4,3,4,2,3,3,2,3,4,4,4,4,4,4,3,4,2,2,3,4,4,4,4,3,3,4,3,3,2,3,4,4,2,3,3,3,3,3,2,5/5/2014 3:13:43 PM
150005504,5,3,2,4,5,4,3,2,2,5,1,5,5,1,3,4,3,3,5,3,3,5,3,5,3,4,2,1,3,3,4,3,3,4,5,3,2,2,3,2,1,2,4,4,5,4,3,2,3,3,5/5/2014 3:18:10 PM
150008925,4,3,2,1,2,3,4,5,5,4,5,3,3,3,2,4,2,1,5,1,4,3,2,2,2,3,4,3,4,3,3,5,5,3,2,4,5,2,4,2,4,0,1,5,5,3,3,3,3,3,5/5/2014 3:28:20 PM
153002274,5,5,5,1,5,4,5,1,3,1,2,5,4,2,4,1,1,4,4,5,2,1,5,5,5,2,4,1,1,5,4,1,4,1,5,4,4,1,1,3,5,1,1,4,1,5,4,1,3,5,5/5/2014 4:18:42 PM
152002517,4,3,3,3,3,4,2,3,4,2,2,4,5,5,4,5,3,3,3,2,4,3,4,4,3,4,4,1,2,3,4,1,5,4,2,4,4,2,2,2,2,2,3,3,2,4,5,2,2,4,5/5/2014 4:25:00 PM
152001827,4,1,3,4,3,5,4,3,5,4,1,5,5,5,4,2,4,5,3,5,4,5,2,5,4,4,5,2,1,5,4,3,5,3,4,5,4,2,3,4,1,5,2,4,5,4,3,2,4,3,5/5/2014 4:33:44 PM
152005130,4,5,4,3,5,1,1,2,4,5,3,2,4,2,1,4,5,5,1,3,2,3,1,1,2,2,5,4,3,5,4,3,4,4,1,5,1,2,1,5,2,4,4,2,5,5,2,1,4,1,5/5/2014 4:50:21 PM
150007925,5,3,4,2,4,4,4,2,4,2,3,2,4,5,3,1,3,4,2,4,3,2,3,2,3,2,3,1,2,2,4,0,2,1,3,1,4,4,4,2,4,4,2,1,3,2,3,4,1,5,5/5/2014 5:04:25 PM
150004813,3,3,3,2,4,4,4,3,3,3,3,3,3,5,2,3,2,3,1,4,2,3,3,3,3,4,4,1,3,4,4,3,2,4,2,3,3,3,3,2,4,4,2,3,3,3,4,4,3,4,5/5/2014 6:29:49 PM
145000797,5,3,5,3,5,4,3,3,3,4,0,4,4,5,3,4,4,3,5,4,3,4,3,5,5,4,4,1,4,4,4,3,3,4,3,5,5,3,4,4,3,3,0,1,3,4,3,3,3,4,5/5/2014 7:27:54 PM
152009323,4,4,5,5,4,4,3,3,4,3,2,3,5,2,3,4,4,4,5,3,1,3,2,2,4,3,4,5,4,5,4,4,4,5,1,4,2,2,2,4,4,4,4,3,5,4,4,3,5,2,5/5/2014 7:56:07 PM
152009754,4,2,5,3,4,5,2,2,4,4,4,2,4,5,5,3,4,4,3,4,5,4,4,2,4,2,5,2,2,4,4,3,4,4,2,5,2,4,4,4,2,4,4,3,4,5,2,2,4,2,5/5/2014 7:58:52 PM
149009223,5,3,4,4,2,4,3,2,4,2,4,2,4,5,2,3,1,0,3,5,4,5,4,3,4,4,4,1,2,4,4,2,3,4,1,3,3,2,4,1,3,2,3,4,3,2,3,2,4,4,5/5/2014 8:11:16 PM
153007378,4,2,0,4,3,4,2,3,4,5,2,4,3,5,2,3,3,4,4,4,3,4,2,2,4,1,5,2,3,4,4,4,4,4,2,3,4,2,2,2,3,3,3,3,2,3,3,3,4,4,5/5/2014 8:18:37 PM
152009961,4,4,4,2,4,4,2,2,5,4,2,3,4,4,2,1,2,4,4,1,4,4,5,4,4,1,4,1,1,5,4,4,5,4,2,4,4,4,3,2,2,2,3,4,4,4,4,4,4,4,5/5/2014 8:34:51 PM
152001881,4,4,4,5,5,2,1,2,3,5,4,3,5,5,5,5,5,3,5,2,2,4,2,4,4,2,5,5,3,5,4,5,5,5,2,5,2,2,4,2,2,2,3,3,2,5,4,2,4,1,5/5/2014 8:48:49 PM
153004719,3,5,4,4,4,4,2,2,4,4,5,2,5,2,1,4,5,4,5,3,2,4,2,2,4,2,4,4,4,4,4,4,4,4,2,5,3,2,5,4,1,4,4,5,4,4,2,2,4,1,5/5/2014 9:59:36 PM
151005160,3,2,2,2,4,2,2,3,4,4,2,2,4,4,3,3,2,4,4,2,2,4,2,2,2,2,3,2,2,4,4,2,4,3,2,4,2,2,2,4,2,2,1,4,2,2,2,3,4,2,5/5/2014 10:09:12 PM
152008596,5,3,4,2,3,3,2,3,4,3,3,2,3,3,2,3,3,4,4,4,3,3,2,4,3,3,3,2,2,4,4,2,4,4,2,4,3,4,3,2,3,2,4,3,4,4,3,3,2,3,5/5/2014 10:48:11 PM
149009853,4,2,1,1,4,3,2,2,5,4,2,3,2,2,2,3,1,3,4,3,3,2,4,3,4,2,2,2,1,3,4,3,3,3,3,3,3,3,3,3,3,3,3,3,3,3,3,3,3,3,5/5/2014 11:31:45 PM
137000322,5,3,3,1,2,5,1,5,4,3,2,5,3,5,3,2,3,3,2,5,3,3,5,5,4,4,5,1,2,2,4,2,2,2,2,1,2,1,2,1,1,2,1,2,1,2,1,2,1,1,5/6/2014 2:04:30 AM
152002372,4,3,4,3,5,2,2,2,4,4,3,4,4,4,2,4,4,4,3,2,2,4,3,4,3,4,4,3,3,4,4,3,4,4,2,4,3,2,2,4,1,4,3,4,3,3,2,2,4,3,5/6/2014 2:37:11 AM
113006875,5,3,5,1,5,3,1,1,1,5,1,1,4,1,5,5,5,5,5,3,1,5,1,2,1,1,4,5,1,1,4,5,4,5,5,1,1,1,2,5,4,2,4,2,5,5,1,1,4,1,5/6/2014 3:19:01 AM
150003992,3,5,4,1,5,2,3,1,4,5,5,5,5,5,2,1,5,5,5,5,4,5,3,2,5,4,3,1,5,4,5,3,3,3,3,3,3,3,3,3,3,3,3,3,3,3,3,3,3,3,5/6/2014 11:03:38 AM
151004873,4,3,4,3,5,2,3,1,3,3,3,4,4,5,3,4,3,4,4,3,5,4,4,4,4,1,3,4,3,0,4,2,4,4,2,3,4,2,2,3,2,2,2,3,1,0,3,2,4,2,5/6/2014 11:12:29 AM
151001173,4,3,5,2,5,3,2,2,3,4,2,4,4,2,2,3,4,4,3,4,3,4,3,4,4,2,4,3,2,4,4,3,4,3,3,4,3,3,3,4,3,2,1,3,4,4,2,2,4,3,5/6/2014 11:17:58 AM
148007157,5,2,2,1,3,3,4,3,4,5,2,4,2,4,3,2,3,2,4,4,4,2,3,4,3,2,2,2,1,2,4,3,4,3,4,2,4,3,3,3,3,2,2,2,2,3,4,3,3,4,5/6/2014 12:49:37 PM
151008349,5,1,3,1,5,5,3,3,5,1,2,4,2,4,3,2,2,3,4,4,5,2,2,3,3,3,2,1,1,3,4,1,4,2,5,3,5,4,4,2,2,3,2,3,3,4,4,4,2,5,5/6/2014 12:56:56 PM
150008530,4,3,4,4,3,4,3,4,4,3,4,4,3,4,2,4,4,3,4,3,2,4,4,2,3,4,4,2,4,2,3,3,3,4,4,4,4,3,4,3,4,4,4,3,5,4,5,3,4,4,5/6/2014 1:04:38 PM
150005885,4,5,1,1,3,4,2,4,3,3,1,5,4,3,3,5,4,3,2,1,2,3,4,5,4,1,5,2,4,3,4,3,5,2,3,4,4,4,4,4,5,3,4,2,2,2,2,2,2,5,5/6/2014 1:36:26 PM
150009880,4,4,3,4,3,2,4,4,3,3,4,5,3,2,2,4,3,2,4,3,3,2,4,2,1,3,2,3,3,4,4,4,2,3,2,2,5,4,3,4,2,4,3,4,3,5,5,4,2,3,5/6/2014 1:55:18 PM
151003242,3,4,4,5,4,2,1,2,3,5,4,2,4,4,3,5,4,4,3,2,2,2,2,2,2,3,4,3,3,4,3,2,4,5,2,4,3,1,4,4,1,4,2,4,5,4,2,1,4,2,5/6/2014 2:33:44 PM
150003706,5,2,3,3,5,5,5,2,1,2,2,4,4,5,3,5,3,2,2,4,4,5,1,5,3,1,4,1,1,4,4,1,2,5,1,5,4,5,5,2,3,3,1,2,5,4,5,1,4,5,5/6/2014 2:37:53 PM
150008925,3,3,3,3,3,3,3,3,3,3,3,3,3,3,3,3,3,3,3,3,3,3,3,3,3,3,3,3,3,3,3,3,3,3,3,3,3,3,3,3,3,3,3,3,3,3,3,3,3,3,5/6/2014 3:44:30 PM
150002273,3,3,3,3,3,3,3,3,3,3,3,3,3,3,3,4,3,3,4,2,3,3,3,3,3,3,3,3,3,3,3,3,3,2,3,2,3,2,3,2,3,3,3,3,3,3,3,3,2,4,5/6/2014 4:02:58 PM
151004563,5,4,3,4,5,4,2,4,4,4,4,3,4,3,2,4,4,4,3,3,2,5,2,2,4,2,4,3,4,4,4,4,4,4,2,4,2,3,4,4,2,4,4,4,4,4,2,2,4,2,5/6/2014 4:05:04 PM
151000395,4,4,3,5,5,5,2,4,4,3,3,4,3,4,4,3,3,3,4,4,2,3,2,5,3,4,5,4,1,3,4,4,3,3,3,4,4,3,4,4,1,4,4,5,3,2,4,3,3,2,5/6/2014 4:14:16 PM
151009757,4,2,2,2,5,3,3,2,4,3,1,2,5,4,4,3,3,3,4,3,4,4,3,3,4,3,4,3,2,4,4,2,4,2,2,3,3,5,3,3,2,2,4,2,1,4,2,2,3,2,5/6/2014 4:40:03 PM
150004061,5,4,2,2,4,5,4,3,2,4,1,3,4,5,2,3,3,1,3,4,5,3,4,3,2,2,4,1,3,3,5,4,5,4,2,3,2,3,5,3,2,2,4,2,4,3,4,4,2,4,5/6/2014 4:46:04 PM
150004061,4,4,2,2,4,4,4,3,4,4,3,3,4,5,2,4,0,2,3,5,2,3,4,2,3,2,4,1,3,3,4,3,5,4,2,4,3,3,4,2,4,4,4,2,3,3,4,3,3,4,5/6/2014 5:21:22 PM
152006235,5,3,4,4,4,1,2,5,5,2,3,4,2,5,5,5,2,3,3,5,4,4,4,2,0,4,2,1,1,1,4,1,4,5,5,3,3,4,4,5,5,4,4,3,5,2,3,4,3,5,5/6/2014 5:46:24 PM
152004376,5,3,4,1,3,4,5,3,5,4,4,4,3,4,2,4,2,2,2,4,5,3,3,5,4,4,3,1,2,2,4,4,4,3,4,2,4,4,2,2,4,4,2,2,3,4,3,3,2,4,5/6/2014 7:02:07 PM
152009422,4,4,4,4,4,4,3,3,3,3,3,3,3,3,3,3,3,4,4,3,4,3,3,3,3,3,3,3,4,4,4,3,3,3,5,5,5,2,3,4,3,4,4,2,3,4,4,4,3,3,5/6/2014 7:02:42 PM
146006585,4,3,3,4,4,5,5,3,4,4,3,5,3,5,2,4,3,4,4,4,5,3,4,5,4,3,3,1,3,4,4,5,5,4,1,4,2,1,1,3,2,3,3,4,4,3,3,1,3,1,5/6/2014 7:21:54 PM
151007581,5,4,4,2,4,5,2,3,4,3,4,2,5,5,2,3,4,4,4,4,3,4,4,4,5,2,4,2,3,4,4,3,5,4,2,3,2,2,4,2,3,2,2,4,4,4,3,2,4,3,5/6/2014 7:22:27 PM
143008788,3,3,3,3,3,3,3,3,3,3,3,3,3,3,3,3,3,3,3,3,3,3,3,3,3,3,3,3,3,3,3,3,3,3,3,3,3,3,3,3,3,3,3,3,3,3,3,3,3,3,5/6/2014 8:09:06 PM
152009642,3,4,4,4,3,3,3,2,4,3,0,3,2,4,2,0,4,4,4,3,3,4,3,4,2,3,3,4,3,4,4,2,4,4,2,3,3,2,3,4,2,3,3,4,4,4,2,2,3,2,5/6/2014 8:17:32 PM
140003068,4,2,4,3,5,3,2,1,4,2,2,4,5,4,1,4,3,4,4,2,2,2,4,4,3,1,2,4,2,5,4,2,4,5,1,5,3,2,3,4,2,3,1,4,2,5,2,2,4,2,5/6/2014 8:35:09 PM
152000909,4,4,4,4,4,4,4,4,4,4,4,4,4,4,4,4,4,4,4,3,4,3,3,4,5,4,4,0,5,5,4,3,3,3,3,3,3,3,4,4,4,4,4,5,5,5,2,2,2,1,5/6/2014 9:30:46 PM
146009506,3,4,2,2,4,2,3,3,4,3,1,3,1,4,2,2,2,3,4,2,1,1,2,3,4,0,4,3,1,4,4,2,3,3,1,4,1,2,2,3,2,3,2,3,4,2,2,2,4,3,5/6/2014 10:02:13 PM
152006649,5,4,5,3,4,2,4,3,4,4,4,4,4,3,2,3,4,3,4,4,4,4,2,3,4,3,4,4,3,4,4,4,4,4,3,4,4,2,4,4,3,4,4,4,3,4,2,2,5,2,5/6/2014 11:36:44 PM
153000215,4,5,5,5,4,2,2,5,2,5,5,3,5,2,1,5,4,5,5,1,2,4,4,2,2,1,5,4,5,5,4,4,5,5,1,5,5,1,4,5,1,5,0,5,5,5,1,1,5,2,5/6/2014 11:54:04 PM
153002842,4,4,4,2,4,5,2,2,4,1,2,5,4,5,3,1,1,2,1,5,5,4,3,5,2,2,2,2,2,5,4,4,5,3,5,5,1,4,5,2,4,2,2,4,2,2,4,1,1,5,5/7/2014 12:03:04 AM
150008341,5,1,3,2,4,4,4,3,5,2,3,2,2,5,2,3,4,2,4,3,4,2,4,2,3,4,1,1,3,2,4,2,3,4,2,3,4,2,3,2,2,2,3,3,4,1,5,4,4,2,5/7/2014 12:36:14 AM
151003342,5,5,5,4,4,4,4,4,3,3,3,3,3,4,3,4,4,3,3,4,3,3,3,4,2,2,2,3,5,4,3,4,5,2,3,4,2,2,3,3,4,3,3,2,3,4,4,4,3,4,5/7/2014 1:22:04 AM
150007633,3,4,4,3,2,4,4,4,4,4,4,5,3,5,4,5,2,4,4,2,3,5,2,3,4,3,4,3,3,4,4,2,5,4,3,4,2,2,4,3,3,4,1,3,4,2,3,2,2,2,5/7/2014 2:06:24 AM
150009145,3,2,3,4,3,4,4,2,5,3,2,2,5,5,2,3,2,3,5,1,4,2,3,2,4,3,5,2,1,3,4,4,4,3,3,5,4,2,3,2,2,0,2,2,3,3,3,3,3,4,5/7/2014 2:36:34 AM
152000591,4,4,4,3,3,2,2,1,5,3,4,2,3,2,2,3,3,4,3,3,2,2,3,1,3,2,4,3,3,5,4,3,4,3,2,5,2,2,3,4,2,3,3,3,2,3,1,2,4,2,5/7/2014 10:04:11 AM
146009500,4,5,4,4,3,4,1,1,3,4,2,4,2,3,1,4,3,4,4,2,3,4,3,2,2,2,4,3,2,5,4,1,5,3,2,5,1,2,2,4,1,2,4,5,4,4,2,1,4,1,5/7/2014 12:05:01 PM
150003605,5,3,4,3,4,4,2,3,4,4,3,3,4,5,4,3,3,3,3,4,4,3,2,3,0,2,3,2,2,5,4,2,3,2,5,4,4,4,4,3,2,1,3,1,3,4,3,4,3,3,5/7/2014 1:02:32 PM
152001486,3,4,4,3,4,5,3,3,3,4,4,3,3,4,4,3,4,4,3,3,3,4,4,3,5,2,4,3,4,4,4,4,5,3,2,4,3,2,4,2,2,3,4,4,2,4,4,2,4,3,5/7/2014 1:45:06 PM
150007397,4,4,3,2,4,4,2,1,4,4,4,3,4,5,3,3,2,4,3,3,3,4,4,3,3,4,2,3,2,4,4,3,4,3,2,2,4,4,4,3,3,2,2,2,3,4,3,3,4,3,5/7/2014 1:52:14 PM
150008858,4,2,4,2,4,4,2,4,4,3,2,4,3,5,4,4,3,4,5,4,4,2,4,4,4,2,4,3,4,4,4,4,4,3,2,4,4,3,4,4,1,4,2,4,4,4,2,1,4,2,5/7/2014 2:27:07 PM
127006286,4,3,3,2,2,4,2,1,4,2,3,4,4,5,2,2,3,2,4,3,4,3,2,5,3,3,4,2,3,4,4,1,4,4,4,4,3,2,4,3,3,2,2,4,5,4,3,2,4,4,5/7/2014 2:42:11 PM
151000111,4,5,4,5,4,2,3,4,4,3,4,3,4,5,3,5,4,4,5,3,2,4,2,3,4,4,4,4,5,4,4,3,4,4,4,4,3,4,3,4,2,3,4,4,3,4,2,2,4,2,5/7/2014 5:48:06 PM
133003971,5,2,3,1,1,5,5,5,5,5,4,5,4,3,1,1,1,2,3,5,5,4,5,5,4,5,5,1,1,1,5,5,3,3,5,1,5,5,5,1,5,2,1,1,1,1,5,3,1,5,5/7/2014 6:42:05 PM
151005227,5,4,5,5,5,4,4,2,5,4,4,2,5,3,1,4,2,5,4,2,3,4,2,4,4,1,4,3,2,5,4,2,4,4,1,5,2,2,2,2,1,4,3,4,4,4,3,2,2,3,5/7/2014 7:22:12 PM
150004121,4,3,2,3,4,2,3,3,2,4,3,2,4,4,4,4,3,4,4,4,3,2,3,3,3,2,4,4,2,4,4,3,5,4,3,4,3,2,4,4,3,3,4,4,2,4,4,3,3,1,5/7/2014 7:44:59 PM
151008397,5,4,4,4,4,3,2,3,4,4,4,2,4,2,2,4,4,4,4,3,2,4,2,2,4,1,4,4,4,4,4,2,5,4,2,4,2,2,0,4,2,3,1,3,4,4,2,1,3,2,5/7/2014 10:27:24 PM
150008003,4,5,5,4,5,3,2,2,3,5,3,3,5,1,2,5,4,5,5,2,2,4,2,2,4,1,4,5,3,4,4,2,4,5,1,5,1,2,3,4,1,3,3,5,3,4,2,1,4,2,5/8/2014 12:39:44 AM
150009529,5,2,4,3,3,5,4,5,5,3,4,2,4,5,3,1,4,5,4,5,0,3,2,4,5,4,2,1,2,4,4,2,3,1,1,1,4,3,3,2,4,2,3,2,4,1,2,4,3,5,5/8/2014 11:50:39 AM
134006086,5,3,4,2,4,4,4,4,4,3,4,4,4,5,4,2,4,4,4,4,4,2,3,4,4,4,4,1,4,2,4,4,4,4,2,4,4,2,3,2,5,3,4,3,3,4,4,2,3,4,5/8/2014 1:33:57 PM
146003890,2,1,3,2,5,1,1,3,2,5,4,5,3,4,1,4,5,3,5,5,2,1,1,2,4,2,4,5,4,4,4,2,3,5,1,4,2,1,4,3,3,1,1,2,1,5,1,1,3,1,5/8/2014 2:32:49 PM
153000242,3,3,4,2,5,4,3,3,3,4,3,3,3,3,3,2,3,5,3,3,3,3,1,4,3,3,3,2,3,3,3,3,4,3,4,4,2,4,3,3,3,4,3,3,3,3,3,3,3,3,5/8/2014 3:52:30 PM
152004958,4,3,4,3,4,4,3,3,4,4,3,2,4,3,2,3,4,4,5,2,2,4,2,2,3,2,4,2,2,4,4,3,5,3,2,4,4,2,4,4,2,2,2,3,1,4,2,2,4,2,5/8/2014 4:08:31 PM
150009021,5,1,1,1,5,5,3,2,2,3,3,3,3,3,3,3,4,2,0,2,5,5,2,2,3,3,4,4,3,1,4,3,3,3,4,4,4,2,4,0,4,3,4,4,2,2,3,3,3,4,5/8/2014 10:05:08 PM
150006866,3,4,4,3,3,4,2,3,3,3,4,4,3,2,4,4,4,5,3,3,2,3,4,5,3,3,4,5,5,3,3,4,4,4,3,3,2,2,3,2,1,3,3,4,3,3,4,4,5,5,5/8/2014 10:18:51 PM
154008220,4,4,3,4,4,4,5,3,4,5,3,5,5,4,2,3,3,3,2,2,2,3,2,4,4,2,4,2,3,3,4,4,4,4,2,3,2,2,4,2,4,3,4,4,2,4,3,2,2,4,5/8/2014 11:16:37 PM
145006848,1,1,3,4,5,2,5,1,4,4,1,5,1,5,1,4,2,5,5,0,5,1,2,5,4,5,5,1,1,5,4,5,5,5,5,5,5,5,5,5,5,5,0,5,5,5,5,5,5,5,5/8/2014 11:27:24 PM
152009763,2,3,3,3,4,2,4,2,4,4,1,5,4,1,3,2,2,4,4,3,3,4,4,2,4,3,5,3,4,2,3,4,3,4,2,4,3,3,3,3,3,3,2,4,2,3,2,4,3,2,5/8/2014 11:31:15 PM
145000135,4,4,4,4,4,4,4,4,4,4,4,4,4,4,4,4,4,4,4,4,4,4,4,4,4,4,4,4,4,4,4,4,4,4,4,4,4,4,4,4,4,4,4,4,4,4,4,4,4,4,5/8/2014 11:41:23 PM
152005206,1,1,3,2,4,3,1,3,3,3,3,2,0,1,3,3,3,5,4,3,3,3,3,3,3,3,3,3,3,3,3,3,3,3,3,3,3,3,3,3,3,3,3,3,3,3,3,3,3,3,5/9/2014 12:23:34 AM
154000062,3,3,4,4,5,3,3,2,4,5,3,3,5,3,2,4,4,5,5,3,3,2,2,2,3,2,3,4,3,4,4,5,4,5,3,4,3,2,2,3,2,3,4,3,3,3,2,2,4,2,5/9/2014 1:20:19 AM
151002766,5,2,3,3,5,4,3,3,4,2,3,4,3,5,3,3,3,4,3,5,4,3,3,4,3,4,3,3,3,2,4,2,4,3,4,2,4,3,4,2,4,3,3,1,2,3,4,3,3,4,5/9/2014 3:41:38 AM
145001289,5,5,0,5,5,5,5,4,5,2,2,5,2,2,2,2,3,5,5,2,5,2,5,5,5,5,5,4,2,5,4,5,5,5,5,5,5,5,5,3,4,4,0,4,5,4,2,5,4,4,5/9/2014 12:48:08 PM
150005441,4,3,3,2,4,2,3,3,4,2,3,4,2,5,3,2,2,4,3,4,4,4,3,3,4,3,3,2,3,4,4,4,3,4,4,2,4,4,3,3,4,2,3,4,4,3,3,4,3,3,5/9/2014 9:30:14 PM
152004477,4,5,3,3,3,2,2,2,4,1,4,3,4,3,2,3,0,0,4,3,2,3,3,2,4,2,4,3,4,3,4,5,5,4,3,3,2,2,2,4,2,4,3,4,3,4,2,2,3,2,5/9/2014 10:02:00 PM
153004570,5,1,4,3,5,5,3,2,5,5,5,3,5,5,5,5,4,4,4,2,2,1,5,5,4,2,5,2,4,4,4,3,5,5,2,4,2,3,4,3,2,4,1,5,5,3,4,1,5,3,5/9/2014 10:36:18 PM
152009325,4,3,3,1,4,2,4,2,5,5,3,2,4,2,5,1,2,2,1,2,2,4,4,4,4,4,1,1,1,2,4,2,4,3,2,3,4,3,4,4,3,3,1,4,3,4,4,2,4,5,5/9/2014 11:59:51 PM
154001867,4,4,4,2,4,4,2,2,4,4,3,4,3,4,2,2,3,4,4,4,3,3,4,4,4,4,2,2,3,3,4,3,4,3,3,3,2,3,4,3,3,3,1,3,2,4,3,2,3,3,5/10/2014 12:17:50 AM
152001042,5,2,4,3,5,3,2,3,5,3,2,2,4,5,2,5,4,5,5,4,4,4,2,3,3,2,4,5,3,4,4,2,4,4,2,4,2,4,3,5,2,3,3,3,3,5,1,2,4,2,5/10/2014 2:35:55 AM
152006283,5,3,3,3,3,3,3,3,3,3,3,3,3,5,3,2,2,3,3,4,4,4,3,3,3,3,3,1,3,3,4,3,3,3,3,3,3,3,3,3,3,3,3,3,3,3,3,3,3,3,5/10/2014 3:18:06 AM
150005656,5,3,4,2,3,2,5,4,4,2,2,2,3,4,2,3,4,4,4,4,4,5,2,2,3,3,3,1,2,5,4,3,4,4,3,4,2,4,4,4,2,4,4,3,5,4,2,3,4,2,5/10/2014 10:52:46 AM
151001942,4,3,3,4,4,3,2,3,3,3,3,3,3,5,2,3,3,3,3,3,3,3,3,3,3,3,3,3,3,3,4,3,3,3,3,3,3,3,3,3,3,3,3,3,3,3,3,2,3,2,5/10/2014 11:00:23 AM
147002356,3,3,3,2,4,5,4,4,3,2,3,4,5,4,3,5,3,3,4,5,2,2,3,3,3,2,3,3,2,3,4,4,4,3,3,3,3,2,4,3,0,0,1,3,4,4,2,3,3,3,5/10/2014 12:38:22 PM
152009497,2,4,4,5,5,2,1,1,1,4,5,1,5,2,1,4,4,4,4,2,1,4,2,1,1,1,4,5,4,4,4,1,4,4,1,5,1,1,2,4,1,4,4,4,5,4,1,1,2,1,5/10/2014 1:00:59 PM
152008074,5,5,5,5,5,5,3,5,5,5,5,5,5,5,5,5,5,5,5,5,5,5,5,5,5,5,0,5,5,5,5,5,5,5,5,5,5,1,1,5,1,5,0,5,5,5,1,1,5,1,5/10/2014 1:03:26 PM
152001118,4,5,5,2,3,4,4,4,5,2,2,4,3,5,2,2,2,4,3,4,4,3,5,5,5,2,2,1,2,3,4,3,5,3,2,4,4,4,2,2,2,3,3,4,3,4,3,2,4,4,5/10/2014 1:14:11 PM
144009612,5,5,5,4,5,3,5,3,5,5,5,5,5,4,5,5,5,5,5,5,4,5,4,5,3,4,5,3,4,3,4,3,4,4,4,4,5,4,4,4,4,4,0,5,5,4,4,5,4,5,5/10/2014 1:51:03 PM
151007484,5,3,4,2,2,5,4,4,5,2,1,4,3,5,2,2,4,5,2,2,4,3,4,4,4,2,4,1,1,2,4,2,4,3,2,4,4,4,4,3,4,3,2,2,4,4,2,2,2,3,5/10/2014 2:00:32 PM
152005804,4,5,4,3,3,3,2,3,3,3,3,2,3,4,2,3,3,3,4,2,3,3,2,2,3,2,2,3,3,3,4,4,4,3,2,4,3,3,4,3,2,3,4,4,4,4,2,2,4,2,5/10/2014 2:32:51 PM
150007796,3,3,3,3,3,3,3,3,3,3,3,3,3,3,3,3,3,3,3,3,3,3,3,3,3,3,3,3,3,3,3,3,3,3,3,3,3,3,3,3,3,3,3,3,3,3,3,3,3,3,5/10/2014 2:54:48 PM
134003656,3,3,3,4,3,2,3,3,3,3,4,2,3,3,3,4,3,2,3,3,4,3,3,3,3,3,3,3,3,3,3,4,2,3,3,3,4,3,2,3,4,3,4,2,3,3,3,4,3,3,5/10/2014 3:04:16 PM
134003179,5,1,5,1,1,5,5,3,5,1,1,5,3,5,5,1,1,4,1,2,5,1,3,5,5,2,5,1,1,3,4,3,5,1,4,2,5,4,4,1,4,1,1,1,1,1,5,4,3,5,5/10/2014 3:07:22 PM
152000767,5,2,4,3,2,3,2,1,5,5,2,2,3,5,1,3,1,5,5,2,4,3,2,2,3,1,4,1,2,5,4,4,4,2,1,4,1,1,3,3,2,2,2,3,2,4,2,2,4,2,5/10/2014 4:20:50 PM
150003865,2,4,5,3,5,1,1,3,3,4,4,3,4,2,3,4,5,4,4,2,2,3,2,3,4,2,4,5,4,4,4,4,5,3,3,4,2,2,4,5,2,4,2,4,4,4,2,1,3,1,5/10/2014 4:39:20 PM
152009076,5,5,5,3,5,5,5,3,4,3,1,4,2,5,1,4,4,5,4,5,4,5,5,3,2,4,5,2,1,5,4,1,5,5,5,5,4,1,5,2,4,1,1,4,5,5,4,2,3,2,5/10/2014 4:44:33 PM
152001853,4,3,4,1,3,4,3,3,3,4,2,1,3,4,2,2,2,3,3,4,5,4,4,2,3,2,4,1,1,4,4,1,3,3,2,2,3,2,3,4,2,3,3,2,1,3,3,3,3,3,5/10/2014 5:52:48 PM
152001067,5,2,4,2,3,4,4,2,4,4,1,3,4,5,2,2,1,4,2,4,3,4,3,3,4,1,4,1,2,4,4,2,3,2,2,4,3,2,2,1,2,2,4,3,4,4,3,2,4,4,5/10/2014 6:57:01 PM
150002994,5,4,2,1,3,4,2,1,2,1,2,5,2,5,1,1,2,3,4,4,5,2,1,2,3,1,4,1,1,4,4,2,2,2,2,2,3,2,3,3,4,1,2,3,2,3,2,3,2,1,5/10/2014 7:21:08 PM
135006260,4,3,3,2,4,3,2,2,3,4,3,3,3,3,3,3,3,3,3,3,3,3,3,3,3,3,3,3,3,4,3,3,3,3,3,3,3,2,3,3,3,2,2,3,3,2,3,3,3,3,5/10/2014 7:44:14 PM
145007575,5,4,4,1,5,3,5,5,5,5,5,1,5,5,5,3,5,5,5,5,5,1,5,5,5,5,5,1,1,1,4,5,4,5,5,5,5,4,4,1,4,5,1,5,5,1,5,5,5,5,5/10/2014 8:31:32 PM
150006750,5,2,4,2,5,3,2,3,5,5,1,5,5,5,4,1,1,4,5,5,5,2,2,4,4,3,3,1,2,4,5,3,4,3,4,3,5,2,4,2,3,2,1,4,5,4,4,1,2,5,5/10/2014 8:59:20 PM
138000223,5,3,4,4,4,5,5,3,4,3,5,4,3,4,4,2,2,4,4,3,4,4,3,3,5,4,4,5,3,3,4,4,3,4,4,4,2,3,3,4,4,4,3,5,4,3,4,4,5,4,5/10/2014 9:08:45 PM
142009609,2,3,3,2,4,4,3,2,3,2,2,2,3,5,2,3,3,4,2,2,2,2,2,3,2,2,4,1,3,3,4,2,4,2,2,2,3,2,3,3,2,4,3,2,4,4,2,3,4,2,5/10/2014 9:34:58 PM
152005187,4,5,5,4,5,2,1,3,1,4,5,1,3,5,2,3,3,4,3,2,2,4,2,2,3,1,4,4,2,5,4,3,4,4,2,4,2,3,1,3,3,3,4,3,5,3,3,3,4,2,5/10/2014 10:54:59 PM
150007398,2,2,4,3,2,4,2,3,5,2,4,2,2,5,4,2,2,4,4,2,4,2,2,2,4,1,4,4,4,5,4,5,4,3,2,4,2,4,4,3,2,2,2,2,2,4,2,2,2,2,5/10/2014 11:20:09 PM
146003703,5,4,5,4,4,5,5,2,5,4,3,4,5,5,2,5,4,4,5,5,3,4,2,5,5,2,5,1,4,4,4,1,4,4,2,4,2,1,4,2,3,2,2,3,4,4,2,2,4,3,5/10/2014 11:42:11 PM
150007670,5,1,1,1,1,5,5,5,5,1,1,5,0,5,5,1,1,1,5,5,1,1,1,1,5,5,5,1,1,1,4,5,4,3,4,2,3,4,4,1,1,2,3,3,4,4,4,5,4,5,5/10/2014 11:59:06 PM
150006887,3,3,3,3,3,3,3,3,3,3,3,3,3,3,3,3,3,3,3,3,3,3,3,3,3,3,3,3,3,3,3,3,3,3,3,3,3,3,3,3,3,3,3,3,3,3,3,3,3,3,5/11/2014 12:20:46 AM
152004036,3,3,3,3,3,3,3,3,3,3,3,3,3,3,3,3,3,3,3,3,3,3,3,3,3,3,3,3,3,3,4,3,3,3,3,3,3,3,3,3,3,3,3,3,3,3,3,3,3,3,5/11/2014 2:15:35 AM
148000970,4,3,4,2,4,2,3,3,3,2,3,3,3,5,3,3,3,3,2,2,3,4,2,3,3,3,3,0,3,3,4,3,4,4,3,4,2,3,4,3,2,2,3,3,2,4,3,2,3,3,5/11/2014 2:34:09 AM
150002990,5,4,5,1,4,3,5,5,5,5,0,5,1,1,1,4,5,5,5,4,2,5,5,5,4,4,5,3,5,5,4,5,5,5,1,5,5,5,3,5,5,5,3,1,1,4,4,5,5,2,5/11/2014 3:01:38 AM
152002115,5,3,4,2,5,1,1,4,5,4,1,4,3,2,1,1,5,5,5,4,0,4,3,3,3,3,5,2,1,5,4,5,5,3,5,4,1,2,5,5,2,4,1,2,2,3,1,2,5,2,5/11/2014 3:03:48 AM
153000410,2,3,5,5,3,1,1,1,5,1,5,1,1,1,3,3,1,1,4,4,2,2,1,1,1,1,5,5,1,1,1,1,5,1,1,1,1,5,1,1,1,4,4,1,1,1,1,1,1,1,5/11/2014 3:17:06 AM
153001065,4,3,4,4,4,3,3,2,5,3,4,3,4,5,1,4,3,4,4,3,3,5,2,3,4,2,5,4,3,5,4,2,5,4,3,4,4,3,4,3,3,5,3,4,4,3,2,2,4,3,5/11/2014 3:43:53 AM
150008164,1,5,5,5,5,1,1,2,5,5,5,1,5,1,1,5,5,5,5,1,1,5,1,1,1,1,5,5,5,5,4,3,5,5,1,5,5,5,5,5,1,5,0,5,2,5,1,1,5,1,5/11/2014 4:29:32 AM
150004237,5,5,3,3,4,4,4,4,4,5,3,4,3,3,3,3,4,4,2,3,4,3,4,4,5,3,4,1,3,3,4,4,4,4,5,3,5,3,3,2,3,4,0,3,3,4,3,3,4,3,5/11/2014 8:03:35 AM
150003657,5,3,2,2,5,3,2,1,5,4,2,4,4,4,2,4,1,4,2,2,4,2,2,4,4,2,3,3,2,5,4,1,3,4,2,2,4,3,1,4,1,2,2,3,4,3,3,2,4,3,5/11/2014 11:06:26 AM
151008453,5,4,5,3,4,3,1,3,4,5,3,3,4,5,2,4,4,4,5,4,3,4,2,4,5,1,5,4,3,4,4,3,4,5,2,4,3,2,3,4,1,3,4,4,5,5,3,2,4,3,5/11/2014 12:10:49 PM
153000410,1,5,5,5,5,1,1,1,5,5,5,1,5,5,5,5,1,5,5,5,1,5,5,5,5,1,5,5,5,0,4,5,5,4,5,5,5,5,1,5,1,1,1,5,1,5,5,5,5,1,5/11/2014 1:53:27 PM
151005126,4,3,4,4,5,4,2,4,5,2,2,2,3,5,1,3,4,2,3,4,3,4,5,3,3,3,2,3,1,4,4,2,2,1,2,3,3,2,2,4,1,3,3,2,4,2,2,3,3,4,5/11/2014 2:10:48 PM
151002728,5,2,4,1,1,5,2,1,4,3,2,3,3,5,3,1,1,1,1,1,3,1,3,3,5,3,4,1,2,4,4,1,1,1,5,4,4,2,3,3,5,1,1,1,3,4,5,5,1,5,5/11/2014 2:18:26 PM
151003091,4,2,4,3,5,2,2,4,4,4,4,4,4,3,4,3,4,4,4,3,4,5,2,2,4,2,3,5,3,0,4,2,4,2,2,4,3,4,5,3,1,4,3,4,4,5,2,2,4,2,5/11/2014 2:36:18 PM
138008815,5,1,1,1,3,4,3,2,5,1,1,3,5,4,2,1,1,1,1,2,4,4,2,5,3,3,2,1,1,4,4,1,4,1,4,2,4,2,2,3,5,2,1,3,4,4,3,3,3,2,5/11/2014 3:23:01 PM
152009529,4,4,4,2,3,4,2,2,4,4,2,2,3,4,2,2,2,4,4,2,2,4,4,2,3,2,2,1,2,4,4,2,4,4,2,3,2,2,4,2,3,2,2,4,4,2,2,3,4,2,5/11/2014 3:26:02 PM
151004744,3,3,3,1,1,1,1,1,1,2,2,5,3,3,3,3,3,3,3,3,3,3,2,1,2,3,3,2,1,1,4,1,2,2,3,2,3,3,3,2,2,1,1,1,1,2,2,3,3,3,5/11/2014 3:53:39 PM
150001637,5,5,5,3,5,4,1,2,4,5,4,2,5,3,1,4,2,4,5,3,3,2,2,3,4,1,4,3,3,5,4,1,4,4,1,5,3,2,2,4,2,4,2,3,3,4,1,1,3,2,5/11/2014 4:09:25 PM
131006156,5,2,1,1,5,4,5,3,4,1,1,5,4,3,2,1,2,2,1,5,5,1,3,5,5,5,4,1,1,3,4,2,4,2,4,2,4,4,2,1,3,2,1,1,1,3,5,3,3,4,5/11/2014 4:19:40 PM
151001113,4,4,3,3,5,3,2,2,3,3,4,4,3,5,2,3,4,3,5,4,2,4,5,3,4,4,4,3,4,4,4,3,3,2,3,3,2,1,3,4,4,4,3,4,4,3,2,1,3,1,5/11/2014 4:49:59 PM
132003741,4,4,5,1,5,4,3,3,2,5,2,2,4,1,1,2,3,3,4,3,2,3,3,3,3,4,4,1,1,5,4,3,4,2,1,5,1,2,2,3,4,4,1,1,5,5,1,2,4,2,5/11/2014 5:01:29 PM
152007836,5,3,3,1,3,4,5,3,3,4,2,4,2,3,4,1,2,3,3,4,5,2,3,4,3,2,1,2,3,0,4,3,3,3,4,1,1,4,3,2,5,1,1,3,4,2,4,4,3,4,5/11/2014 5:06:21 PM
152007132,4,4,2,2,5,3,4,3,5,2,3,2,4,5,3,3,4,4,3,3,2,3,2,2,3,2,4,1,3,5,4,1,4,4,2,3,3,1,4,3,3,1,3,4,2,4,4,1,3,3,5/11/2014 5:10:29 PM
145007538,5,4,5,3,4,4,2,2,5,4,4,5,2,5,2,1,1,4,1,4,4,4,1,4,3,2,4,1,3,4,4,4,3,2,3,1,3,2,3,3,5,1,3,3,4,3,3,3,2,4,5/11/2014 5:22:00 PM
148006875,5,5,5,5,5,1,1,1,4,5,4,5,4,5,2,5,4,4,4,4,2,5,3,4,4,5,5,5,5,5,4,5,5,4,3,5,5,2,2,5,1,4,4,4,1,5,1,1,5,1,5/11/2014 6:22:50 PM
132004720,1,4,2,1,3,5,4,1,2,4,2,3,2,2,1,3,2,4,3,2,3,1,2,1,4,3,5,1,1,3,4,1,4,2,1,2,4,1,1,1,2,1,1,3,4,5,4,1,3,4,5/11/2014 6:53:40 PM
152008380,5,4,1,3,3,1,4,3,4,3,4,4,4,5,1,2,4,2,4,4,4,3,3,5,2,4,3,3,4,4,4,1,5,3,3,4,3,2,4,2,0,1,4,4,5,0,4,2,4,4,5/11/2014 7:01:53 PM
140005236,3,4,2,4,5,4,5,4,5,5,3,3,4,5,5,4,3,5,5,1,2,2,2,3,4,2,5,4,2,5,4,3,4,5,2,3,5,1,3,3,1,3,4,3,5,4,2,2,4,3,5/11/2014 7:13:16 PM
150008687,5,3,2,1,4,4,0,5,4,1,1,5,4,5,3,1,2,2,2,2,4,4,5,5,0,3,2,1,1,4,4,3,4,2,5,1,4,4,0,0,5,2,1,2,4,4,5,4,2,5,5/11/2014 7:16:23 PM
146005654,2,0,4,1,5,2,2,3,4,4,2,3,5,4,1,2,4,4,5,4,3,1,1,5,4,1,5,4,3,5,4,3,0,2,1,3,1,2,3,3,3,4,1,3,4,5,2,2,5,2,5/11/2014 7:35:22 PM
150008805,5,4,3,1,4,4,5,5,4,2,3,4,5,5,1,2,3,5,2,4,4,5,4,3,4,2,4,1,2,4,4,3,4,2,2,2,3,4,4,4,2,3,2,4,4,4,2,2,3,4,5/11/2014 8:06:42 PM
153003232,5,3,4,2,3,3,2,3,4,2,2,4,4,5,2,2,2,3,4,2,4,4,4,2,4,2,4,2,2,4,4,3,4,2,2,4,3,2,2,2,3,4,4,3,4,4,5,3,2,4,5/11/2014 8:19:11 PM
150008559,4,2,5,3,5,4,3,2,5,4,3,5,5,5,1,2,3,3,2,2,4,2,4,5,5,4,5,3,3,5,4,2,5,2,4,4,5,5,2,4,2,2,2,3,2,5,3,3,2,3,5/11/2014 9:06:52 PM
150007551,3,5,3,4,4,5,5,4,4,2,4,2,5,4,5,3,5,4,4,5,4,5,3,5,4,3,5,4,4,2,4,5,3,4,4,3,5,3,5,4,4,5,2,4,5,2,4,3,4,2,5/11/2014 9:11:31 PM
150005321,4,4,3,2,0,4,5,2,4,4,3,3,4,3,3,5,4,4,4,4,4,5,5,2,4,2,2,3,4,4,4,4,4,4,5,4,2,2,4,3,2,2,2,1,4,4,2,2,4,2,5/11/2014 9:44:25 PM
154005196,3,5,5,5,4,5,3,1,4,3,4,5,5,5,5,3,3,3,3,3,4,2,2,3,3,2,3,2,2,3,4,4,5,5,3,3,3,2,1,3,3,5,4,4,2,3,2,2,3,1,5/11/2014 9:58:41 PM
140009053,4,3,2,2,4,4,2,3,4,5,3,4,4,2,2,1,4,4,5,2,2,1,1,3,2,2,4,2,2,4,4,1,4,4,1,2,2,2,2,4,3,2,1,2,4,4,2,2,3,2,5/11/2014 10:06:45 PM
152000917,4,5,3,3,4,4,2,3,5,4,3,4,4,5,1,4,3,3,5,4,2,3,4,5,5,4,5,3,3,4,4,1,5,5,2,4,3,4,3,4,3,2,4,2,3,4,4,3,2,3,5/11/2014 10:24:11 PM
141009439,5,4,3,4,3,3,2,2,3,2,4,2,5,4,1,4,3,4,3,2,1,3,1,2,3,1,4,3,5,5,4,1,5,5,1,5,3,2,1,4,1,4,3,4,4,4,1,1,5,2,5/11/2014 10:24:31 PM
150007637,5,1,5,1,3,1,3,3,4,1,1,1,4,5,1,1,1,1,1,1,4,3,3,3,3,3,3,1,1,4,4,3,3,1,5,1,5,5,5,3,2,1,3,1,1,1,3,3,1,5,5/11/2014 10:24:50 PM
151008546,4,4,4,5,5,4,3,3,4,5,4,4,5,4,1,4,3,4,4,3,2,4,3,3,3,2,4,4,4,4,4,3,4,4,2,4,2,3,4,3,1,3,4,4,4,4,3,2,3,2,5/11/2014 10:41:08 PM
151003376,5,2,2,1,2,4,4,3,4,2,2,4,4,4,2,4,2,2,2,2,4,2,2,4,4,4,4,4,2,3,4,3,4,4,4,4,3,2,2,2,3,4,1,4,4,5,4,1,4,4,5/11/2014 10:44:51 PM
146001709,4,3,4,2,5,5,3,3,5,4,2,4,4,5,2,2,1,0,1,3,5,4,3,3,5,3,5,1,1,5,4,2,4,3,2,3,5,2,3,1,3,1,2,3,4,2,3,2,2,5,5/11/2014 10:48:45 PM
150001615,3,3,3,3,3,3,3,3,3,3,3,3,3,3,3,3,3,3,3,3,3,3,3,3,3,3,3,3,3,3,3,3,3,3,3,3,3,3,3,3,3,3,3,3,3,3,3,3,3,3,5/11/2014 11:00:29 PM
153007744,5,5,5,4,5,5,5,2,5,5,2,4,5,5,1,1,5,5,4,2,1,1,3,4,5,1,5,2,4,5,4,1,5,5,1,1,1,2,2,2,5,1,1,4,5,5,4,2,5,4,5/11/2014 11:40:52 PM
144007887,5,3,4,2,3,5,3,2,4,2,3,4,4,5,4,1,4,4,3,4,4,4,2,3,4,3,3,3,2,4,4,2,4,4,4,4,3,3,4,3,5,2,1,3,3,2,3,3,3,5,5/11/2014 11:48:43 PM
152002108,1,3,3,3,3,5,3,5,5,1,2,5,3,4,2,4,3,3,3,3,3,3,3,3,3,3,3,4,4,4,4,2,3,5,5,5,3,3,3,4,3,4,3,5,4,4,4,4,4,4,5/11/2014 11:57:37 PM
152000628,1,3,3,3,3,3,3,3,3,3,2,2,4,4,4,4,4,4,4,3,4,4,4,4,4,4,4,3,3,4,4,3,3,3,3,3,3,3,3,3,3,3,3,3,3,3,3,3,3,3,5/12/2014 1:39:27 AM
152009603,5,3,4,4,3,5,5,3,4,2,3,5,4,4,3,4,2,3,2,3,4,2,2,5,4,3,5,3,3,4,4,3,4,4,3,4,4,3,2,1,1,3,3,3,0,3,4,3,3,4,5/12/2014 1:48:07 AM
152004146,4,4,2,4,4,3,1,4,4,4,4,2,4,2,2,4,4,4,4,2,3,4,2,2,4,2,4,4,4,4,4,4,4,4,2,4,2,2,3,4,1,4,4,3,4,0,2,2,4,2,5/12/2014 7:25:34 AM
153004588,3,3,4,3,3,2,3,4,4,3,3,0,3,5,0,3,0,3,3,3,3,3,2,4,3,3,3,3,3,3,4,3,3,3,0,4,3,3,3,3,3,3,3,3,3,3,2,3,3,3,5/12/2014 9:34:26 AM
150001090,3,1,4,2,3,3,3,3,4,2,4,4,4,4,3,3,3,4,3,4,4,4,4,2,4,4,1,4,3,3,4,3,2,4,3,4,5,1,5,3,3,5,1,3,4,2,3,3,5,2,5/12/2014 10:19:41 AM
136002056,3,3,3,3,3,3,3,3,3,3,3,3,3,3,3,3,3,3,3,3,3,3,3,3,3,3,3,2,2,4,3,2,3,3,2,4,3,3,2,3,0,2,2,4,3,3,3,3,2,4,5/12/2014 4:02:50 PM
151006460,4,3,3,2,4,3,3,3,4,4,3,4,3,3,3,2,2,3,3,3,3,4,3,4,3,3,3,2,2,2,4,3,4,3,2,2,2,4,4,3,4,3,2,3,4,3,2,3,3,2,5/12/2014 5:47:45 PM
153000505,5,4,4,3,5,5,2,4,4,1,3,4,5,5,1,2,2,4,2,1,1,5,4,5,4,4,5,4,1,5,4,4,4,5,4,4,2,1,2,1,2,3,4,4,5,4,4,1,5,2,5/13/2014 1:13:09 AM
