ID,QC1,QC2,QC3,QC4,QC5,QC6,QC7,QC8,QC9,QC10,QC11,QC12,QC13,QC14,QC15,QC16,QC17,QC18,QC19,QC20,QC21,QC22,QC23,QC24,QC25,QC26,QC27,QC28,QC29,QC30,QC31,QC32,QC33,QC34,QC35,QC36,QC37,QC38,QC39,QC40,QC41,QC42,QC43,QC44,QC45,QC46,QC47,QC48,QC49,QC50,QCTIME
150007670,5,4,4,3,5,3,5,3,5,3,4,4,2,3,1,3,3,4,4,4,4,4,2,5,4,5,5,3,1,0,4,3,5,5,1,4,2,2,2,4,2,2,2,2,1,4,2,2,4,4,9/1/2013 9:35:23 AM
152001458,2,4,5,3,5,2,1,4,2,2,4,3,5,2,2,5,4,4,5,1,2,4,1,2,2,2,4,4,3,4,4,3,4,4,1,4,2,2,3,4,2,4,3,4,2,3,1,1,4,1,9/1/2013 11:31:16 AM
152004033,3,4,4,4,4,3,2,3,5,2,3,4,4,5,2,5,3,4,5,3,3,4,2,3,4,2,5,3,4,5,4,3,4,3,2,4,2,2,2,4,2,3,4,3,4,4,2,2,4,2,9/1/2013 11:44:38 AM
150001090,3,4,3,3,5,4,2,1,5,2,5,3,5,5,1,3,5,5,4,2,2,5,2,3,2,2,4,2,3,4,4,1,5,2,1,4,3,1,3,3,4,5,1,5,4,5,2,3,4,2,9/2/2013 9:57:41 PM
151004594,2,4,5,1,4,3,2,1,4,3,2,1,2,4,2,2,4,4,5,2,2,2,3,1,2,2,5,2,2,5,4,4,4,4,1,4,1,2,3,5,2,1,1,5,1,2,1,2,4,2,9/3/2013 2:54:30 PM
152006956,2,4,4,5,5,2,4,2,4,4,4,4,5,2,4,4,4,3,4,2,2,4,2,4,2,2,4,2,4,4,4,2,4,4,2,4,4,2,4,4,2,4,4,3,4,4,3,2,4,2,9/3/2013 3:55:48 PM
152009603,4,3,4,3,3,4,3,3,5,3,3,4,4,4,2,4,2,4,4,2,3,4,2,4,4,2,4,3,2,4,4,3,4,3,1,4,3,2,3,3,1,3,2,4,2,3,2,2,3,3,9/3/2013 5:15:56 PM
153001402,5,2,4,2,4,5,3,4,4,3,4,5,4,5,4,2,2,3,3,3,4,5,3,4,4,4,5,2,2,4,4,5,5,4,3,3,4,2,4,3,4,2,2,4,4,4,3,2,4,4,9/4/2013 11:59:43 AM
153007737,3,3,4,3,4,1,1,2,4,2,4,4,4,5,1,4,4,4,5,1,1,5,3,3,2,1,4,4,3,5,4,1,5,5,1,5,1,1,2,4,2,2,2,4,1,4,2,2,2,2,9/4/2013 3:51:52 PM
151003781,5,2,1,1,3,4,3,2,5,2,1,5,4,5,5,2,2,3,3,4,4,4,2,3,5,1,5,1,3,2,4,2,4,3,2,1,3,1,3,2,3,2,4,4,5,3,3,1,5,4,9/4/2013 6:32:28 PM
152001281,4,4,4,3,5,3,3,3,4,5,5,4,3,5,3,3,0,4,5,3,4,5,3,4,4,3,4,4,4,5,4,4,5,3,2,3,2,2,4,4,3,4,4,4,2,5,3,2,4,3,9/5/2013 10:47:02 AM
150005248,2,4,3,4,4,2,1,4,2,4,3,2,5,3,2,4,4,5,5,2,3,4,2,2,2,1,5,4,3,5,4,5,5,4,1,5,2,2,3,4,2,4,3,4,5,4,1,1,4,1,9/5/2013 11:05:21 PM
152007350,4,4,5,3,5,3,2,2,4,4,4,3,4,4,2,4,4,4,5,2,2,3,2,4,4,2,5,3,5,4,4,5,3,4,2,5,2,2,2,4,1,4,4,4,4,3,2,2,4,2,9/6/2013 8:46:16 AM
151004095,4,4,2,2,4,5,5,5,5,1,2,3,5,5,4,2,3,4,5,5,2,3,2,3,4,4,4,1,2,4,4,5,5,5,2,3,3,3,4,2,3,4,1,3,2,4,5,1,4,4,9/6/2013 5:59:36 PM
152007408,4,4,5,3,5,1,4,2,5,3,4,3,5,4,4,5,4,3,3,3,3,5,1,2,5,5,4,3,5,5,4,3,5,2,2,5,4,3,1,5,2,5,3,5,2,5,3,3,5,2,9/6/2013 6:05:20 PM
138009355,4,3,4,2,5,4,3,4,4,2,3,1,5,5,3,3,4,4,5,3,3,4,0,0,0,0,0,0,0,0,1,1,3,4,3,3,2,3,2,3,3,4,2,4,3,4,1,1,3,3,9/6/2013 9:22:53 PM
151003766,4,4,4,4,2,2,1,2,4,3,4,2,3,4,2,4,4,4,5,2,2,3,3,2,3,2,4,3,3,4,4,3,5,4,1,3,4,3,4,3,3,3,3,5,3,5,1,2,2,3,9/7/2013 4:34:36 PM
153004719,4,4,3,2,4,3,2,3,4,4,3,4,5,4,2,3,3,4,4,3,3,4,2,3,4,2,5,4,3,4,4,4,4,5,1,3,2,1,4,4,2,2,3,4,4,3,2,2,5,2,9/7/2013 5:09:58 PM
151005994,4,3,3,2,4,3,2,3,4,2,3,4,3,5,3,3,3,2,2,4,4,3,4,4,5,3,2,3,2,3,4,4,4,3,2,3,4,4,2,3,3,1,1,3,5,3,4,2,3,3,9/7/2013 6:15:51 PM
151001113,5,5,5,2,5,3,4,2,5,5,5,5,4,5,1,4,5,3,5,3,2,5,2,5,5,5,5,3,5,5,4,3,5,4,3,5,3,1,5,4,1,5,3,5,5,5,1,1,3,1,9/7/2013 7:20:23 PM
153002842,3,4,5,3,4,2,2,2,4,4,4,5,2,1,4,2,4,3,5,2,2,4,2,2,2,2,4,3,2,4,4,4,4,3,4,4,3,2,2,4,4,4,2,4,2,4,5,1,2,4,9/7/2013 8:24:30 PM
153003316,5,2,3,5,5,5,2,3,5,4,2,3,5,5,3,4,3,5,5,3,5,4,5,3,5,3,5,2,5,5,4,3,5,5,3,4,5,1,4,2,1,3,4,5,5,5,3,1,5,5,9/8/2013 9:45:43 AM
153000153,2,2,4,3,3,2,1,4,0,4,3,3,2,1,2,3,3,4,4,4,3,4,2,3,4,2,2,4,3,4,4,2,3,3,2,3,2,3,3,4,3,2,1,2,3,3,2,3,4,2,9/8/2013 11:26:56 AM
152007561,2,4,3,3,1,1,2,1,1,2,2,1,5,2,3,2,3,2,4,2,1,2,1,1,1,1,5,2,2,4,4,1,3,2,1,2,1,1,1,4,1,3,2,4,3,3,1,2,5,2,9/8/2013 11:28:45 AM
151005002,4,4,4,3,4,2,1,3,4,5,3,4,5,4,2,4,3,4,4,4,2,2,4,2,4,2,5,4,4,5,4,2,5,5,1,4,1,1,4,4,2,4,2,4,4,5,2,1,4,2,9/8/2013 11:30:42 AM
151002469,3,3,2,2,3,3,2,2,4,4,4,4,4,4,2,4,2,4,4,3,3,3,2,3,4,2,4,3,4,4,4,2,4,4,2,4,2,2,2,4,3,3,3,4,2,3,1,1,5,1,9/8/2013 11:32:20 AM
150007022,3,4,3,4,1,1,3,4,4,3,4,1,3,2,3,4,4,3,1,4,4,5,3,3,1,5,4,4,3,3,3,2,2,5,4,3,5,2,2,3,4,4,0,1,3,4,2,3,2,4,9/8/2013 11:32:20 AM
153001662,3,2,3,2,4,4,3,3,3,2,2,4,4,4,3,3,3,3,4,3,3,2,3,4,4,2,4,2,2,3,4,3,3,3,3,3,3,2,3,2,3,3,3,3,3,3,4,3,3,3,9/8/2013 11:33:03 AM
152007282,2,5,5,4,5,1,1,3,4,3,5,5,5,2,3,5,5,5,4,1,1,3,1,4,3,1,5,5,4,4,4,3,5,5,1,5,2,1,1,5,1,4,3,5,5,4,1,1,5,2,9/8/2013 11:33:40 AM
152000653,5,4,3,2,4,4,4,3,3,4,3,4,4,4,2,4,3,5,4,4,4,3,1,4,4,2,4,2,2,4,4,2,3,3,3,4,3,2,2,3,3,2,2,0,3,2,3,2,4,4,9/8/2013 11:35:04 AM
150005595,4,4,5,1,5,3,4,2,5,5,5,1,5,4,2,4,2,5,5,4,2,4,1,1,2,2,4,3,1,5,4,3,5,4,2,5,3,2,4,4,2,4,1,4,4,3,2,1,4,3,9/8/2013 11:36:14 AM
151000295,3,4,3,2,3,3,3,3,4,1,3,4,3,4,3,2,3,3,3,4,3,4,3,4,4,3,4,3,3,3,4,3,3,3,2,0,3,3,3,2,3,3,3,3,2,3,3,2,3,3,9/8/2013 11:38:30 AM
150005813,3,5,4,5,4,3,1,3,3,3,4,2,5,4,5,5,4,4,5,1,1,3,2,2,1,2,4,4,5,5,4,1,4,4,2,5,5,1,4,4,1,3,0,5,5,4,1,1,4,2,9/8/2013 11:39:13 AM
150005902,5,3,4,2,4,3,2,2,3,4,4,5,2,1,2,2,4,4,5,5,2,1,5,5,3,0,4,1,3,5,4,1,5,4,4,2,4,3,3,5,3,4,4,2,2,4,1,3,2,2,9/8/2013 11:42:13 AM
151007493,2,4,5,4,5,3,2,1,5,5,4,2,4,4,1,5,3,4,4,3,3,4,1,2,4,1,5,3,3,4,4,1,5,4,1,5,2,5,4,4,4,3,4,5,1,5,2,1,5,1,9/8/2013 11:42:56 AM
150004091,4,4,3,2,3,3,2,2,3,3,2,3,4,3,3,2,3,2,3,3,3,2,0,2,3,1,3,2,2,4,4,3,4,3,2,4,2,1,2,3,2,3,4,4,4,3,2,2,2,3,9/8/2013 11:47:08 AM
150002946,3,4,3,4,5,3,2,3,2,3,2,1,5,3,2,5,5,4,5,1,1,2,3,3,3,2,4,4,2,5,4,2,4,5,1,5,5,1,5,5,1,3,0,5,4,5,1,1,5,2,9/8/2013 11:48:46 AM
151000395,4,3,5,4,5,3,2,2,4,5,4,3,3,4,2,3,3,3,4,4,2,4,3,4,3,2,4,4,3,4,4,3,4,4,3,5,4,3,4,4,2,3,4,3,3,3,4,3,3,3,9/8/2013 11:51:49 AM
150007592,4,4,3,3,3,2,4,1,3,4,4,2,4,5,3,2,2,4,3,3,2,5,4,4,4,2,4,2,4,4,4,1,4,3,3,4,5,2,5,3,4,4,0,4,4,5,2,2,4,3,9/8/2013 11:53:52 AM
150009880,1,4,5,5,3,4,2,1,4,2,5,2,4,2,2,5,5,4,5,2,1,5,2,3,3,1,2,5,3,4,4,3,4,4,2,5,2,3,1,5,1,4,4,3,3,3,1,1,4,1,9/8/2013 11:54:25 AM
153000176,2,4,5,4,4,2,2,3,4,4,4,3,3,4,2,4,4,4,5,2,1,2,3,2,4,2,4,3,2,4,4,3,4,4,1,4,2,3,3,4,2,3,4,4,5,4,2,1,3,3,9/8/2013 11:55:53 AM
151000395,4,4,3,4,5,4,2,3,4,5,4,3,4,5,2,3,4,4,4,4,4,4,3,5,4,3,4,5,4,4,4,4,4,5,4,4,3,3,4,4,2,3,4,5,2,4,4,1,4,2,9/8/2013 11:56:09 AM
150009154,4,3,4,4,2,4,4,4,4,2,3,5,4,4,4,3,2,4,1,4,3,4,4,4,4,4,4,1,3,3,4,5,4,3,2,4,4,3,2,1,4,1,4,4,5,3,5,2,4,5,9/8/2013 11:57:22 AM
152009139,3,4,5,2,4,4,1,5,4,4,3,5,4,4,3,5,3,4,4,2,2,4,2,4,3,2,4,3,3,5,4,2,5,4,3,5,3,2,2,3,2,4,2,4,4,3,2,2,4,3,9/8/2013 12:00:06 PM
150004413,3,3,3,1,3,2,2,3,3,3,3,3,4,3,2,3,3,3,3,3,3,3,3,3,3,3,3,3,3,3,3,3,3,3,3,3,3,3,3,3,3,3,3,3,3,3,3,3,3,3,9/8/2013 12:00:31 PM
150003605,4,5,5,3,3,4,2,4,4,5,4,4,4,4,3,3,2,3,4,4,4,3,2,3,3,4,3,4,3,3,4,4,4,3,4,3,4,2,4,4,3,3,4,3,4,3,2,2,3,2,9/8/2013 12:00:33 PM
150003813,4,4,3,3,4,3,2,4,4,5,4,2,5,5,1,3,4,5,4,3,3,3,4,3,3,2,5,4,4,5,4,4,5,5,2,5,3,1,4,4,2,4,3,4,1,4,1,1,4,2,9/8/2013 12:02:46 PM
151001047,4,5,5,3,3,3,2,3,5,3,4,4,4,4,1,3,4,4,5,3,2,3,3,3,4,2,4,3,4,4,4,1,4,3,2,5,3,2,4,4,2,3,1,4,4,2,2,3,3,2,9/8/2013 12:03:21 PM
149009715,3,4,4,4,5,2,1,3,4,4,4,2,5,5,2,4,4,4,5,3,2,4,2,3,3,4,4,4,3,5,4,3,4,4,5,5,2,2,3,4,1,2,1,4,3,3,3,2,4,2,9/8/2013 12:04:10 PM
150004959,4,4,4,3,3,3,3,3,4,5,3,3,5,4,3,3,3,4,5,4,4,3,2,3,4,3,5,3,3,5,4,3,4,4,3,3,4,2,5,5,3,5,4,3,3,4,3,2,3,3,9/8/2013 12:07:14 PM
152009223,4,4,4,4,5,4,4,4,5,5,4,3,5,5,3,4,3,4,4,3,3,4,3,3,3,2,5,3,4,4,4,5,4,4,3,3,3,2,3,3,3,3,4,4,2,3,3,2,3,2,9/8/2013 12:08:10 PM
152004838,5,4,2,3,3,5,4,3,4,3,5,3,5,5,5,4,4,5,5,5,2,1,5,5,5,3,4,2,4,5,4,5,5,5,3,5,5,5,4,5,3,4,1,5,5,5,5,4,5,3,9/8/2013 12:10:46 PM
150004514,2,4,5,4,5,5,5,3,4,4,4,5,5,4,3,4,4,4,5,4,2,5,4,3,4,3,5,4,4,4,4,5,5,0,3,4,4,2,4,1,1,5,0,5,4,3,2,1,5,1,9/8/2013 12:11:31 PM
151004891,5,3,4,3,3,4,2,3,4,5,4,1,4,5,5,4,2,5,4,4,4,5,4,2,4,2,4,3,4,4,4,5,5,3,1,4,3,1,3,4,3,4,3,3,2,3,2,2,3,2,9/8/2013 12:13:17 PM
151008209,3,3,1,2,5,3,3,3,2,2,3,1,5,5,4,3,4,4,2,2,1,2,1,1,0,1,5,4,3,5,4,3,3,3,1,4,5,1,1,3,2,3,0,3,3,4,1,1,5,3,9/8/2013 12:16:04 PM
153001329,4,3,5,4,5,3,1,0,4,1,3,3,5,5,1,3,5,4,4,3,5,4,3,3,3,4,5,5,4,4,4,4,5,5,5,4,4,4,3,5,5,3,1,5,5,5,2,1,4,3,9/8/2013 12:16:32 PM
151006007,4,4,5,3,4,2,2,3,5,3,3,5,4,5,2,3,4,4,5,3,2,4,3,5,4,2,4,3,4,4,4,4,5,3,2,4,2,1,2,4,2,3,2,4,3,4,3,2,3,2,9/8/2013 12:17:56 PM
153001855,3,1,4,2,5,2,2,2,2,4,3,4,5,3,2,4,4,4,5,3,2,4,2,3,3,3,4,5,4,5,4,3,4,4,1,4,1,1,3,4,2,4,2,4,5,4,1,1,5,1,9/8/2013 12:19:15 PM
151000574,3,4,3,3,4,2,2,3,4,3,4,3,5,4,3,3,3,3,4,2,2,3,3,2,3,3,4,3,3,3,4,3,4,3,2,3,3,3,3,3,3,3,3,4,3,3,2,3,3,3,9/8/2013 12:20:31 PM
151003174,5,3,4,1,3,5,5,2,3,1,2,5,5,5,4,1,1,2,3,2,3,1,3,5,4,3,2,1,1,2,4,5,2,1,1,1,2,2,1,1,5,1,1,2,2,1,5,4,1,5,9/8/2013 12:21:20 PM
152004701,4,3,3,2,3,2,2,4,5,4,2,3,3,5,2,4,3,4,3,3,2,3,3,3,4,2,4,3,2,3,4,3,4,3,2,3,2,2,2,3,3,1,3,3,1,3,2,2,3,2,9/8/2013 12:21:26 PM
152001486,2,4,2,3,3,2,2,3,2,4,4,2,4,3,4,4,4,4,4,2,2,3,2,2,3,2,4,4,3,3,4,3,3,3,2,4,2,1,2,2,2,4,3,3,3,4,2,1,4,2,9/8/2013 12:21:27 PM
151007581,5,4,3,2,4,2,2,4,4,4,3,4,5,5,2,2,3,4,4,2,4,4,2,4,5,2,5,2,2,3,4,3,5,1,2,2,2,2,4,3,4,2,2,3,4,4,3,2,3,2,9/8/2013 12:21:35 PM
150002427,4,4,5,3,3,4,3,2,4,4,3,3,4,5,2,4,4,4,4,3,3,3,2,2,3,2,4,3,3,4,4,3,4,4,2,4,3,2,2,4,4,3,3,4,3,4,2,3,4,2,9/8/2013 12:24:52 PM
152002462,4,3,4,4,4,3,2,2,4,2,2,4,5,5,4,5,4,3,3,2,3,2,3,4,4,3,5,3,3,4,4,1,4,4,3,5,3,1,3,3,2,3,4,3,4,4,2,1,4,3,9/8/2013 12:24:56 PM
145007729,5,4,3,2,4,4,3,2,4,2,2,5,4,5,2,1,3,3,3,2,3,3,1,4,1,1,5,3,2,5,4,1,4,3,1,5,3,1,3,2,2,2,2,4,2,4,2,2,4,2,9/8/2013 12:31:20 PM
150006887,3,4,4,2,5,3,2,0,4,3,3,3,3,4,2,3,3,4,4,2,3,2,2,3,4,2,4,3,4,4,4,4,4,3,2,2,4,2,2,3,2,4,2,5,4,3,2,2,4,2,9/8/2013 12:34:33 PM
150007395,3,4,5,2,5,3,3,3,0,3,0,0,5,5,5,4,3,0,4,2,1,0,0,0,5,2,5,3,0,5,0,0,4,0,1,3,3,0,0,3,1,0,0,5,3,4,2,0,5,2,9/8/2013 12:35:43 PM
152005187,3,3,4,2,5,3,1,3,4,3,3,2,2,5,2,2,3,4,2,2,2,3,1,4,3,1,3,2,1,5,4,3,5,4,1,3,2,3,2,2,3,4,2,3,4,2,2,2,3,3,9/8/2013 12:38:38 PM
150007771,3,3,3,3,3,3,3,3,3,3,3,3,3,3,3,3,3,3,3,3,3,3,4,4,4,4,4,4,4,4,4,4,4,4,3,3,3,3,3,3,3,3,3,3,3,3,3,4,4,3,9/8/2013 12:39:08 PM
150004407,3,3,3,3,3,4,0,4,3,3,4,3,4,5,3,4,3,4,4,3,3,4,1,4,3,2,4,3,3,4,4,3,4,3,2,4,2,3,3,3,2,3,3,3,3,4,3,2,4,2,9/8/2013 12:40:26 PM
48000638,4,3,3,3,5,4,2,2,3,4,4,2,4,3,2,3,3,4,4,3,2,2,2,2,0,3,4,3,3,3,4,3,4,4,4,0,3,2,4,3,2,4,3,4,3,3,2,2,3,3,9/8/2013 12:43:38 PM
152005130,4,4,3,3,5,3,1,2,5,1,4,4,5,5,3,3,3,5,5,3,3,2,2,4,5,1,4,5,1,3,4,4,5,2,1,4,1,2,1,5,3,5,3,3,5,5,2,2,4,2,9/8/2013 12:44:36 PM
151007891,5,2,5,1,3,3,4,5,5,2,3,3,4,4,2,3,3,4,3,4,4,4,3,3,3,2,3,3,2,4,4,4,4,4,1,4,0,2,2,3,2,3,2,3,3,3,4,2,3,2,9/8/2013 12:45:21 PM
151000849,5,4,5,3,4,3,2,2,0,2,2,4,5,5,1,3,5,5,2,1,2,4,1,2,2,1,5,2,2,5,4,2,5,3,1,3,2,2,4,4,2,3,2,4,2,4,2,3,4,2,9/8/2013 12:49:42 PM
146006123,4,2,3,3,5,5,5,4,4,2,2,5,4,5,4,1,1,2,2,2,4,4,3,5,5,3,4,1,2,2,4,3,4,1,1,2,3,3,2,4,5,2,1,2,4,4,5,2,3,5,9/8/2013 12:49:49 PM
150008858,4,5,4,2,3,3,2,3,5,4,5,4,4,5,4,4,3,4,5,3,3,3,2,5,4,1,4,4,3,4,4,1,5,4,2,4,2,1,4,3,2,3,3,4,3,3,2,2,4,2,9/8/2013 12:51:06 PM
144001395,4,3,3,2,4,3,2,3,4,4,3,4,3,4,2,4,4,4,4,4,3,4,2,4,4,2,4,4,3,2,4,3,4,4,2,4,2,2,2,4,2,4,4,4,4,4,2,2,4,3,9/8/2013 12:52:18 PM
151008349,5,1,2,1,5,5,3,3,2,5,2,3,2,3,3,1,3,3,5,4,3,4,1,2,3,2,2,1,2,5,4,1,3,1,4,2,4,3,3,3,4,3,2,2,2,3,4,2,3,4,9/8/2013 12:53:49 PM
146006929,3,3,4,2,3,1,4,2,3,4,2,3,5,2,1,5,4,5,5,3,1,5,3,1,2,1,5,4,1,5,4,1,5,4,1,5,1,1,4,4,2,5,1,4,1,5,1,1,5,1,9/8/2013 12:55:07 PM
144001313,4,4,4,3,4,2,2,1,4,5,2,3,5,3,3,3,3,4,4,2,3,5,2,3,4,2,4,3,2,4,4,3,4,3,2,4,3,1,3,4,3,4,2,4,4,4,2,2,4,2,9/8/2013 12:57:13 PM
152002101,4,5,5,3,5,4,3,2,5,5,5,2,5,5,5,5,5,3,5,3,1,3,2,3,5,3,5,4,5,5,4,5,5,5,1,4,5,1,5,4,3,5,0,5,2,5,2,1,5,1,9/8/2013 1:01:10 PM
150003655,4,5,4,2,5,3,3,2,4,2,3,2,4,5,2,4,4,4,5,5,4,2,1,3,4,2,4,3,4,4,4,5,5,3,1,4,2,1,1,4,3,2,4,5,4,3,2,1,5,3,9/8/2013 1:03:20 PM
153003196,4,5,4,2,3,3,4,3,3,2,3,4,3,5,4,2,3,5,4,5,3,3,1,2,3,2,5,3,2,3,4,4,4,3,4,2,3,3,3,5,5,3,2,1,3,3,2,5,3,2,9/8/2013 1:04:33 PM
150002478,4,4,5,5,5,5,2,3,3,4,4,3,5,5,1,3,4,4,2,2,2,4,4,3,2,2,2,4,5,5,5,5,4,4,3,4,4,3,2,2,1,1,3,4,4,3,3,3,3,3,9/8/2013 1:08:06 PM
149009223,4,4,5,3,3,3,3,3,4,3,3,4,4,5,1,3,2,4,4,4,4,4,3,2,4,0,4,3,4,4,4,5,3,4,1,4,3,2,4,4,2,3,4,3,3,4,3,2,4,3,9/8/2013 1:13:10 PM
150002545,3,5,4,3,3,3,2,4,2,4,3,2,4,5,4,3,4,4,4,3,1,3,2,2,2,2,4,3,3,5,4,1,4,4,1,5,2,2,3,4,2,4,3,3,4,4,2,2,4,3,9/8/2013 1:17:47 PM
141006572,4,4,3,3,2,2,2,3,3,3,3,2,4,3,2,4,3,4,4,2,2,3,2,2,2,2,4,3,4,4,4,4,4,3,2,4,2,2,3,4,2,3,3,4,4,3,2,1,4,2,9/8/2013 1:20:25 PM
150002124,3,4,5,4,3,1,0,2,2,4,5,2,4,2,2,3,4,4,2,2,2,1,1,2,1,1,5,4,4,4,4,3,4,4,1,3,1,1,4,4,2,1,1,3,3,4,2,2,5,2,9/8/2013 1:29:11 PM
150004536,4,4,3,4,4,3,4,4,3,4,2,4,0,3,4,2,3,4,4,4,3,3,4,4,4,3,4,3,4,4,4,3,4,4,4,3,4,4,4,3,4,4,3,4,3,4,3,4,4,4,9/8/2013 1:29:33 PM
150003097,4,5,4,2,5,1,2,4,4,4,3,2,4,4,3,4,3,4,5,3,3,3,4,4,3,1,4,3,3,4,4,3,4,4,3,4,2,3,2,3,2,3,1,3,2,5,2,1,4,2,9/8/2013 1:38:27 PM
151002261,4,2,3,2,4,3,2,3,4,2,4,3,2,4,3,2,4,5,4,2,3,3,4,1,1,3,3,5,2,3,4,1,5,3,4,3,4,2,4,3,5,1,4,2,2,4,3,2,3,3,9/8/2013 1:44:26 PM
150009606,2,3,2,2,3,1,2,2,5,3,2,2,5,1,1,3,3,5,4,1,1,1,1,4,2,5,5,5,2,5,4,1,5,3,4,4,1,1,5,5,4,1,1,2,2,4,1,1,3,1,9/8/2013 1:52:20 PM
150008875,2,3,4,4,5,2,2,2,4,5,3,4,5,5,3,3,4,4,5,2,2,3,1,3,4,2,4,3,3,4,4,4,4,4,2,4,4,2,4,2,2,3,2,4,4,4,2,1,4,3,9/8/2013 1:53:34 PM
152001256,3,2,4,1,3,2,3,2,3,4,3,3,2,4,2,3,2,4,5,2,2,3,2,2,3,2,3,2,2,4,4,4,3,3,2,4,3,3,2,3,4,3,2,3,3,4,2,2,3,3,9/8/2013 1:56:04 PM
152001217,3,4,4,2,4,3,3,4,4,4,4,4,5,5,4,4,4,5,2,4,2,3,3,4,5,1,5,3,4,4,4,3,4,4,3,4,2,2,3,4,3,3,1,3,4,3,2,2,4,3,9/8/2013 1:57:18 PM
151000089,3,4,4,1,5,4,2,3,3,3,4,2,4,3,3,3,3,3,4,2,2,3,3,2,3,3,4,3,4,3,3,4,3,3,2,4,3,4,3,4,2,1,2,4,3,3,2,4,3,2,9/8/2013 1:58:35 PM
151004767,4,4,5,3,4,5,3,4,5,3,2,5,4,5,2,4,4,5,5,4,3,4,4,5,4,1,5,4,2,4,4,2,4,5,3,4,4,2,4,4,2,1,1,4,3,4,4,1,4,1,9/8/2013 2:05:53 PM
152007217,3,3,4,2,2,2,4,3,4,3,4,2,3,4,2,1,3,4,4,2,3,3,3,2,0,2,3,3,4,4,4,3,4,3,4,4,3,2,0,3,3,3,1,3,2,4,2,3,2,2,9/8/2013 2:06:15 PM
150009433,4,4,5,3,3,2,2,1,5,4,4,2,4,0,3,4,4,4,5,2,3,5,2,3,0,2,4,4,4,4,4,3,4,4,2,4,3,2,5,4,2,3,3,4,4,4,1,2,5,2,9/8/2013 2:08:05 PM
152007964,3,3,4,1,3,2,2,3,2,2,3,4,2,3,3,2,2,3,2,3,4,4,4,4,2,2,4,2,4,3,4,2,3,2,2,3,3,2,3,4,5,4,1,4,3,3,2,3,4,3,9/8/2013 2:11:54 PM
152005144,5,3,3,2,2,3,2,2,3,2,2,4,4,5,3,2,2,3,3,3,3,4,3,3,3,2,2,2,2,3,4,2,4,2,2,3,2,3,2,3,3,3,2,3,3,2,3,3,4,3,9/8/2013 2:13:37 PM
150007356,4,3,4,2,2,2,3,3,4,4,3,2,4,3,2,3,2,4,4,3,3,2,2,3,2,2,4,2,3,4,4,3,3,2,2,3,2,2,2,3,3,4,2,4,4,4,3,2,4,3,9/8/2013 2:14:06 PM
152005844,2,4,5,5,3,2,2,1,4,2,2,2,5,4,2,5,3,4,4,1,4,3,2,3,2,2,4,3,2,5,4,1,5,5,1,5,5,2,3,4,1,2,4,4,4,4,2,2,4,2,9/8/2013 2:15:15 PM
153000492,2,2,4,2,5,4,1,2,4,4,4,3,4,4,1,1,4,3,5,2,2,4,1,2,3,1,4,3,4,5,4,1,5,3,1,2,2,2,4,4,3,2,1,5,4,3,1,1,4,2,9/8/2013 2:16:56 PM
151005289,2,4,5,4,5,3,2,3,2,4,4,3,4,4,2,4,4,3,5,1,2,3,2,2,3,1,4,5,4,4,4,1,4,4,1,4,2,2,2,4,1,3,2,5,4,3,2,1,4,1,9/8/2013 2:17:16 PM
150006770,5,4,4,4,2,3,3,3,4,2,4,4,4,5,4,4,4,3,4,2,3,2,3,5,3,1,4,3,4,4,4,3,4,4,4,4,4,2,5,3,2,2,4,4,4,4,4,2,4,3,9/8/2013 2:19:38 PM
152004066,2,3,4,2,3,1,2,2,4,4,4,2,5,4,3,4,4,4,5,4,2,2,1,1,4,1,5,4,4,4,4,2,4,4,1,4,1,1,1,4,1,4,4,4,4,4,1,1,4,1,9/8/2013 2:22:05 PM
151002559,4,4,5,2,3,2,3,4,5,4,4,3,5,5,3,3,4,4,5,4,3,4,2,2,4,1,5,3,4,4,4,3,4,4,5,3,3,1,5,4,4,5,2,3,4,4,2,2,2,2,9/8/2013 2:22:21 PM
152009497,1,5,4,4,3,1,1,3,2,2,5,1,5,3,1,4,4,5,5,1,1,4,1,1,2,2,5,5,5,5,4,1,5,4,1,5,1,1,3,4,2,4,3,4,3,2,1,1,4,1,9/8/2013 2:25:26 PM
150007010,3,4,4,2,5,4,1,2,4,4,3,2,4,5,2,3,4,4,5,2,2,5,2,2,4,2,4,3,2,5,4,3,5,4,2,4,2,1,2,4,1,4,2,4,2,2,2,1,4,2,9/8/2013 2:29:44 PM
152001315,2,2,3,2,4,2,3,2,4,2,2,4,2,4,2,2,2,4,5,3,2,3,2,2,3,2,4,3,1,4,4,4,3,3,2,5,3,3,2,4,3,4,2,2,5,4,3,2,4,2,9/8/2013 2:30:06 PM
,4,4,4,3,3,3,2,4,3,3,4,4,5,5,3,4,4,5,5,4,3,2,3,3,4,1,5,3,3,4,4,4,5,5,2,4,3,2,4,4,3,2,2,5,2,5,2,2,3,2,9/8/2013 2:30:32 PM
153002270,3,2,4,3,5,2,2,1,4,2,1,2,2,5,1,2,3,2,5,4,4,2,1,2,2,2,5,2,1,4,4,4,5,4,1,4,5,2,1,3,2,2,2,4,1,4,3,2,4,3,9/8/2013 2:33:27 PM
152007678,4,5,2,5,3,1,3,4,4,2,3,4,5,5,3,4,3,3,4,4,3,4,3,4,5,2,5,3,3,3,4,3,5,4,3,4,4,3,3,2,2,4,3,3,4,3,3,3,4,2,9/8/2013 2:36:07 PM
151005608,5,4,3,4,5,2,2,2,3,3,2,4,5,3,2,5,2,4,4,2,4,5,1,2,2,4,2,3,2,4,4,1,4,4,2,5,2,2,4,4,2,2,2,3,5,3,2,3,4,2,9/8/2013 2:36:19 PM
151004678,4,5,5,5,2,3,1,2,4,3,5,5,5,5,4,5,5,5,5,2,2,5,2,5,3,2,5,4,3,5,4,4,5,5,1,5,1,2,5,5,1,4,4,5,5,5,1,1,4,1,9/8/2013 2:37:03 PM
151004119,3,4,2,4,4,3,2,2,1,4,4,2,5,4,3,3,4,3,4,3,3,4,2,2,3,1,5,2,4,4,4,4,4,4,2,4,3,2,3,2,1,5,4,4,2,3,2,1,4,4,9/8/2013 2:40:00 PM
150007185,3,3,4,4,4,2,3,3,3,4,4,2,4,4,2,4,4,4,5,2,3,4,3,4,4,3,4,4,4,5,4,3,4,4,2,3,2,1,3,4,2,3,4,5,4,4,3,2,4,2,9/8/2013 2:40:09 PM
150007848,3,3,2,3,4,5,3,3,5,3,2,3,4,4,3,3,3,2,5,2,4,3,4,3,4,4,3,4,2,3,4,4,4,4,2,3,3,3,2,2,2,3,2,4,3,4,4,2,3,3,9/8/2013 2:41:59 PM
152009545,3,2,4,4,4,5,4,4,4,3,2,3,3,5,5,5,2,4,4,2,2,2,4,4,4,5,2,1,1,4,4,4,4,4,2,4,4,3,4,3,1,2,1,2,3,3,4,3,4,4,9/8/2013 2:44:39 PM
152006845,4,4,5,4,3,2,2,3,3,5,4,1,5,2,2,4,4,5,5,4,3,4,2,3,2,2,5,4,5,4,4,5,4,3,2,4,3,1,4,4,4,3,4,4,4,4,1,2,4,2,9/8/2013 2:48:17 PM
150005098,4,2,4,2,4,3,3,3,3,2,3,4,2,5,2,5,4,0,3,2,4,4,3,4,3,2,4,3,2,4,4,2,3,4,1,5,2,2,4,3,2,2,3,3,3,2,4,3,3,3,9/8/2013 2:48:38 PM
150003704,5,4,3,3,4,5,4,2,5,5,4,5,4,5,4,5,4,3,2,3,2,4,5,5,4,3,3,1,4,4,4,4,4,2,2,2,2,2,2,2,2,2,2,3,4,3,3,4,4,4,9/8/2013 2:50:42 PM
150006804,2,3,5,3,5,2,1,1,2,3,1,2,5,2,5,2,3,4,5,2,2,4,2,4,3,2,5,3,2,5,4,1,5,3,1,5,1,2,2,3,2,2,4,4,3,4,2,1,5,2,9/8/2013 2:50:43 PM
152003161,4,4,3,2,4,2,0,3,2,5,3,4,3,2,4,4,3,4,4,3,4,4,4,4,4,2,3,2,4,4,3,3,4,4,2,4,3,4,4,4,3,5,0,4,2,5,1,3,4,2,9/8/2013 2:52:26 PM
154002181,4,5,4,4,4,4,2,3,4,3,2,3,3,4,2,3,3,3,2,2,2,2,3,2,3,1,3,3,2,4,4,2,5,5,2,4,3,2,1,3,1,3,3,3,3,4,2,1,3,2,9/8/2013 2:53:30 PM
152004862,5,3,5,4,3,3,4,3,4,3,3,4,5,5,1,4,3,4,3,3,2,4,3,2,4,1,5,4,4,5,4,3,4,4,1,4,2,1,3,3,2,2,3,3,2,5,2,1,4,2,9/8/2013 2:54:25 PM
150008451,4,3,3,2,4,4,3,3,5,5,3,3,5,5,5,3,3,5,4,4,4,4,3,4,2,1,4,3,1,3,4,1,4,1,4,3,1,4,3,4,3,4,4,1,4,2,3,4,4,3,9/8/2013 2:55:37 PM
150004791,3,4,4,2,5,2,1,3,3,5,3,2,3,4,2,3,2,4,5,2,2,5,2,2,3,2,3,1,1,3,3,1,4,3,1,2,2,3,4,2,1,2,3,4,3,4,2,1,4,2,9/8/2013 2:56:29 PM
152005797,5,3,2,3,5,2,3,3,5,4,4,3,5,3,1,5,4,5,5,3,1,5,1,1,3,1,5,5,3,4,4,1,3,4,3,5,5,1,3,5,1,4,0,5,2,4,1,1,3,1,9/8/2013 2:58:11 PM
150005376,4,2,4,1,4,5,3,2,3,2,2,2,5,5,4,3,3,4,4,4,2,4,2,2,2,3,3,2,2,3,4,2,4,3,2,4,2,3,2,2,3,4,3,3,4,3,3,2,3,3,9/8/2013 3:06:28 PM
152006235,4,4,3,2,5,5,2,2,5,1,1,2,4,5,2,1,3,3,2,5,5,4,4,2,5,1,5,1,1,3,4,2,5,4,3,2,3,1,1,1,2,1,1,4,5,3,4,1,2,5,9/8/2013 3:08:33 PM
150008164,2,5,5,4,5,2,1,3,4,4,4,1,5,2,1,5,4,5,5,3,1,4,1,1,1,1,5,4,5,5,4,4,5,4,1,5,1,1,5,4,1,5,4,5,1,5,1,1,5,2,9/8/2013 3:10:30 PM
139000015,2,3,4,4,4,3,2,2,3,4,4,4,4,3,1,4,3,3,4,2,2,4,2,2,3,2,4,3,4,5,4,2,4,4,1,5,2,2,2,3,2,3,4,3,4,4,2,1,5,2,9/8/2013 3:11:08 PM
152001827,2,3,4,5,4,2,1,3,1,4,2,3,5,3,2,2,4,3,4,3,2,4,1,2,3,4,3,3,2,5,4,2,4,4,2,5,3,2,4,4,1,2,4,3,3,4,2,1,4,3,9/8/2013 3:14:00 PM
150002504,5,3,5,4,3,4,3,4,5,4,0,3,4,5,4,2,4,5,2,4,4,4,5,2,4,3,5,2,3,4,4,2,4,3,3,5,3,2,3,3,3,4,4,3,2,3,4,2,4,2,9/8/2013 3:14:54 PM
149004227,4,4,4,5,4,5,3,4,4,3,4,4,5,5,2,5,4,4,5,3,4,4,5,3,3,2,4,4,4,4,4,1,4,4,2,4,2,2,3,3,1,2,4,4,4,4,5,2,4,2,9/8/2013 3:17:49 PM
150004121,3,4,3,5,5,4,3,4,3,5,4,5,5,5,2,5,5,4,5,3,2,4,3,5,4,2,5,3,3,3,4,3,4,5,1,5,3,1,2,4,2,3,2,4,3,5,3,1,4,3,9/8/2013 3:21:45 PM
,5,1,1,1,1,5,5,1,5,1,1,5,5,5,5,5,5,5,1,1,1,0,1,5,1,1,5,1,1,5,4,5,5,1,1,0,5,1,5,1,1,5,1,5,5,1,5,1,5,5,9/8/2013 3:24:07 PM
151008397,3,4,3,4,4,2,1,2,3,3,3,2,3,4,2,4,4,4,3,4,3,3,2,2,4,1,4,4,3,4,5,2,3,4,2,4,2,2,4,4,1,3,2,2,4,4,2,2,4,2,9/8/2013 3:24:33 PM
152001376,3,5,5,3,2,2,3,3,0,1,5,2,5,4,2,3,4,3,5,1,2,2,3,4,3,3,4,2,4,4,4,1,4,5,1,4,2,1,2,3,2,4,4,5,5,3,3,2,4,2,9/8/2013 3:25:13 PM
152004280,4,3,3,4,4,4,4,4,3,4,4,4,4,4,4,4,4,4,3,3,4,4,4,3,4,3,4,4,4,3,4,4,3,4,4,4,3,4,4,4,4,4,4,3,2,3,3,3,4,2,9/8/2013 3:27:18 PM
152009249,3,4,4,4,4,3,2,3,3,3,3,3,4,5,1,4,3,4,4,2,3,4,2,3,3,2,5,4,3,4,4,3,4,4,2,4,4,2,3,4,2,4,3,4,4,4,2,2,4,2,9/8/2013 3:40:18 PM
151001942,4,3,3,2,3,3,3,3,3,3,3,3,3,5,2,3,3,3,3,3,3,4,3,3,3,3,3,1,3,3,4,3,3,3,2,3,3,3,3,2,4,3,3,3,3,3,3,3,3,3,9/8/2013 3:45:08 PM
151005505,4,2,3,2,3,2,1,3,2,3,3,2,4,5,1,4,3,3,5,2,2,4,2,2,2,2,4,4,3,4,4,2,5,3,3,4,3,2,2,4,1,3,3,3,3,3,2,2,3,1,9/8/2013 3:46:05 PM
152005804,3,4,4,4,5,2,1,3,4,3,3,3,3,5,2,3,3,3,4,2,3,5,2,2,3,3,3,4,3,3,4,3,3,3,3,3,3,3,4,4,2,3,3,4,3,3,1,2,3,2,9/8/2013 3:53:07 PM
150003563,3,2,4,3,2,2,1,4,5,2,2,2,5,4,3,4,2,4,2,4,2,4,3,1,3,1,5,1,4,4,4,2,5,4,2,4,1,1,5,4,2,4,2,1,5,4,2,1,4,2,9/8/2013 3:55:03 PM
149003871,3,4,3,4,5,1,2,2,3,4,5,3,5,1,1,1,3,5,5,4,1,4,1,3,2,1,4,5,5,5,4,2,4,5,2,5,4,1,4,4,1,3,4,5,5,1,3,1,5,2,9/8/2013 3:55:59 PM
151003133,4,4,5,2,4,1,3,2,5,4,3,2,3,4,2,4,4,4,5,3,2,2,2,2,3,1,3,4,3,3,4,3,4,5,2,3,3,2,3,4,3,3,1,3,2,4,2,2,4,1,9/8/2013 3:56:31 PM
150007826,4,3,2,1,4,2,2,2,4,4,2,4,1,4,2,2,3,4,4,2,3,2,4,4,4,2,4,1,2,4,4,2,5,4,2,4,3,3,4,4,1,3,2,2,1,4,1,2,4,3,9/8/2013 4:03:44 PM
151008481,2,3,2,2,4,1,2,3,3,2,3,2,4,5,1,3,5,1,5,2,2,3,2,3,4,3,4,4,2,4,4,1,4,4,2,4,3,2,3,4,1,2,3,3,1,3,2,1,4,1,9/8/2013 4:05:24 PM
150009967,4,5,5,4,5,1,1,4,5,5,2,5,5,4,1,4,5,5,5,2,1,1,3,5,4,1,5,5,1,5,4,1,5,5,2,5,1,1,2,5,1,5,3,4,1,5,2,1,5,2,9/8/2013 4:05:33 PM
152008936,5,4,4,3,4,4,2,2,4,5,3,5,4,5,2,3,2,4,3,1,3,4,2,5,3,1,5,3,3,4,4,3,4,4,3,4,2,3,2,4,3,4,3,4,4,4,2,1,4,3,9/8/2013 4:05:35 PM
150002974,5,4,4,2,4,2,3,3,5,2,2,4,4,2,2,3,2,4,2,4,4,4,2,4,4,1,4,1,2,2,4,4,4,2,2,2,3,2,4,4,4,4,4,3,4,4,2,2,4,4,9/8/2013 4:05:40 PM
151004084,4,5,3,3,5,4,3,2,4,4,4,4,3,3,2,4,2,4,3,2,4,4,1,4,4,1,5,4,3,4,4,4,5,5,1,5,2,1,5,2,3,3,3,5,4,4,2,1,4,4,9/8/2013 4:06:03 PM
150008684,3,3,5,3,3,3,3,2,5,2,3,3,3,5,3,3,3,3,3,4,4,4,4,3,3,3,3,3,3,3,4,3,3,3,4,4,4,3,3,3,3,4,4,4,4,3,3,3,4,4,9/8/2013 4:18:15 PM
151003376,5,4,2,3,5,5,2,3,4,2,4,4,4,3,1,4,3,4,3,2,4,4,1,2,0,2,5,2,2,4,4,2,4,5,1,4,4,1,5,2,2,4,1,4,2,4,3,1,4,4,9/8/2013 4:20:08 PM
154005771,5,5,5,5,5,5,3,3,3,3,1,5,5,5,5,5,5,5,5,5,5,5,1,5,5,5,5,5,5,5,4,5,5,5,5,5,5,1,5,5,1,5,0,3,1,5,1,1,5,1,9/8/2013 4:24:03 PM
152007506,1,5,4,4,5,3,1,2,3,4,3,0,4,3,5,3,4,4,5,2,1,3,2,1,5,2,4,3,3,1,4,1,5,4,3,5,2,3,2,3,2,2,2,3,4,4,1,2,4,2,9/8/2013 4:25:30 PM
152001190,4,3,4,3,5,4,5,4,4,3,1,4,5,5,4,4,3,4,2,3,4,4,2,2,3,2,4,3,3,3,4,2,4,3,2,4,4,2,3,2,3,2,3,4,5,3,4,2,3,3,9/8/2013 4:25:43 PM
150003168,3,3,3,3,3,3,3,4,2,4,1,4,2,3,5,1,2,3,4,5,4,3,2,1,2,3,4,5,4,3,4,2,1,2,3,4,5,4,3,2,1,2,3,4,5,4,3,2,1,2,9/8/2013 4:29:18 PM
146009500,5,4,2,4,4,4,4,2,3,4,2,3,3,3,2,4,2,2,4,3,3,4,2,2,4,2,2,2,3,5,4,2,5,4,2,3,2,3,2,3,1,1,3,3,5,5,4,2,4,3,9/8/2013 4:31:27 PM
150006922,3,4,4,3,4,2,3,3,4,4,4,4,4,5,2,3,4,4,5,2,2,4,2,2,4,2,5,2,4,4,4,2,4,3,2,4,2,3,3,4,3,2,2,4,2,5,1,2,4,3,9/8/2013 4:38:27 PM
152003242,3,3,4,1,1,1,2,4,4,1,2,3,2,5,3,2,2,3,5,2,2,2,2,2,3,3,3,2,2,4,4,3,3,3,2,2,2,2,3,3,3,3,3,3,3,3,3,2,4,2,9/8/2013 4:41:29 PM
152002270,3,4,4,2,1,4,2,4,4,2,4,2,4,4,3,2,4,4,4,3,2,4,3,2,2,2,4,3,2,2,4,4,4,4,2,4,2,2,4,4,3,3,2,3,4,4,1,1,4,2,9/8/2013 4:41:35 PM
137007114,3,3,2,3,4,2,1,3,3,3,3,3,3,3,3,3,3,3,3,3,3,3,3,3,3,3,3,3,3,3,3,3,3,3,3,3,3,3,3,3,3,3,3,3,3,3,3,3,3,3,9/8/2013 4:48:11 PM
152008008,5,4,4,1,2,4,5,4,1,1,1,2,3,5,5,2,3,4,1,4,3,5,2,4,3,0,5,1,1,3,4,3,3,2,1,2,1,3,0,4,5,2,2,4,4,5,4,3,4,3,9/8/2013 4:49:00 PM
153004803,3,4,4,4,3,2,2,2,4,2,3,2,4,4,2,4,3,4,4,2,2,4,2,2,2,1,4,3,4,3,4,3,4,4,2,3,2,2,4,4,3,3,3,4,4,4,2,2,4,2,9/8/2013 4:49:33 PM
153000324,3,4,3,2,4,3,2,2,5,4,3,3,5,5,3,4,3,5,5,3,4,3,0,3,4,2,5,4,1,3,4,4,4,4,2,4,3,1,3,3,2,4,3,3,4,4,1,1,3,4,9/8/2013 4:51:18 PM
151001551,1,5,4,2,3,2,1,1,4,5,4,2,3,1,1,4,5,3,5,2,2,2,1,3,3,2,4,3,3,4,4,5,4,3,3,5,2,2,4,4,2,3,2,5,3,4,1,1,5,1,9/8/2013 4:54:27 PM
,4,3,5,4,4,3,2,4,3,3,3,4,4,4,5,4,3,2,1,2,3,4,5,4,5,3,5,4,4,4,1,4,0,3,1,4,1,5,4,0,0,2,1,5,4,3,1,4,1,5,9/8/2013 4:58:45 PM
152000780,4,2,5,1,4,4,1,3,4,3,4,4,3,5,2,3,4,4,5,2,4,4,2,4,4,2,4,2,2,3,4,4,4,3,2,4,2,2,3,4,2,3,2,4,4,3,2,2,4,3,9/8/2013 4:58:47 PM
152000780,0,0,0,0,0,0,0,0,0,0,0,0,0,0,0,0,0,0,0,0,0,0,0,0,0,0,0,0,0,0,0,0,0,0,0,0,0,0,0,0,0,0,0,0,0,0,0,0,0,0,9/8/2013 4:58:57 PM
150004466,5,2,4,2,5,5,3,2,4,2,1,4,3,5,4,3,3,4,2,4,5,2,3,4,3,3,5,1,1,3,4,3,3,1,4,4,5,4,2,1,5,1,1,2,5,2,3,2,2,5,9/8/2013 5:02:39 PM
151007984,4,3,4,3,4,3,3,4,4,4,3,4,5,4,4,3,3,3,4,3,4,4,3,4,4,2,4,2,3,3,4,4,4,4,1,4,3,3,3,3,2,3,4,3,3,4,2,2,3,4,9/8/2013 5:02:59 PM
147000408,3,3,3,4,3,3,2,2,3,3,3,3,5,5,4,5,3,3,4,4,3,5,2,3,3,2,3,3,3,3,4,4,3,3,2,5,5,1,4,3,3,3,3,4,3,3,2,1,3,2,9/8/2013 5:09:08 PM
150009061,4,4,5,3,5,3,3,3,3,4,4,4,4,3,2,5,4,5,4,2,2,3,2,2,3,1,4,4,4,4,4,4,4,3,2,4,2,2,2,4,2,4,4,4,4,5,1,1,5,2,9/8/2013 5:12:48 PM
153001530,4,5,3,4,5,4,4,4,5,4,4,3,4,5,1,2,2,3,4,4,4,4,3,2,4,1,5,3,4,5,4,5,3,4,1,5,4,1,3,3,3,3,3,4,1,5,2,2,4,2,9/8/2013 5:15:40 PM
152000405,4,2,5,3,3,4,2,1,5,1,1,5,3,4,3,2,3,1,4,4,5,5,4,5,1,1,5,1,1,3,4,3,3,4,1,2,4,3,4,3,3,1,1,2,5,5,5,2,4,4,9/8/2013 5:16:31 PM
151000862,3,4,5,2,4,2,3,2,3,4,4,2,5,3,4,3,3,5,3,4,2,4,2,2,2,1,0,4,3,4,4,2,4,4,1,5,2,2,3,3,2,4,3,4,4,4,1,2,4,2,9/8/2013 5:21:25 PM
150007519,4,4,3,3,5,1,2,3,4,5,4,3,4,5,1,3,3,5,5,3,4,4,2,0,4,1,3,4,4,4,4,3,3,3,2,3,2,3,4,4,3,2,4,3,3,3,2,2,4,2,9/8/2013 5:22:30 PM
151001171,4,5,3,5,4,4,2,4,5,2,3,5,3,4,5,4,5,5,4,2,4,5,4,4,2,2,5,3,4,4,4,3,2,5,2,0,4,4,2,4,2,2,4,5,5,4,3,2,3,2,9/8/2013 5:30:56 PM
150007531,4,5,4,3,5,3,1,3,4,5,4,1,5,4,1,5,3,4,4,3,1,4,1,3,3,1,3,5,3,4,4,3,2,4,1,5,2,3,3,5,1,3,3,4,2,4,1,1,4,2,9/8/2013 5:31:26 PM
150008805,3,3,4,2,2,2,3,4,5,3,4,5,5,5,2,1,4,0,0,5,4,3,2,3,4,1,4,1,3,3,4,2,4,3,3,1,4,2,3,5,5,4,2,3,3,3,2,2,4,2,9/8/2013 5:35:41 PM
149009922,3,1,5,1,5,4,4,2,5,5,1,5,5,5,3,4,2,3,4,1,5,2,2,4,5,1,4,1,1,5,4,5,5,3,3,5,2,1,4,3,4,4,1,3,3,4,3,2,4,3,9/8/2013 5:41:26 PM
133006695,5,2,4,1,5,4,3,3,4,4,1,2,4,5,2,4,3,4,5,2,4,3,4,2,4,1,4,2,2,4,4,4,4,3,3,3,3,2,3,3,1,3,3,4,1,4,3,2,3,3,9/8/2013 5:42:39 PM
,3,2,5,2,5,1,4,3,5,5,4,5,4,4,1,4,3,4,4,4,4,3,1,5,4,1,3,2,2,5,4,5,4,3,2,5,4,2,2,4,4,2,3,2,2,2,1,2,2,3,9/8/2013 5:43:54 PM
150005885,4,5,5,3,1,1,2,3,2,1,5,2,4,4,3,4,5,4,2,4,1,2,3,2,2,2,3,4,5,4,4,1,5,4,2,5,2,2,4,5,2,1,4,3,4,4,1,1,4,1,9/8/2013 5:51:10 PM
151002010,3,4,5,4,4,5,2,4,4,5,5,2,4,4,2,4,3,5,4,3,3,4,2,2,4,2,4,3,4,4,4,3,5,4,2,4,2,2,3,3,2,4,4,5,5,5,3,2,4,2,9/8/2013 5:53:49 PM
150001995,4,4,4,3,4,3,3,4,4,4,2,4,4,5,2,4,2,4,2,2,2,3,2,5,2,2,4,1,2,4,4,2,4,2,3,3,3,3,3,4,2,4,4,4,1,4,2,2,4,4,9/8/2013 5:54:10 PM
137007030,4,4,4,2,4,3,3,3,3,4,3,3,3,5,3,3,3,3,3,3,2,3,3,3,3,3,3,3,3,3,4,0,4,3,3,3,3,3,3,3,3,3,3,3,3,3,3,3,3,3,9/8/2013 5:54:21 PM
150006182,3,5,4,4,4,1,1,1,3,5,4,3,5,5,4,2,3,0,5,1,1,2,1,1,4,4,5,5,5,5,2,4,5,5,1,5,1,1,3,0,3,4,1,4,2,5,1,1,5,1,9/8/2013 5:56:42 PM
152005206,4,2,4,3,3,3,2,3,4,4,2,0,4,4,3,2,4,4,4,3,2,4,2,4,4,3,4,4,3,4,4,4,3,4,2,4,4,0,4,4,3,3,3,4,2,4,2,1,4,3,9/8/2013 6:10:16 PM
148000116,5,4,5,3,5,1,3,5,3,3,5,5,4,5,3,3,3,3,3,3,3,3,3,3,3,3,3,3,3,3,3,3,3,3,3,3,3,3,3,3,3,3,3,3,3,3,3,3,3,3,9/8/2013 6:11:38 PM
152002092,3,4,4,3,4,2,1,3,4,4,5,2,4,5,1,4,4,5,5,4,2,4,4,2,4,2,4,3,5,5,4,2,5,4,4,4,3,1,2,4,1,4,4,5,3,5,1,1,5,2,9/8/2013 6:11:54 PM
,5,3,4,3,3,3,2,2,2,2,3,5,5,5,4,2,1,4,3,5,3,4,3,5,5,1,3,2,3,3,4,3,3,4,1,3,3,2,4,3,2,3,2,3,4,4,2,2,4,2,9/8/2013 6:20:42 PM
152005204,5,3,4,2,5,2,1,4,3,2,3,2,4,5,2,3,3,4,4,2,3,3,4,2,4,2,5,3,3,3,4,4,4,3,1,4,2,2,4,3,2,3,3,4,3,3,4,2,4,3,9/8/2013 6:20:48 PM
153001209,5,4,4,1,4,5,4,5,4,4,3,5,5,5,5,1,2,4,5,5,4,4,5,5,4,3,5,1,1,3,4,3,5,5,4,5,3,5,4,2,4,2,1,3,4,1,4,2,2,4,9/8/2013 6:21:17 PM
153002827,4,5,5,3,4,1,2,1,4,3,4,1,4,2,1,4,5,2,5,3,1,4,1,1,4,1,5,5,4,5,4,4,5,5,2,4,2,1,2,3,5,4,4,4,3,4,1,1,5,1,9/8/2013 6:22:33 PM
149009853,4,4,3,2,5,4,2,2,4,4,2,4,3,4,0,3,2,3,5,2,4,4,4,4,4,3,3,2,2,3,4,2,4,4,2,3,2,2,2,2,2,2,1,4,3,4,4,2,3,3,9/8/2013 6:29:53 PM
151000370,4,3,4,2,4,2,2,2,4,3,4,2,2,4,0,2,4,3,4,2,3,4,4,3,4,2,3,2,4,3,4,3,5,3,2,3,4,1,4,2,3,4,3,3,0,4,2,2,4,2,9/8/2013 6:35:38 PM
150007670,5,5,5,4,4,2,4,4,2,4,2,4,3,3,5,5,5,1,0,3,4,1,1,5,5,5,4,1,4,4,4,5,2,5,5,4,5,2,4,3,3,4,0,4,1,5,5,5,4,5,9/8/2013 6:37:37 PM
151003982,4,5,5,4,4,2,2,2,4,5,5,3,5,4,1,5,3,3,4,2,2,4,2,2,3,2,5,4,4,5,4,5,4,5,2,4,2,2,2,3,2,4,4,4,3,4,2,1,2,2,9/8/2013 6:51:06 PM
150009370,1,5,4,4,4,4,1,2,4,4,4,4,5,5,2,4,2,3,4,2,3,2,5,2,2,2,5,4,2,4,4,4,5,5,2,5,2,2,2,3,2,4,3,5,1,4,4,4,5,3,9/8/2013 6:52:34 PM
145000293,5,4,2,1,5,4,2,3,4,4,3,2,2,3,4,3,4,3,5,3,3,1,3,4,3,3,3,3,3,4,4,1,4,4,2,4,4,4,3,3,3,3,3,4,4,3,3,3,3,3,9/8/2013 6:53:57 PM
152002550,3,5,0,5,5,2,1,1,3,3,5,3,5,4,2,5,4,0,0,2,2,3,1,3,3,3,4,4,4,5,4,5,5,5,2,5,2,1,3,4,1,4,3,4,4,4,1,1,4,1,9/8/2013 6:57:49 PM
150000212,4,3,4,3,2,4,2,3,4,3,4,4,4,4,2,4,3,4,4,2,2,4,3,4,4,2,4,2,3,4,4,3,4,4,2,4,2,2,4,4,2,3,4,3,2,4,2,2,3,2,9/8/2013 7:02:13 PM
152005855,2,3,2,2,3,1,3,4,3,4,2,3,4,4,2,3,4,5,5,3,3,3,1,3,4,2,4,2,2,3,4,3,4,2,2,2,3,2,4,5,4,2,1,3,3,4,1,3,3,1,9/8/2013 7:19:43 PM
151001561,5,3,4,3,3,3,4,4,5,3,3,4,2,2,1,3,3,3,3,3,2,3,3,4,4,3,2,3,2,3,4,2,3,3,4,3,4,4,3,3,4,3,3,3,4,4,3,3,3,4,9/8/2013 7:31:43 PM
153003735,5,3,5,3,4,2,2,3,4,3,3,3,4,5,2,4,4,4,5,0,3,4,4,2,3,1,4,4,3,4,4,3,3,4,2,4,4,1,2,4,2,4,4,3,3,4,2,2,4,2,9/8/2013 7:33:03 PM
150005354,5,3,4,2,3,2,3,5,4,2,3,4,3,4,4,3,3,3,2,3,3,1,3,5,4,2,3,3,2,3,3,4,3,3,2,4,3,3,4,3,2,2,2,3,3,2,2,3,4,2,9/8/2013 7:36:28 PM
151001407,4,4,5,2,3,2,4,3,4,4,2,5,3,5,2,2,2,3,4,4,3,3,2,5,5,1,4,2,1,4,4,3,4,4,1,3,4,3,4,2,4,2,4,3,4,2,3,3,5,4,9/8/2013 7:36:51 PM
153001637,5,5,4,1,4,5,4,5,4,4,2,4,3,5,1,2,2,2,5,2,4,1,2,5,1,5,4,3,1,3,0,5,4,3,2,4,1,1,1,3,2,1,1,3,4,4,3,2,5,1,9/8/2013 7:36:56 PM
150007464,3,4,3,3,4,3,2,4,3,4,3,3,3,4,3,2,3,4,4,4,3,3,2,2,2,2,4,3,3,3,2,3,3,4,2,3,3,3,3,4,3,3,3,4,2,3,2,2,3,2,9/8/2013 7:39:40 PM
153005057,3,4,5,5,4,5,1,3,4,5,4,1,5,3,1,5,4,5,5,2,4,4,1,1,2,3,4,5,3,5,4,1,4,4,2,4,5,1,2,4,1,4,0,4,3,5,1,1,5,2,9/8/2013 7:43:38 PM
151001138,4,3,2,2,5,4,4,3,4,4,3,5,4,5,3,3,3,3,4,2,5,3,4,5,4,2,5,4,2,4,4,5,4,3,3,4,5,3,3,3,3,3,2,3,3,2,4,3,2,4,9/8/2013 7:47:57 PM
152000628,4,3,4,2,3,3,3,2,3,3,3,3,4,5,4,3,3,3,3,3,2,2,3,2,3,3,3,3,3,4,4,3,3,3,3,3,3,2,3,3,3,3,2,3,3,3,3,3,4,2,9/8/2013 7:49:00 PM
152009642,4,3,4,4,4,3,2,3,4,3,3,2,3,4,2,4,4,4,4,2,3,3,2,2,4,2,4,4,3,4,4,2,4,4,2,4,3,2,3,4,1,3,3,4,3,3,2,2,4,2,9/8/2013 7:51:55 PM
150003657,1,4,2,2,5,3,1,2,5,3,4,5,4,4,2,4,3,2,3,1,4,2,1,5,5,2,3,4,2,5,4,1,3,4,2,3,2,2,1,5,3,1,1,1,3,5,2,2,2,3,9/8/2013 7:54:50 PM
151005461,4,3,2,1,5,3,4,2,4,5,4,2,3,4,2,3,4,4,4,2,3,4,1,2,3,1,4,3,4,5,4,4,4,4,1,5,4,1,1,3,3,2,4,3,2,3,2,1,3,3,9/8/2013 7:56:22 PM
152003016,2,3,3,2,3,3,3,3,3,4,4,3,5,0,2,3,3,3,3,3,3,3,2,3,3,2,4,3,3,3,4,3,4,3,3,3,3,3,3,3,2,2,4,4,3,3,3,2,3,2,9/8/2013 7:58:28 PM
153002455,5,5,5,2,4,3,3,3,3,1,3,3,5,5,5,2,4,4,2,2,4,4,2,3,4,2,5,1,3,4,4,3,4,4,1,5,4,3,0,2,3,4,3,4,4,2,4,2,2,5,9/8/2013 8:08:07 PM
146008792,3,3,4,4,4,2,3,3,5,4,2,4,5,5,3,4,3,3,5,3,5,3,2,4,3,2,3,2,3,3,4,3,5,2,3,3,3,4,2,4,1,2,2,4,3,2,3,3,3,2,9/8/2013 8:13:23 PM
150005853,5,2,3,3,3,3,5,3,4,4,2,3,2,5,2,4,3,3,3,2,2,4,3,4,2,2,3,4,2,2,4,5,2,2,4,2,2,3,4,5,1,2,1,2,4,3,1,2,2,3,9/8/2013 8:17:02 PM
152005692,4,3,3,4,5,4,2,3,5,5,4,2,5,4,2,3,4,5,5,1,1,5,1,1,1,1,5,4,5,5,5,5,3,4,1,4,2,3,2,4,4,2,3,3,3,3,2,2,2,2,9/8/2013 8:21:41 PM
146005349,4,3,4,2,1,3,2,2,4,4,4,2,2,4,2,4,4,4,5,3,2,3,2,2,4,1,3,2,3,3,4,2,3,3,2,4,3,2,4,4,2,2,2,3,2,4,2,2,4,2,9/8/2013 8:21:44 PM
151005227,1,5,5,3,5,1,2,2,4,5,5,4,5,3,1,5,4,5,5,1,1,5,1,2,2,1,5,4,5,5,4,1,5,5,1,5,1,1,1,4,1,5,4,5,3,4,1,1,5,1,9/8/2013 8:26:07 PM
151002778,3,5,5,4,4,1,4,4,4,2,4,3,4,4,2,4,4,4,4,3,3,3,2,2,2,4,4,3,4,5,4,1,4,4,2,4,2,3,4,4,2,2,3,4,4,4,2,2,4,2,9/8/2013 8:27:18 PM
152007074,4,3,3,1,5,2,3,3,5,2,1,2,4,5,1,2,3,4,3,2,4,4,3,2,3,3,4,3,2,3,4,3,3,3,4,4,2,2,2,3,3,2,2,3,3,3,2,2,3,3,9/8/2013 8:27:29 PM
151009710,5,5,5,3,4,2,2,3,3,4,3,4,3,1,1,3,4,5,5,4,1,3,2,2,3,1,2,5,3,3,4,4,5,3,2,4,5,2,4,5,1,5,0,4,1,4,1,5,4,1,9/8/2013 8:30:46 PM
151004553,3,3,2,2,3,3,2,3,3,4,4,3,4,4,3,2,4,5,4,1,1,2,1,2,4,3,4,4,4,0,4,3,5,3,2,4,2,3,3,4,4,4,3,4,4,4,2,2,4,2,9/8/2013 8:36:27 PM
152000818,4,4,3,1,3,3,3,3,3,4,3,1,5,3,3,1,3,3,5,4,3,3,1,1,3,1,4,3,3,3,4,3,3,1,3,3,3,1,4,3,1,1,1,3,3,3,1,1,3,2,9/8/2013 8:36:53 PM
152001882,4,4,4,4,5,2,2,4,4,4,4,2,5,4,2,4,2,4,4,2,2,2,4,2,4,2,4,4,4,5,4,5,4,4,1,4,2,2,4,4,2,4,2,4,2,4,2,1,4,2,9/8/2013 8:39:05 PM
152001118,4,4,4,3,3,4,2,2,3,2,4,2,4,4,2,4,4,4,4,3,2,4,1,1,2,2,4,3,4,5,4,2,3,4,2,5,2,1,2,4,2,4,3,4,2,2,1,1,4,2,9/8/2013 8:40:41 PM
132006145,5,4,5,4,3,4,2,0,4,2,4,3,5,5,1,4,3,4,4,4,3,4,4,2,4,1,4,2,2,5,4,5,4,4,2,5,4,2,3,3,2,2,1,2,3,3,2,2,4,4,9/8/2013 8:43:52 PM
153004550,5,5,5,3,5,3,1,5,5,2,5,5,3,3,1,3,5,5,5,1,1,5,1,3,5,1,5,3,4,4,4,5,5,5,1,3,1,1,5,5,3,5,1,5,3,5,1,1,5,1,9/8/2013 8:49:56 PM
152009961,5,4,5,3,2,2,2,4,5,2,4,3,4,5,4,2,4,4,3,2,3,5,4,3,3,1,3,1,2,5,4,1,5,5,1,4,2,2,4,4,2,2,2,3,4,4,3,2,5,3,9/8/2013 8:56:00 PM
152003543,5,2,4,1,5,5,2,1,3,4,2,2,3,5,2,2,1,2,2,4,5,4,5,3,4,1,2,1,1,2,4,1,4,2,1,4,5,1,4,1,4,1,1,3,1,2,5,2,1,5,9/8/2013 8:58:07 PM
152004877,4,3,4,3,4,3,3,2,3,4,3,3,4,4,2,4,3,3,3,4,2,4,4,2,2,2,4,3,2,5,4,4,4,3,1,4,2,2,4,3,2,2,3,3,5,4,2,2,3,2,9/8/2013 9:11:05 PM
151000111,2,5,4,3,4,2,2,3,4,3,4,2,4,3,2,3,4,4,5,3,1,2,2,2,2,2,4,3,4,4,4,2,4,4,1,3,2,2,3,4,2,4,3,4,4,5,2,1,4,2,9/8/2013 9:11:50 PM
150005441,3,4,4,2,3,2,2,2,3,1,4,2,4,5,2,3,2,3,3,3,2,2,2,2,3,1,4,3,3,3,4,3,4,2,1,4,2,2,3,4,2,3,3,4,2,4,2,2,4,2,9/8/2013 9:13:44 PM
151008546,4,4,4,4,5,3,4,4,4,5,4,3,4,4,3,4,3,4,4,4,3,3,2,2,4,3,4,3,3,4,4,3,4,4,2,4,5,2,3,2,1,4,0,4,3,4,3,2,4,3,9/8/2013 9:14:56 PM
151005160,3,4,2,2,3,3,2,3,2,4,2,2,5,4,3,3,2,4,4,3,0,4,1,2,2,1,4,4,2,4,4,3,5,3,1,4,2,2,4,3,3,2,2,3,2,3,3,2,4,2,9/8/2013 9:20:15 PM
150006628,3,4,4,2,1,2,2,3,4,2,4,3,4,5,2,3,4,5,5,4,2,5,3,2,4,1,4,2,4,5,4,4,3,4,1,4,2,1,3,4,2,4,1,4,5,4,2,1,3,5,9/8/2013 9:22:46 PM
151002990,5,3,4,3,3,4,2,4,5,3,3,4,5,5,4,4,3,4,4,4,3,4,2,4,4,1,4,2,3,4,4,4,3,3,2,4,2,3,5,3,4,2,2,4,4,4,3,1,4,3,9/8/2013 9:24:27 PM
150004506,3,4,4,2,4,3,4,3,3,2,3,4,3,5,2,2,3,2,5,3,3,4,3,3,3,2,2,1,4,3,4,4,4,3,2,3,2,1,3,3,1,2,2,4,3,4,3,1,2,2,9/8/2013 9:25:41 PM
150009529,4,3,4,5,3,2,1,3,3,4,4,2,5,4,4,3,4,4,3,2,2,4,1,2,2,2,4,3,4,4,4,3,4,5,2,4,5,2,2,5,2,3,4,4,5,4,1,2,4,1,9/8/2013 9:26:26 PM
151001951,3,2,4,5,4,3,5,4,3,4,3,2,4,3,5,4,5,4,5,3,4,5,2,3,4,5,4,4,3,5,2,4,3,4,5,4,5,4,3,5,4,5,0,4,3,4,3,2,3,4,9/8/2013 9:32:24 PM
151002766,5,2,4,2,4,4,4,3,4,1,1,5,5,5,4,4,3,4,4,5,5,3,2,5,5,3,4,3,1,4,4,2,4,4,2,4,4,1,5,3,2,4,4,3,2,3,3,1,4,4,9/8/2013 9:42:57 PM
153005040,3,4,4,1,4,3,3,3,3,4,4,4,4,4,2,4,3,2,4,3,2,3,1,4,3,0,4,3,3,3,4,3,4,3,3,4,3,2,3,3,3,3,2,2,3,4,2,2,4,2,9/8/2013 9:44:20 PM
150009335,2,3,2,2,3,3,4,2,4,2,3,2,4,5,3,3,3,4,2,4,2,3,2,3,4,2,3,4,3,2,3,4,4,3,2,2,3,3,4,2,3,3,4,2,3,3,3,2,4,4,9/8/2013 9:47:46 PM
152004986,4,4,5,4,4,2,4,3,4,5,2,4,3,5,4,5,3,3,5,4,4,4,3,2,3,4,3,2,2,3,3,5,4,4,4,4,3,3,3,2,3,5,4,2,4,3,3,3,3,4,9/8/2013 9:54:07 PM
150007918,2,4,4,4,3,3,3,2,3,4,4,4,4,4,2,4,4,3,4,4,3,4,3,4,4,2,4,3,4,4,4,3,3,3,2,4,3,3,4,4,3,3,3,3,4,4,2,2,4,3,9/8/2013 9:57:25 PM
150008559,0,5,5,2,4,4,1,4,5,5,1,5,5,5,4,3,2,2,4,3,5,2,5,5,5,1,3,1,1,2,4,1,5,3,1,5,1,3,4,4,3,3,3,2,4,4,3,1,4,2,9/8/2013 9:57:56 PM
153000631,4,4,4,4,5,2,1,3,4,4,4,4,4,3,4,4,4,4,4,3,2,4,2,4,4,2,4,3,4,4,4,4,4,4,2,4,2,1,4,4,2,4,4,4,4,4,2,2,4,2,9/8/2013 10:11:25 PM
151002986,5,4,4,4,4,4,2,3,4,4,4,4,5,4,2,4,3,4,4,3,3,3,2,4,4,2,4,4,4,4,4,3,4,4,2,4,2,2,2,3,1,3,4,4,4,4,2,2,4,3,9/8/2013 10:15:55 PM
150006715,3,3,3,2,4,4,2,2,4,4,2,4,5,3,2,3,3,3,5,3,4,1,3,2,4,3,4,2,2,3,2,0,3,4,2,4,4,3,3,3,4,2,3,4,2,4,2,3,4,4,9/8/2013 10:21:40 PM
151000089,2,2,4,2,4,2,2,4,3,3,2,2,3,4,2,2,3,2,4,2,3,2,2,2,4,1,3,2,2,3,4,4,2,3,2,3,3,2,4,3,2,2,2,3,2,3,3,2,2,3,9/8/2013 10:26:25 PM
152001881,4,3,2,5,4,2,2,3,4,5,3,4,5,5,1,5,4,4,4,3,2,5,2,4,4,2,5,5,3,5,4,5,4,5,3,5,5,2,4,3,2,5,0,5,3,5,1,1,4,2,9/8/2013 10:28:08 PM
151001041,4,3,4,2,2,2,3,2,3,2,3,4,3,5,3,2,3,4,3,4,2,4,4,5,4,2,4,2,2,4,4,3,4,3,3,2,4,3,3,3,4,4,2,4,2,4,4,2,4,3,9/8/2013 10:45:38 PM
150007183,4,3,4,2,4,2,4,1,5,2,2,4,4,5,1,2,1,4,5,2,5,3,3,2,2,1,3,1,1,5,4,4,3,3,1,3,5,2,3,2,4,4,2,3,4,3,2,1,4,4,9/8/2013 11:05:26 PM
150007943,4,5,5,5,5,4,3,3,5,5,5,5,5,5,1,4,4,5,5,3,2,5,2,5,3,3,5,4,5,5,4,4,4,5,2,5,5,1,5,3,1,5,0,5,4,5,2,1,4,3,9/8/2013 11:07:21 PM
151003780,3,4,3,3,4,2,2,3,3,3,3,2,4,2,2,3,4,4,4,3,2,3,2,2,3,3,4,3,3,4,4,3,3,3,2,4,2,2,3,4,2,3,3,3,3,4,2,2,4,1,9/8/2013 11:08:36 PM
150003865,1,5,5,3,4,1,1,4,4,5,4,3,5,3,3,5,5,4,5,2,1,3,1,3,4,2,4,5,5,5,4,3,5,4,3,4,1,1,3,5,2,3,3,5,3,4,1,1,4,1,9/8/2013 11:09:25 PM
152005208,4,1,4,5,5,5,2,1,4,5,1,3,5,5,4,5,4,4,5,4,2,3,4,3,4,1,4,3,1,3,4,3,5,5,2,4,1,4,3,2,2,2,4,1,5,5,3,2,4,2,9/8/2013 11:11:47 PM
,3,4,4,3,5,3,4,4,5,4,4,1,4,2,1,5,4,4,5,3,2,3,1,3,2,2,4,4,3,3,4,5,5,4,1,5,5,1,5,3,1,3,0,3,4,4,3,1,5,2,9/8/2013 11:13:02 PM
150008192,3,4,3,4,3,1,1,1,2,4,3,2,5,5,3,4,4,5,3,1,1,3,2,2,4,2,4,1,4,5,4,1,4,3,1,4,1,1,4,5,3,5,2,3,5,4,2,2,5,2,9/8/2013 11:17:06 PM
152009544,4,3,4,2,4,3,3,3,4,4,2,3,4,5,4,3,2,4,3,2,3,3,2,3,4,2,4,3,2,4,4,3,3,3,2,3,3,3,2,2,4,2,2,3,2,4,4,2,3,2,9/8/2013 11:18:25 PM
151005940,4,5,3,5,5,4,2,3,3,5,5,2,5,5,2,4,4,4,3,3,3,5,2,2,3,3,4,5,5,4,4,3,5,5,1,4,2,2,2,3,2,4,4,5,2,5,3,1,5,3,9/8/2013 11:19:41 PM
151000960,4,3,5,2,2,2,1,2,4,2,5,2,4,4,3,2,4,3,3,2,3,1,4,2,4,5,4,2,2,4,4,2,4,3,2,3,3,3,4,4,3,2,4,4,2,3,3,3,2,2,9/8/2013 11:21:48 PM
152009603,4,3,4,3,3,4,3,3,4,3,3,5,4,4,2,4,2,4,4,2,3,4,2,5,4,3,4,3,3,4,4,3,4,4,2,4,3,2,2,3,1,3,3,4,2,4,3,1,3,3,9/8/2013 11:27:30 PM
152009181,4,3,4,3,3,4,3,2,5,4,3,4,5,4,4,3,4,3,4,4,2,4,2,0,4,2,4,2,1,3,4,3,5,4,2,4,3,2,4,4,3,2,4,2,2,3,2,2,4,2,9/8/2013 11:31:15 PM
150006036,2,3,4,2,4,3,3,3,3,3,3,3,3,3,3,3,3,3,3,3,2,1,4,3,3,2,4,2,2,4,4,2,4,4,1,3,2,2,2,3,1,3,4,2,4,3,2,3,3,2,9/8/2013 11:37:09 PM
152002121,0,0,0,0,0,0,0,0,0,0,0,0,0,0,0,0,0,0,0,0,0,0,0,0,0,0,0,0,0,0,0,0,0,0,0,0,0,0,0,0,0,0,0,0,0,0,0,0,0,0,9/8/2013 11:42:17 PM
150002493,5,3,4,1,3,2,1,2,3,4,2,3,2,3,2,3,3,5,5,4,3,3,2,4,2,3,3,1,1,2,4,3,2,2,2,3,2,2,2,3,2,3,3,4,3,4,3,3,3,5,9/8/2013 11:50:37 PM
150005111,3,3,4,3,5,3,1,2,4,5,4,2,4,3,2,3,4,5,4,3,2,4,2,2,3,4,4,3,4,4,4,1,4,4,1,4,1,2,3,3,1,4,4,4,4,4,1,2,4,1,9/8/2013 11:59:46 PM
153009990,3,2,4,1,4,3,3,4,4,4,3,3,4,4,3,3,3,4,3,2,2,3,3,2,4,2,4,3,2,4,4,3,4,3,2,3,2,2,4,4,0,3,1,4,4,2,2,3,5,2,9/9/2013 12:03:22 AM
152006649,4,4,4,4,5,3,3,3,4,4,4,4,4,4,3,3,3,4,4,4,3,4,3,3,4,3,4,3,4,4,4,3,4,4,2,4,4,4,4,4,4,4,4,4,5,3,2,4,4,3,9/9/2013 12:05:00 AM
151005689,4,3,4,2,3,3,3,4,5,4,3,3,4,4,2,3,4,4,4,4,3,4,4,4,4,2,4,3,3,3,4,3,4,4,2,4,2,2,4,3,1,2,2,3,3,3,2,2,4,3,9/9/2013 12:08:05 AM
146009740,4,1,4,2,3,4,3,4,4,3,2,2,4,5,4,2,1,4,5,4,4,1,2,2,4,3,4,4,2,3,4,2,3,2,2,4,3,4,3,3,3,2,2,3,3,2,2,2,2,3,9/9/2013 12:22:28 AM
152008380,2,4,4,4,4,2,1,4,4,2,4,4,5,4,2,4,4,3,4,3,2,5,2,5,2,2,3,4,4,4,4,1,5,4,2,4,1,2,4,4,1,4,4,4,5,4,3,1,5,2,9/9/2013 12:27:53 AM
152008971,2,5,2,5,3,1,3,3,4,4,4,2,5,2,2,5,5,4,4,4,1,3,1,2,3,1,5,3,4,4,2,3,4,4,2,4,2,2,4,5,1,3,3,4,2,4,1,1,4,1,9/9/2013 12:50:55 AM
152008686,4,3,4,1,4,4,4,3,4,2,2,3,4,4,3,1,2,3,3,4,4,2,3,4,3,2,5,1,3,3,4,2,4,3,3,3,4,4,2,2,2,2,2,2,4,4,3,2,4,3,9/9/2013 1:08:43 AM
153000069,4,3,4,2,5,1,2,3,5,4,2,3,4,4,5,4,2,4,5,1,3,4,2,4,2,5,3,5,2,3,4,2,5,3,3,3,2,3,4,4,2,3,1,4,3,5,1,1,5,2,9/9/2013 1:22:38 AM
152009053,5,5,5,1,5,3,1,4,4,3,5,4,3,5,1,1,4,3,4,3,3,5,2,5,4,2,4,2,1,5,4,3,5,1,2,3,4,2,2,4,3,2,1,4,4,4,3,4,3,4,9/9/2013 1:48:12 AM
150002990,5,1,4,4,5,1,5,3,5,1,3,5,4,5,1,5,5,5,5,5,5,4,5,4,5,1,4,4,1,5,3,4,2,5,5,4,5,5,5,5,4,5,0,2,4,5,4,4,1,3,9/9/2013 2:08:36 AM
152006969,3,4,4,3,4,2,2,3,4,5,4,3,4,4,3,3,4,4,4,2,2,4,2,2,4,2,4,3,3,4,4,3,4,4,2,4,2,2,2,4,2,4,3,4,4,3,2,2,4,2,9/9/2013 5:40:31 AM
152004781,4,3,5,4,3,4,3,2,4,3,2,4,4,5,3,5,4,4,5,4,4,3,2,4,3,2,4,4,2,3,4,3,3,4,1,5,4,2,3,4,2,3,3,2,4,4,2,2,3,3,9/9/2013 8:26:26 AM
152002194,4,5,5,5,5,2,2,3,4,4,4,4,5,4,4,4,4,4,5,2,2,4,2,2,4,2,5,2,4,4,4,3,3,4,1,5,1,1,4,3,2,3,4,4,3,4,1,1,5,2,9/9/2013 8:39:08 AM
146008535,3,4,4,4,5,3,2,2,2,4,4,3,4,2,2,3,3,2,4,2,2,3,2,2,4,2,4,2,4,5,4,1,5,4,2,4,2,1,3,4,3,2,4,4,5,5,2,2,4,2,9/9/2013 9:04:39 AM
151004489,3,2,4,2,1,2,3,1,4,2,1,2,3,3,2,2,3,4,3,1,2,2,4,3,3,2,4,3,2,4,4,2,3,2,2,4,3,3,4,3,4,4,1,3,4,4,2,3,4,2,9/9/2013 9:20:06 AM
151003455,5,4,4,2,5,5,3,2,5,1,1,5,5,5,3,3,2,1,2,4,5,2,5,4,5,2,1,1,1,4,4,2,4,4,3,4,5,2,3,2,3,1,1,3,2,4,5,1,3,5,9/9/2013 9:37:35 AM
150002544,4,2,4,3,5,3,2,3,4,5,4,3,5,4,3,5,3,4,4,2,3,4,2,3,3,0,4,4,3,5,4,3,5,4,3,3,3,4,3,3,3,4,3,5,3,4,3,2,3,3,9/9/2013 10:19:30 AM
151009757,4,2,3,2,4,3,3,2,3,2,2,1,5,5,2,3,4,2,5,2,3,2,3,2,3,2,5,3,2,3,4,4,4,4,2,2,3,2,2,2,1,2,2,3,4,4,2,2,3,2,9/9/2013 10:22:49 AM
150008925,4,5,5,3,4,4,1,3,4,5,4,1,5,2,3,5,5,5,5,1,1,4,1,2,3,1,5,3,5,4,4,3,5,5,3,5,5,1,2,4,1,3,4,5,3,4,1,1,4,1,9/9/2013 10:29:14 AM
150009198,4,4,3,2,5,4,3,4,3,4,3,3,5,5,2,3,4,4,3,4,2,2,2,2,4,2,5,3,3,4,4,3,4,4,2,4,2,2,3,2,2,2,4,3,2,3,4,2,4,1,9/9/2013 10:38:13 AM
152001381,1,1,5,3,5,5,2,4,5,5,4,2,5,3,3,5,4,3,5,3,1,4,2,1,1,1,4,3,3,5,4,1,5,5,1,5,5,1,5,5,3,5,4,4,3,5,1,1,3,2,9/9/2013 10:38:48 AM
150005321,2,4,2,3,5,2,2,2,3,4,2,2,4,4,2,4,3,4,2,2,2,3,2,2,4,2,3,3,3,4,4,4,4,4,2,3,2,2,2,3,2,4,3,3,2,5,2,2,4,2,9/9/2013 11:05:38 AM
152007101,4,4,3,3,3,2,4,4,4,3,5,2,5,4,2,3,4,3,4,2,3,3,2,2,4,2,4,3,4,5,4,2,4,3,1,4,2,1,3,4,2,4,3,4,4,4,1,1,4,2,9/9/2013 11:20:59 AM
150008003,4,5,4,2,5,3,2,3,4,5,4,3,5,4,2,3,4,5,5,2,2,5,2,4,4,1,5,3,4,4,4,1,4,4,1,5,2,2,2,3,1,3,2,5,3,4,2,1,4,2,9/9/2013 11:24:51 AM
152008244,3,3,4,4,4,3,2,2,3,4,4,3,5,5,3,3,3,4,4,2,2,4,2,2,3,2,4,3,2,4,4,3,2,4,2,4,2,2,4,3,2,4,4,3,3,4,2,2,4,2,9/9/2013 11:25:11 AM
150008905,1,5,4,3,3,2,2,2,3,5,5,2,5,3,1,3,4,3,3,2,1,4,2,1,1,1,2,4,4,3,4,1,4,3,1,4,1,1,4,4,2,4,3,4,3,4,1,1,4,1,9/9/2013 11:28:31 AM
150004297,3,3,3,3,3,3,3,3,3,3,3,3,3,3,3,3,3,3,3,3,3,3,3,3,3,3,3,3,3,3,4,3,3,3,3,3,3,0,3,3,3,3,3,3,3,3,3,3,3,3,9/9/2013 11:32:01 AM
151003859,4,3,4,1,4,4,3,2,5,4,1,4,4,5,4,2,1,4,5,4,4,1,5,4,3,3,4,1,2,3,4,3,2,4,5,1,4,3,2,5,2,4,3,1,5,4,5,2,1,5,9/9/2013 11:33:32 AM
153000959,4,3,3,3,4,2,3,2,4,2,4,3,3,5,4,3,4,4,5,4,2,2,2,2,4,3,3,3,4,4,4,4,4,4,3,4,2,4,3,4,3,4,4,4,3,4,3,3,4,2,9/9/2013 11:48:15 AM
152008596,4,2,4,2,3,2,2,4,4,3,2,3,2,4,3,2,2,3,4,3,3,3,3,3,3,2,3,2,3,4,4,3,3,4,2,4,4,3,2,3,2,2,2,2,4,4,3,3,3,4,9/9/2013 11:49:21 AM
151004873,3,4,2,2,5,3,1,1,3,4,4,2,3,4,3,4,5,4,4,2,2,4,2,2,3,1,4,5,4,4,4,2,4,4,1,4,1,3,2,4,2,3,3,4,3,3,2,1,4,2,9/9/2013 11:53:30 AM
151008065,2,4,3,2,4,1,2,2,5,2,3,3,4,4,1,3,4,4,4,2,2,4,2,3,4,1,5,4,2,5,4,3,5,3,1,5,2,1,4,4,1,1,2,5,3,4,2,1,4,1,9/9/2013 12:03:25 PM
146000397,2,4,4,3,5,3,2,4,4,5,3,2,5,5,2,3,2,4,4,2,3,4,2,2,2,1,4,3,3,4,4,5,5,4,2,4,3,2,3,4,2,4,4,3,2,4,2,2,4,2,9/9/2013 12:30:26 PM
152007695,5,5,5,5,5,5,2,1,5,5,1,2,5,5,2,5,4,5,5,5,2,5,5,2,5,1,5,2,5,5,4,2,5,3,2,2,2,5,2,4,2,2,3,3,4,4,2,1,4,2,9/9/2013 12:31:39 PM
150002819,4,3,4,2,4,4,2,4,4,3,2,4,5,4,2,2,2,4,4,4,4,2,2,2,4,4,4,1,2,4,4,2,3,2,4,4,4,2,3,4,4,2,2,3,2,2,2,3,2,4,9/9/2013 12:34:15 PM
151001173,3,2,4,1,5,2,2,2,3,3,2,5,4,4,2,2,4,4,3,3,2,4,4,2,4,2,4,0,3,3,4,1,4,4,2,4,2,0,2,4,3,2,2,4,4,3,2,3,3,2,9/9/2013 12:34:26 PM
150004304,3,4,4,3,5,4,3,3,4,2,4,3,3,5,2,4,3,3,4,3,3,4,3,3,4,3,3,3,4,4,4,3,4,4,3,3,3,2,4,4,3,3,3,4,3,4,2,2,3,3,9/9/2013 12:43:54 PM
150005177,4,2,4,1,0,0,0,0,0,0,0,0,0,0,0,0,0,0,0,0,0,0,0,0,0,0,0,0,0,0,0,0,0,0,0,0,0,0,0,0,0,0,0,0,0,0,0,0,0,0,9/9/2013 12:46:44 PM
150005504,5,3,3,2,4,3,4,4,3,2,3,2,4,5,3,2,3,2,2,3,3,4,3,4,2,4,3,2,2,2,4,2,3,4,2,3,3,3,3,2,1,2,2,4,3,3,4,1,3,4,9/9/2013 12:52:36 PM
152008366,3,4,4,4,4,2,4,4,4,4,4,2,5,2,4,4,4,4,5,2,1,5,1,1,3,1,5,3,4,4,4,3,4,4,1,4,1,1,3,4,2,4,4,4,4,4,1,1,5,2,9/9/2013 12:53:58 PM
152000743,5,3,3,1,2,3,3,3,4,3,2,4,4,5,3,1,2,4,1,3,4,4,3,5,4,3,4,1,1,4,4,1,4,1,4,2,4,3,4,3,5,3,1,1,2,3,4,4,3,5,9/9/2013 1:03:55 PM
150007321,4,2,4,1,5,3,2,4,4,3,3,2,3,4,2,4,4,4,3,2,2,5,0,3,4,3,4,5,4,4,4,2,4,3,3,4,3,2,1,5,4,3,2,2,1,3,2,3,4,2,9/9/2013 1:10:52 PM
151004832,3,5,4,2,5,4,4,3,5,4,4,5,4,5,2,5,4,5,5,3,1,3,3,3,4,1,4,4,4,5,1,3,4,5,2,5,3,1,3,4,2,4,3,5,3,3,2,1,4,1,9/9/2013 1:11:27 PM
,5,4,5,3,5,3,2,2,5,3,4,5,4,5,1,5,3,5,5,4,3,4,1,4,4,3,5,5,4,5,4,4,5,4,4,3,4,2,3,4,1,4,3,3,2,4,2,1,4,2,9/9/2013 1:12:37 PM
150009288,3,3,4,2,4,3,2,2,4,5,4,4,3,4,2,4,3,4,4,2,3,4,2,4,3,2,4,4,4,4,4,2,4,4,2,4,3,3,2,3,2,3,3,4,2,4,3,2,4,3,9/9/2013 1:13:51 PM
150005482,4,4,4,3,5,4,4,4,4,2,3,3,3,5,3,3,3,5,4,3,3,4,2,4,4,2,4,3,2,4,4,1,4,4,1,5,3,1,4,2,2,4,4,4,2,4,2,1,4,2,9/9/2013 1:34:16 PM
,3,2,2,2,3,2,2,2,2,3,3,4,3,4,3,3,3,3,3,3,3,4,3,3,3,2,3,3,3,4,4,5,4,3,2,3,2,2,2,4,3,2,1,4,4,3,2,2,3,2,9/9/2013 1:36:11 PM
152004751,1,5,5,3,5,1,1,3,5,1,5,5,5,5,5,5,5,5,2,5,1,5,1,5,5,1,5,5,3,5,5,1,5,5,1,5,1,0,5,2,5,5,1,3,5,2,1,1,5,3,9/9/2013 1:56:42 PM
145000797,5,3,5,1,5,4,4,2,4,2,4,5,5,5,0,4,2,5,5,5,5,5,1,5,5,2,4,1,4,4,4,1,5,5,1,5,3,2,2,3,2,3,4,4,3,4,2,2,4,3,9/9/2013 2:10:24 PM
151002792,3,4,4,4,3,2,2,3,2,3,3,2,4,5,1,4,4,4,4,1,1,4,2,2,2,2,4,2,3,5,4,4,5,4,1,5,2,2,3,3,1,4,4,5,2,5,2,1,5,2,9/9/2013 2:15:24 PM
150004051,5,5,5,5,3,2,1,1,4,4,3,3,4,5,1,4,4,4,4,0,3,4,2,2,3,2,5,4,4,4,4,3,3,4,2,5,2,2,2,4,2,2,4,4,2,4,2,1,3,3,9/9/2013 2:16:34 PM
152000591,4,4,4,3,4,2,5,3,4,3,3,3,4,4,2,4,4,4,4,2,3,2,3,3,4,2,4,3,3,4,4,4,5,4,2,4,3,2,3,4,2,3,3,3,2,3,2,2,4,3,9/9/2013 2:20:41 PM
150009218,4,3,4,1,3,3,3,4,3,4,4,3,3,3,2,1,3,3,5,4,2,3,4,3,2,1,4,2,3,4,4,4,5,4,1,4,2,4,3,4,4,2,2,4,4,4,2,2,4,2,9/9/2013 2:28:44 PM
151004900,4,3,3,2,5,4,4,3,4,4,2,3,4,5,2,4,5,4,5,2,2,4,1,4,4,2,4,3,1,4,4,4,5,3,2,4,2,0,5,3,1,5,2,3,3,4,3,1,4,4,9/9/2013 2:38:54 PM
150002592,5,4,3,3,4,5,4,5,5,3,4,5,4,5,4,4,3,4,4,2,3,2,1,4,4,2,4,4,3,4,4,4,5,4,4,3,2,3,3,2,1,4,2,4,3,4,3,4,3,4,9/9/2013 3:32:12 PM
150009323,1,5,5,3,5,3,1,3,5,5,5,2,3,4,1,3,4,4,4,3,2,4,2,2,3,1,5,2,4,4,4,3,3,4,1,5,1,1,2,3,3,4,3,4,4,4,2,1,4,3,9/9/2013 3:43:32 PM
150007293,4,4,5,3,3,2,3,3,4,4,3,2,4,5,1,4,4,5,5,5,2,5,3,2,3,2,5,2,2,5,4,5,4,4,2,5,1,2,3,4,1,3,2,3,4,4,1,2,5,1,9/9/2013 3:43:48 PM
133003971,5,2,2,1,4,0,5,5,5,4,2,5,2,3,4,3,3,3,5,4,4,3,3,5,5,5,4,1,1,2,4,4,3,4,3,3,3,3,2,2,3,2,1,2,3,2,5,3,3,5,9/9/2013 3:56:35 PM
151002128,4,5,5,3,3,4,3,3,4,2,3,3,4,5,2,3,4,4,4,2,2,2,1,2,4,2,5,4,3,4,4,4,5,3,2,3,4,2,4,3,1,3,3,3,4,3,1,2,4,3,9/9/2013 4:37:35 PM
150007073,4,4,5,2,4,2,2,1,4,5,3,3,2,4,4,1,2,4,5,3,3,5,2,4,4,2,3,2,2,4,4,4,4,3,2,4,4,1,1,3,4,5,3,5,4,4,2,1,3,2,9/9/2013 4:37:38 PM
152009296,5,4,4,5,5,4,3,3,3,4,4,3,5,4,4,4,4,4,5,5,5,5,2,3,3,2,4,3,4,4,1,3,4,3,4,3,1,1,3,0,3,5,2,4,4,4,3,1,3,2,9/9/2013 4:52:02 PM
153005015,3,5,5,4,4,1,3,3,2,4,4,3,5,4,1,4,4,4,4,3,2,5,3,2,0,1,5,4,4,5,4,4,5,4,2,5,5,1,5,4,1,5,0,4,4,4,2,1,5,1,9/9/2013 4:52:30 PM
151007479,3,5,5,5,5,3,3,3,2,4,5,3,5,4,1,4,4,5,5,2,2,4,1,2,4,2,5,5,5,5,4,4,5,5,2,5,5,1,2,4,1,5,0,5,3,5,1,1,4,1,9/9/2013 4:52:40 PM
152006585,3,3,4,2,5,3,4,5,3,4,3,4,4,5,3,3,3,4,5,0,2,4,3,3,4,2,4,3,2,4,4,4,3,3,2,3,3,2,4,3,3,3,2,2,4,2,2,2,4,2,9/9/2013 5:12:44 PM
150008707,4,1,3,1,3,3,4,3,4,1,1,4,4,3,2,1,2,3,3,3,4,4,3,5,3,4,5,3,2,4,4,4,3,2,3,3,3,2,4,3,2,1,1,2,3,3,2,3,3,2,9/9/2013 5:12:48 PM
153000016,1,4,4,3,3,4,2,4,4,3,3,2,4,3,4,4,4,3,5,3,3,3,1,3,3,2,2,3,4,3,4,1,4,4,2,4,2,2,4,3,1,1,2,4,2,3,3,2,3,3,9/9/2013 5:21:31 PM
151002424,4,4,4,2,4,1,3,3,4,2,4,4,5,5,2,2,4,5,5,3,2,2,2,4,5,1,5,5,2,2,4,3,4,2,2,4,4,2,4,4,4,4,1,1,2,0,2,2,4,1,9/9/2013 5:29:08 PM
150008512,4,5,5,5,3,4,5,3,5,4,5,3,4,4,3,5,5,5,5,4,1,4,0,3,0,0,5,3,4,4,4,2,5,5,3,5,5,2,3,3,1,5,0,5,5,5,3,1,5,3,9/9/2013 6:05:18 PM
152001067,5,4,4,2,2,3,3,3,4,3,2,4,4,5,2,1,3,3,2,3,4,4,3,4,4,2,4,1,2,3,4,2,3,2,2,2,3,4,3,2,4,2,3,3,2,2,3,3,3,3,9/9/2013 6:26:48 PM
152007132,4,3,4,3,5,1,2,4,5,3,3,2,4,0,2,5,4,3,3,3,2,3,4,2,2,1,4,4,4,0,4,1,5,4,1,3,1,1,3,3,2,3,4,4,3,3,3,1,1,2,9/9/2013 6:29:02 PM
140004274,4,5,4,2,3,4,3,3,4,4,4,4,5,5,1,1,3,4,4,1,4,3,2,5,5,2,4,3,1,4,4,3,4,3,2,4,4,2,3,4,2,2,1,4,4,3,2,3,3,3,9/9/2013 6:35:09 PM
153001854,2,3,4,3,4,2,2,3,2,3,2,3,5,4,2,4,3,4,3,2,2,4,2,4,3,2,3,4,2,4,5,1,5,5,3,4,2,3,3,4,2,2,4,2,3,4,2,3,2,2,9/9/2013 6:40:31 PM
151003202,4,2,5,3,4,2,3,4,2,3,2,3,5,4,5,4,1,5,5,1,2,3,3,1,3,1,5,3,3,5,4,3,5,5,1,5,5,1,3,4,3,4,0,4,3,5,1,1,3,3,9/9/2013 6:50:54 PM
151007489,4,3,4,3,5,2,2,4,4,1,1,3,2,5,1,1,2,3,3,2,4,3,3,4,4,2,2,1,1,3,4,3,3,4,2,4,3,3,4,3,5,2,1,3,3,4,3,5,3,4,9/9/2013 7:13:42 PM
151004576,3,5,4,2,3,4,3,2,3,4,4,4,5,5,5,5,4,4,3,3,1,3,2,3,4,2,3,1,2,4,4,1,3,3,2,4,5,2,4,3,1,2,2,5,4,4,5,2,5,3,9/9/2013 7:27:07 PM
151005126,3,5,1,5,3,2,4,3,4,2,4,3,5,5,4,4,5,3,5,4,1,1,4,2,4,1,5,5,5,5,4,4,5,4,1,4,5,3,3,4,2,1,0,3,1,3,3,2,4,2,9/9/2013 8:13:16 PM
145006848,5,5,5,5,5,5,5,5,5,5,5,5,5,5,5,5,5,5,5,5,5,5,5,5,5,5,5,5,5,5,5,5,5,5,5,5,5,5,5,5,5,5,0,5,5,5,5,5,5,5,9/9/2013 8:28:09 PM
153001629,2,5,4,3,4,2,3,1,3,5,4,3,5,3,2,3,5,5,4,2,1,4,1,2,3,3,4,4,3,3,4,1,5,4,1,5,1,1,3,5,1,3,3,5,2,5,1,1,4,1,9/9/2013 8:56:38 PM
150007350,3,3,3,2,4,3,3,3,4,4,3,4,2,5,3,2,3,2,3,3,3,4,4,3,3,1,2,2,2,3,4,2,3,2,3,2,3,4,3,4,3,2,3,3,3,3,3,3,3,3,9/9/2013 9:02:39 PM
153000422,4,4,4,3,3,3,4,3,4,5,5,4,0,5,4,4,4,4,4,4,2,4,4,4,4,2,4,3,4,5,4,3,5,4,3,4,3,3,4,4,3,1,3,4,0,4,3,3,4,2,9/9/2013 9:28:39 PM
151006904,5,3,1,1,5,3,1,2,3,5,1,5,3,5,2,5,3,1,4,2,4,3,5,5,5,2,3,3,3,1,4,2,3,1,5,1,2,3,3,3,3,2,1,4,5,2,5,2,5,2,9/9/2013 9:31:27 PM
153004702,4,3,3,2,3,4,3,3,3,3,2,4,3,3,3,2,3,3,1,3,3,2,1,4,4,3,3,2,2,3,4,3,4,2,3,3,3,3,3,1,3,3,1,3,3,3,4,3,3,4,9/9/2013 9:47:52 PM
149006625,3,4,4,3,5,3,3,3,3,4,2,3,3,5,3,4,2,2,3,3,4,4,3,3,4,3,3,4,3,3,3,3,2,4,3,3,3,4,4,3,3,3,2,3,3,2,3,3,3,3,9/9/2013 10:07:12 PM
151000229,4,3,4,2,3,5,1,3,4,2,2,4,4,5,1,3,2,5,4,1,2,5,4,3,4,3,5,2,2,4,4,4,3,3,2,3,3,2,1,3,1,4,3,3,1,4,3,1,4,4,9/9/2013 10:15:52 PM
152009078,4,5,3,4,5,5,3,3,3,5,5,3,5,5,3,5,4,4,5,3,3,4,1,5,5,3,5,3,4,3,1,3,5,4,2,4,2,1,5,3,3,3,3,4,3,3,3,1,4,3,9/9/2013 10:27:40 PM
152009754,4,3,5,5,4,2,2,2,3,4,4,3,5,5,2,3,4,5,3,2,4,4,2,2,4,2,5,4,4,4,4,2,4,4,2,5,5,2,2,4,2,4,4,2,4,4,2,2,4,1,9/9/2013 10:28:46 PM
154002580,3,3,5,1,2,1,2,5,4,4,2,5,4,4,1,3,3,5,5,1,2,4,1,5,2,1,4,4,4,5,4,1,3,5,1,5,1,1,3,4,2,3,2,5,4,5,1,1,5,1,9/9/2013 11:01:32 PM
150008539,3,3,4,4,4,3,2,2,3,2,2,3,4,5,3,4,4,4,5,3,2,3,2,3,3,5,4,2,2,4,4,1,3,4,3,4,3,2,4,4,2,4,4,3,3,4,3,2,4,3,9/9/2013 11:18:11 PM
144007661,5,2,4,1,3,3,5,3,3,5,0,5,3,5,5,1,1,2,1,1,5,3,3,5,3,3,3,1,1,1,5,3,3,1,4,1,1,5,3,1,3,1,1,3,1,1,5,3,3,5,9/10/2013 12:30:58 AM
150005872,4,5,5,2,2,1,1,1,5,3,5,2,3,4,4,4,5,5,5,3,1,3,1,5,4,2,5,2,4,4,4,5,5,4,1,4,1,2,4,5,3,1,1,4,2,5,3,1,5,3,9/10/2013 12:32:10 AM
151002450,5,3,5,2,4,5,2,3,4,2,2,5,4,5,5,4,1,2,5,3,5,5,1,5,5,4,5,2,1,5,4,3,4,4,2,2,3,2,2,2,3,1,1,2,1,1,5,3,2,5,9/10/2013 1:13:02 AM
151004466,2,4,5,3,2,1,4,2,4,1,4,1,2,5,2,2,4,4,4,2,2,2,2,2,2,1,4,1,2,4,4,2,4,4,2,4,2,2,3,4,2,2,2,5,3,4,2,3,4,2,9/10/2013 1:14:45 AM
150003567,4,2,5,1,2,1,4,3,3,2,4,3,4,5,3,1,4,3,5,4,3,2,4,3,2,1,5,1,4,4,4,5,4,2,2,2,2,2,4,4,5,3,1,3,2,4,2,2,4,2,9/10/2013 1:32:56 AM
152001589,1,3,2,4,5,1,2,3,2,4,3,1,5,2,3,5,3,4,5,2,3,5,2,2,3,3,5,5,4,4,4,3,3,4,1,3,4,3,5,5,1,4,3,3,3,4,1,1,3,1,9/10/2013 1:41:11 AM
149008859,3,4,4,4,4,2,2,4,4,4,4,1,4,4,2,4,4,4,4,3,3,3,2,2,2,2,4,4,4,4,4,4,4,4,2,4,2,2,2,4,2,4,4,4,3,4,2,2,4,2,9/10/2013 2:25:29 AM
150008530,4,2,5,4,5,3,2,2,3,5,4,2,2,5,2,5,4,4,3,3,4,5,2,0,2,2,4,3,3,4,4,4,3,4,2,4,4,4,2,4,2,4,4,4,4,4,2,2,4,3,9/10/2013 6:32:08 AM
152004668,3,4,5,4,3,3,1,2,5,5,5,4,5,1,1,5,3,4,5,2,1,4,3,1,2,1,5,3,5,5,4,1,5,5,1,5,2,1,3,4,1,5,4,5,5,4,1,1,5,1,9/10/2013 7:47:40 AM
152006552,4,4,4,1,4,4,4,3,4,4,3,2,5,5,4,2,4,4,5,3,3,5,2,4,4,1,5,1,2,4,4,2,3,2,2,3,3,2,3,4,5,4,2,4,4,4,1,1,4,4,9/10/2013 9:53:17 AM
146009297,3,4,4,3,4,1,2,1,3,4,3,4,5,5,2,5,4,4,3,1,1,3,2,4,3,2,4,4,4,5,4,1,5,4,1,5,5,1,3,4,2,5,0,5,5,5,1,1,5,1,9/10/2013 9:56:15 AM
150004282,3,4,5,2,3,1,2,4,5,3,4,2,4,2,2,3,4,5,4,3,2,3,2,1,4,1,5,4,2,5,4,2,5,3,1,3,1,1,4,3,4,3,1,4,4,4,1,1,5,1,9/10/2013 10:13:29 AM
152002443,4,3,4,3,4,3,2,2,4,5,5,2,4,5,2,3,3,4,4,2,2,4,2,2,3,2,4,3,4,4,4,1,3,4,2,4,2,2,3,4,2,3,4,4,4,3,3,2,4,3,9/10/2013 10:35:30 AM
154009503,4,5,5,4,3,3,1,4,2,4,5,2,5,4,1,4,4,4,5,2,1,2,1,2,4,2,4,5,5,5,4,1,5,5,3,4,2,2,3,4,1,2,4,5,3,5,1,1,5,1,9/10/2013 12:02:30 PM
150009727,3,4,4,4,5,2,2,3,4,5,4,3,5,5,4,4,4,5,5,5,3,4,2,3,4,3,5,4,4,5,4,3,4,4,3,5,2,2,5,5,1,4,4,5,2,4,1,1,5,1,9/10/2013 12:02:35 PM
152004533,3,4,4,4,4,2,2,3,4,4,4,1,4,1,1,5,3,4,5,2,2,4,2,1,2,2,4,4,4,4,3,1,4,4,1,4,2,2,2,4,1,4,4,4,3,4,2,2,4,1,9/10/2013 12:19:26 PM
145001289,5,5,5,5,5,1,1,1,5,5,5,1,5,1,1,5,5,5,5,5,1,5,1,1,1,1,5,5,5,5,1,5,5,5,1,5,5,1,5,5,1,5,0,5,1,5,1,1,5,1,9/10/2013 12:22:45 PM
153001065,3,2,4,3,3,3,2,2,5,2,3,2,4,5,2,4,3,4,3,2,4,3,2,3,3,2,3,3,4,4,4,3,4,4,2,4,2,2,3,4,3,4,3,4,4,3,2,4,4,3,9/10/2013 1:40:35 PM
154000118,2,2,4,2,4,2,2,3,3,4,3,2,5,4,2,3,4,4,2,2,2,3,2,2,2,2,4,3,2,4,4,2,4,4,2,4,2,1,3,4,2,3,2,4,2,3,2,2,3,2,9/10/2013 2:02:52 PM
150004698,4,3,4,2,4,2,2,2,4,3,2,3,4,4,1,2,2,2,4,2,2,3,4,3,3,2,4,3,2,4,4,2,4,2,2,4,2,2,2,3,2,2,2,4,4,4,3,2,3,2,9/10/2013 2:11:22 PM
151006625,1,3,3,2,4,3,2,3,4,3,5,1,1,3,4,5,3,3,5,5,2,3,4,1,3,2,3,2,3,3,4,4,3,3,2,3,3,3,4,4,3,4,1,3,2,3,2,3,2,1,9/10/2013 2:59:28 PM
151006625,1,3,3,2,4,3,2,3,4,3,5,1,1,3,4,5,3,3,5,5,2,3,4,1,3,2,3,2,3,3,4,4,3,3,2,3,3,3,4,4,3,4,1,3,2,3,2,3,2,1,9/10/2013 2:59:37 PM
151003091,2,1,5,3,5,4,1,2,4,4,2,4,3,5,2,2,4,4,5,2,3,4,2,2,5,1,2,5,1,5,4,3,5,1,1,5,3,1,2,3,1,2,1,0,4,3,3,2,3,2,9/10/2013 3:17:10 PM
151002734,3,4,5,5,4,2,2,2,4,4,2,1,5,2,2,4,4,4,2,2,2,4,4,2,4,2,5,3,4,5,4,4,5,5,1,4,2,2,3,5,2,4,4,4,5,4,2,1,4,1,9/10/2013 3:21:51 PM
150005354,3,3,3,3,3,3,3,3,3,3,3,3,3,3,3,3,3,3,3,3,3,3,3,3,3,3,3,3,3,3,3,3,3,3,3,3,3,3,3,3,3,3,3,3,3,3,3,3,3,3,9/10/2013 5:02:29 PM
150006156,3,5,4,4,3,2,2,2,4,4,4,3,5,2,2,3,4,4,5,2,2,2,2,2,2,1,5,3,4,4,4,4,4,5,1,4,1,1,2,5,2,5,3,4,3,5,1,1,4,2,9/10/2013 5:10:56 PM
150005354,3,3,3,3,3,3,3,3,3,3,3,3,3,3,3,3,3,3,3,3,3,3,3,3,3,3,3,3,3,3,4,3,3,3,3,3,3,3,3,3,3,3,3,3,3,3,3,3,3,3,9/10/2013 5:24:19 PM
153007659,4,4,3,2,4,2,2,4,4,4,3,4,5,5,4,4,2,4,5,2,2,3,4,4,3,1,4,3,3,4,4,2,3,4,2,4,3,2,2,3,3,2,3,4,5,4,2,2,4,3,9/10/2013 6:19:03 PM
152007834,4,3,3,2,3,3,2,3,3,3,4,3,4,2,2,3,3,3,3,2,0,2,2,3,2,2,4,3,2,4,4,3,3,4,2,4,4,2,4,4,2,3,2,4,3,3,1,4,4,3,9/10/2013 6:34:41 PM
153000875,5,3,4,4,4,2,2,1,3,4,3,3,4,3,1,3,3,4,4,2,2,2,2,2,3,2,4,1,4,5,4,1,4,4,1,5,3,1,4,3,2,2,3,4,3,3,2,1,3,3,9/10/2013 6:35:23 PM
150008726,4,4,4,5,5,4,2,2,4,5,3,2,5,5,2,4,3,5,5,3,2,2,2,3,4,2,4,5,4,4,4,0,0,0,2,4,3,1,3,4,3,3,4,3,4,3,2,2,4,2,9/10/2013 8:03:46 PM
150008678,4,4,4,2,3,2,3,2,4,2,4,2,4,5,3,3,2,4,4,3,2,4,2,4,4,3,4,3,4,4,4,4,4,3,2,5,3,2,2,3,2,2,4,4,2,3,4,1,4,1,9/10/2013 8:44:47 PM
151001740,4,3,4,2,3,2,2,3,4,3,2,5,3,4,2,3,3,4,4,3,2,5,4,5,3,1,3,2,2,4,4,3,3,2,2,4,3,2,3,4,2,4,3,4,3,4,3,2,5,3,9/10/2013 9:55:32 PM
151009721,3,2,5,3,4,3,1,5,5,5,1,3,3,5,4,3,4,3,3,3,0,5,2,2,4,0,4,1,2,4,4,4,5,3,3,3,4,3,4,3,1,2,4,4,1,2,2,1,2,4,9/10/2013 10:31:31 PM
152009547,3,5,3,4,4,4,1,4,4,3,5,2,3,5,5,3,4,4,4,2,3,5,3,2,3,2,4,1,5,3,4,3,5,4,3,3,2,2,4,4,1,5,3,4,4,2,3,2,4,5,9/10/2013 10:32:41 PM
150008145,4,3,2,2,4,4,4,3,2,5,5,3,4,5,5,3,3,2,4,2,4,5,2,4,4,4,5,2,3,4,4,3,2,4,2,4,1,4,3,5,4,2,2,3,4,2,3,4,2,3,9/11/2013 12:05:29 AM
154000062,3,2,3,3,3,2,2,2,4,5,3,2,4,2,0,4,4,3,4,3,2,3,2,3,3,1,4,3,3,4,4,3,3,4,2,4,2,2,2,4,3,3,4,3,4,4,2,2,4,2,9/11/2013 12:05:59 AM
151005708,3,4,4,3,5,1,5,3,5,3,2,3,4,4,2,5,3,3,4,4,4,5,2,2,2,2,3,3,3,4,3,2,5,4,1,3,5,1,4,4,2,3,0,5,5,4,2,1,3,3,9/11/2013 2:45:38 AM
152005862,5,0,0,0,0,0,0,0,0,0,0,0,0,0,0,0,0,0,0,0,0,0,0,0,0,0,0,0,0,0,4,0,0,0,0,0,0,0,0,0,0,0,0,0,0,0,0,0,0,0,9/11/2013 10:18:58 AM
153000215,4,4,4,3,4,2,4,2,4,2,3,2,4,2,2,4,2,3,4,1,1,5,1,4,4,2,4,3,4,5,4,1,5,5,1,5,1,1,5,5,1,4,1,5,3,1,1,1,5,4,9/11/2013 10:21:45 AM
150002994,2,4,5,1,1,2,1,1,3,2,2,2,4,2,3,2,3,3,5,2,4,2,1,4,4,2,3,2,3,5,4,2,4,5,4,2,1,2,3,4,5,4,3,2,1,2,3,4,5,1,9/11/2013 11:34:59 AM
154000500,2,5,5,3,5,2,1,1,5,4,3,3,4,5,1,5,2,5,5,1,1,2,3,1,4,2,4,5,3,5,4,1,4,4,1,5,5,1,3,5,1,5,4,5,5,3,2,1,5,2,9/11/2013 12:50:24 PM
150007751,4,4,3,2,5,3,0,2,4,4,3,4,5,5,5,4,4,3,5,4,4,3,4,5,4,2,3,4,3,0,4,1,0,3,2,4,3,1,3,2,2,2,1,2,4,4,5,1,3,3,9/11/2013 1:01:47 PM
151000296,2,5,5,3,5,2,4,3,5,4,5,4,4,4,2,5,4,5,4,3,2,5,1,5,5,2,5,3,4,5,4,5,5,5,1,5,5,2,1,4,1,4,4,5,4,4,3,1,5,2,9/11/2013 2:25:28 PM
150005656,4,4,4,3,2,2,2,4,4,4,2,3,4,4,2,2,4,4,5,2,2,2,2,2,2,2,3,2,2,5,4,2,4,2,2,5,2,3,4,5,1,4,3,4,5,4,1,2,4,1,9/11/2013 4:41:55 PM
153002825,4,2,2,4,5,3,2,2,4,5,3,4,4,3,2,3,3,4,4,4,2,3,2,4,2,2,5,3,2,3,4,4,5,4,3,3,4,1,3,3,3,4,4,2,4,4,2,1,4,2,9/11/2013 5:05:38 PM
150001637,3,4,5,4,5,3,2,3,4,4,4,2,5,2,1,5,4,4,5,3,1,4,1,2,4,1,4,4,4,5,4,1,4,5,1,5,1,2,1,4,2,4,4,4,4,5,1,1,5,1,9/11/2013 5:09:47 PM
153005081,4,5,4,3,4,3,2,2,5,5,5,2,5,5,4,3,3,4,5,3,2,3,1,4,4,2,5,4,4,4,4,5,5,4,1,5,1,2,4,4,2,3,2,4,3,5,3,1,4,3,9/11/2013 5:58:05 PM
152004227,5,5,1,4,4,2,3,5,5,5,5,2,5,4,5,5,4,5,5,3,2,5,1,2,3,1,5,5,5,5,4,5,5,4,1,4,2,1,5,4,4,4,4,5,3,4,2,1,5,2,9/11/2013 6:44:20 PM
150009294,3,3,3,3,3,3,3,3,3,3,3,3,3,3,3,3,3,3,3,3,3,3,3,3,3,3,3,3,3,3,4,3,3,3,3,3,3,3,3,3,3,0,0,3,3,3,3,3,3,3,9/11/2013 8:21:59 PM
146001990,4,3,4,2,5,2,2,2,4,2,4,4,2,5,2,2,3,4,4,4,3,4,2,2,4,2,4,3,2,4,4,3,4,4,1,4,3,2,2,4,2,2,4,4,2,4,3,2,4,3,9/11/2013 8:30:27 PM
150003504,3,4,5,3,5,2,4,2,4,4,5,1,5,5,0,4,3,2,2,2,4,5,4,3,0,0,4,2,3,3,5,5,5,3,2,4,4,0,4,2,3,3,1,4,1,2,1,2,4,4,9/11/2013 8:32:04 PM
150006492,4,3,3,2,3,3,2,2,3,3,3,2,4,4,3,1,1,3,3,3,3,3,3,2,3,2,4,3,3,3,4,4,3,0,2,1,3,1,4,3,2,2,1,3,4,3,2,1,3,3,9/11/2013 9:06:33 PM
152000917,4,5,5,3,2,3,2,2,5,3,3,5,3,5,3,3,3,4,5,2,2,3,1,5,4,3,5,3,3,5,4,3,5,5,2,4,3,2,3,3,1,2,4,4,3,4,3,1,4,3,9/11/2013 9:25:37 PM
152002280,4,4,4,3,4,3,3,3,3,4,3,4,4,5,4,2,4,4,4,2,4,4,4,3,4,1,5,2,4,4,4,3,5,4,1,5,2,3,4,2,1,3,2,4,5,0,4,1,4,2,9/11/2013 9:39:23 PM
153000505,5,4,4,4,3,3,2,5,4,2,3,4,5,5,2,4,4,3,4,2,2,4,3,4,3,2,4,2,3,4,4,2,5,4,2,4,2,2,4,3,2,3,4,4,4,4,3,2,4,2,9/11/2013 11:10:12 PM
150005989,3,5,4,1,3,4,2,1,2,4,4,2,2,2,3,1,3,3,5,2,2,2,3,2,2,1,3,1,3,3,4,3,3,4,2,4,4,3,4,3,2,3,2,4,2,3,1,1,4,2,9/11/2013 11:22:46 PM
149002434,5,5,5,5,3,2,2,2,3,2,4,5,5,5,4,5,5,5,1,2,1,4,1,1,4,1,5,4,4,5,4,3,5,4,2,4,1,2,1,4,2,5,4,5,4,4,1,1,4,1,9/11/2013 11:45:50 PM
152004472,3,4,3,3,4,2,3,3,4,2,4,2,4,3,2,3,3,4,4,2,2,3,2,2,3,2,4,3,3,4,4,3,5,3,2,4,2,2,3,4,3,4,3,3,3,4,2,2,4,2,9/12/2013 10:33:35 AM
140008444,4,3,4,2,4,2,2,3,4,4,4,2,3,5,3,2,3,3,3,4,2,2,3,4,3,2,3,2,3,3,4,3,4,3,3,3,4,2,3,3,3,3,2,3,3,3,4,2,4,3,9/12/2013 10:37:15 AM
151003979,2,5,4,4,2,2,1,0,3,2,4,2,5,3,2,5,4,4,4,1,1,4,2,2,2,1,5,4,4,5,4,1,4,4,1,4,1,2,4,4,2,4,4,4,2,0,1,2,5,1,9/12/2013 11:14:49 AM
152005797,4,4,4,4,5,5,4,2,3,4,4,1,5,2,2,4,4,4,4,3,3,3,1,2,2,3,4,4,4,4,4,2,3,4,3,5,2,1,3,4,2,3,4,4,3,3,1,1,4,1,9/12/2013 11:15:07 AM
153004570,1,5,5,3,2,2,1,2,4,1,4,3,5,4,1,5,5,4,5,5,2,3,4,3,4,3,3,3,3,4,3,2,3,3,2,5,3,5,2,4,2,2,2,3,5,4,4,1,4,2,9/12/2013 11:32:36 AM
151003947,3,4,5,4,5,2,1,3,4,3,4,2,5,4,2,4,5,4,3,3,2,4,2,2,3,4,4,3,4,4,4,4,4,5,2,4,3,2,2,4,2,3,3,4,1,4,3,2,4,2,9/12/2013 1:12:32 PM
149009718,3,3,4,2,3,2,2,3,5,4,4,3,5,4,2,4,4,3,3,3,3,5,4,4,3,3,3,2,2,3,3,3,3,2,2,3,4,4,3,3,3,3,3,3,2,3,3,3,4,2,9/12/2013 2:54:57 PM
150001371,3,4,3,2,4,3,2,3,3,3,2,3,4,4,1,3,4,3,5,3,3,3,4,3,4,3,4,2,2,5,4,1,4,4,2,5,5,2,3,3,2,4,0,4,2,3,3,2,5,3,9/12/2013 3:01:30 PM
153000483,3,3,5,1,4,3,2,3,4,3,2,3,5,4,3,1,2,3,4,1,3,4,2,3,2,3,4,2,1,4,4,3,4,1,1,4,4,1,3,4,1,4,1,3,4,1,2,4,4,2,9/12/2013 3:49:03 PM
150007637,1,3,4,3,1,1,2,4,3,3,3,3,4,4,1,3,4,1,5,3,2,2,3,4,5,0,4,5,3,0,4,0,0,3,4,3,3,3,4,4,2,3,3,2,2,3,2,2,3,1,9/12/2013 4:04:40 PM
150007925,3,4,4,2,4,2,2,2,5,4,3,2,2,4,3,3,3,4,4,3,3,5,2,2,2,2,3,4,2,4,4,3,3,2,3,2,2,2,2,4,3,2,1,2,4,2,2,2,3,2,9/12/2013 5:21:01 PM
151001181,4,3,5,2,3,3,3,3,4,4,3,5,3,4,3,2,2,4,3,3,3,3,4,5,3,2,4,3,2,3,1,2,3,3,2,4,3,2,3,3,4,3,2,2,2,3,2,2,3,3,9/12/2013 5:39:54 PM
151001181,4,3,4,3,3,3,2,3,4,4,3,5,3,3,2,2,3,3,3,4,3,3,4,5,4,3,4,2,2,3,4,3,3,2,4,2,2,3,3,3,2,3,2,2,2,3,2,2,4,3,9/12/2013 5:46:42 PM
150008899,4,4,4,5,4,2,2,3,3,5,4,2,4,5,0,4,5,4,4,4,2,3,3,4,4,4,4,3,3,4,4,4,3,4,3,4,2,2,3,4,3,4,2,4,5,5,3,1,3,2,9/12/2013 6:20:52 PM
152000729,3,2,4,4,4,1,2,3,1,3,2,2,4,4,2,3,4,4,4,4,2,3,2,2,3,3,3,4,3,3,4,3,3,4,1,4,1,2,2,4,3,4,4,3,2,3,2,2,4,2,9/12/2013 8:02:59 PM
151002008,3,4,5,4,3,2,2,3,5,4,4,3,5,5,2,4,4,5,5,4,3,4,1,1,2,1,4,5,3,5,4,3,5,5,2,5,2,1,4,4,1,4,4,4,3,5,2,1,4,2,9/12/2013 8:15:39 PM
144009753,3,3,3,1,4,5,3,3,3,4,3,3,3,4,3,1,3,2,4,2,3,1,2,2,3,2,4,1,2,3,4,1,3,4,2,4,2,3,3,3,2,1,3,4,1,4,4,4,4,3,9/12/2013 8:58:54 PM
152007923,5,4,3,2,4,5,2,3,5,4,4,4,2,5,4,2,4,2,2,0,2,2,1,4,5,5,3,1,4,3,4,1,5,4,2,3,5,2,2,2,2,1,1,5,3,2,4,1,2,4,9/12/2013 9:16:40 PM
152002108,3,4,5,3,4,2,1,2,5,5,3,2,5,4,1,5,2,5,5,3,1,5,1,1,3,2,5,4,3,5,4,3,5,5,1,5,2,1,5,5,1,4,4,4,4,5,1,1,4,1,9/12/2013 9:52:33 PM
152004958,3,5,2,5,5,3,1,3,4,5,4,2,5,3,1,5,4,4,5,2,2,4,1,3,3,1,5,5,5,4,4,1,5,5,2,5,2,1,2,5,1,4,4,5,1,4,1,1,5,5,9/12/2013 9:54:49 PM
151002620,3,4,2,2,2,3,1,3,4,2,4,2,5,5,2,4,4,4,3,2,3,4,2,1,2,2,4,3,4,4,4,3,3,4,1,4,5,1,3,4,2,4,4,4,3,3,1,2,4,2,9/12/2013 10:25:03 PM
150009959,4,4,5,3,3,3,1,3,5,3,4,2,3,4,2,3,3,4,4,2,2,4,3,4,3,1,4,3,2,2,4,3,5,5,2,4,3,3,3,4,1,2,3,3,4,4,1,1,3,2,9/12/2013 10:41:16 PM
152006700,3,2,4,2,3,2,1,2,4,4,2,4,4,5,3,4,2,4,4,3,3,2,4,4,4,2,5,3,2,4,4,2,4,4,3,3,4,3,4,2,1,2,2,0,3,4,4,2,4,3,9/12/2013 11:06:41 PM
153002547,3,3,3,3,3,3,3,3,3,3,3,3,3,3,3,3,3,3,3,3,3,3,3,3,3,3,3,3,3,3,3,3,3,3,3,3,3,3,3,3,3,3,3,3,3,3,3,3,3,3,9/13/2013 12:13:36 AM
150006017,2,4,4,4,4,2,2,2,2,4,5,1,5,3,2,4,5,5,5,2,1,4,1,1,2,2,5,4,4,4,4,2,5,4,2,4,1,2,2,4,1,2,4,4,4,4,1,1,5,1,9/13/2013 1:02:27 AM
,4,3,3,2,4,2,3,3,4,1,2,4,2,3,4,2,3,4,2,2,4,2,2,4,3,1,2,2,2,4,4,3,4,3,3,2,4,3,4,3,3,4,3,2,1,2,1,3,2,3,9/13/2013 7:20:53 AM
153001530,5,5,5,4,5,3,4,2,4,5,5,5,5,5,2,3,3,3,3,5,3,3,2,2,3,3,5,3,4,5,4,2,5,4,3,4,3,2,5,4,3,3,3,4,3,4,3,2,3,2,9/13/2013 11:24:44 AM
,3,3,2,1,2,1,2,1,4,5,4,4,2,5,4,2,4,4,4,3,3,2,2,2,4,3,4,1,2,3,4,4,3,2,2,1,3,2,5,4,4,1,1,3,1,4,1,3,2,2,9/13/2013 12:22:50 PM
152009219,1,4,4,4,4,4,2,2,3,4,4,3,3,2,2,4,4,4,4,3,2,3,0,3,3,2,4,3,3,3,3,4,4,4,2,4,2,2,4,4,2,3,4,4,3,3,1,4,4,3,9/13/2013 2:21:31 PM
152009112,2,2,4,1,4,4,1,1,4,5,2,4,4,5,1,0,4,3,4,5,4,3,4,2,5,1,5,1,1,4,4,3,4,4,4,3,2,2,4,4,4,0,1,3,5,4,4,2,4,4,9/13/2013 2:38:42 PM
153001558,4,3,4,2,3,2,1,3,5,4,4,4,5,3,2,4,4,4,5,3,2,4,2,5,3,2,4,1,4,4,4,3,5,3,2,5,2,1,4,5,4,2,2,5,4,2,1,3,2,1,9/13/2013 3:23:29 PM
150008044,2,3,3,2,3,2,2,3,4,4,3,2,3,2,2,2,4,4,4,3,2,3,2,2,4,3,4,2,3,4,4,2,4,3,2,3,2,2,3,4,2,3,2,4,3,3,2,2,4,2,9/13/2013 3:29:25 PM
152009325,3,4,4,3,4,5,5,3,3,2,3,4,4,5,3,1,1,3,1,3,4,2,5,5,5,2,4,1,3,3,4,2,4,3,1,3,2,3,2,2,3,3,3,4,3,2,5,2,4,5,9/13/2013 5:44:32 PM
150005041,3,3,3,3,3,3,3,3,3,3,3,3,3,3,3,3,3,3,3,3,3,3,3,3,3,3,3,3,3,3,3,3,3,3,3,3,3,3,3,3,3,3,3,3,3,3,3,3,3,3,9/13/2013 6:39:13 PM
152004376,4,3,4,2,3,2,2,3,3,3,3,2,4,4,3,4,4,3,4,4,2,3,2,2,2,3,3,3,4,4,4,2,5,4,2,4,3,3,3,4,2,2,2,3,4,4,2,2,4,2,9/13/2013 10:25:30 PM
154004168,5,5,4,5,4,4,5,4,4,5,5,4,4,4,3,5,5,3,4,4,5,5,5,4,5,4,4,5,4,4,5,5,4,5,2,5,5,4,4,5,4,4,0,5,3,5,4,5,5,4,9/14/2013 8:00:25 AM
153005118,0,0,4,2,5,2,3,5,4,4,3,2,4,5,2,2,4,5,3,2,3,4,3,3,5,2,3,4,3,4,4,4,5,5,2,5,3,2,1,5,3,2,2,4,5,3,1,2,4,3,9/14/2013 12:43:07 PM
151003906,4,4,5,3,4,2,2,3,5,3,5,5,5,5,4,2,4,3,3,3,2,1,1,4,4,1,4,2,5,4,4,1,4,5,3,3,3,2,2,3,2,4,1,4,4,5,3,1,3,2,9/14/2013 7:02:06 PM
153000426,2,4,3,3,5,2,2,3,3,4,3,1,5,2,3,3,4,4,4,3,2,3,1,1,2,3,4,3,3,3,4,3,3,3,2,3,2,2,3,4,2,3,2,3,3,3,2,2,3,1,9/14/2013 9:51:56 PM
153007726,4,2,3,2,4,1,3,2,4,5,5,2,5,3,1,3,4,5,3,1,3,4,4,3,1,3,5,5,5,4,4,4,4,4,2,3,3,1,3,4,4,3,3,3,2,3,2,2,3,3,9/16/2013 12:19:12 AM
153002498,3,4,4,2,3,3,4,4,3,2,2,4,2,4,2,2,4,4,4,3,3,2,2,4,3,2,4,3,2,4,2,3,4,5,1,5,5,2,5,4,3,5,0,5,1,5,1,1,2,2,9/16/2013 4:07:55 PM
150009129,3,4,4,2,5,1,1,2,3,2,2,2,3,5,1,3,4,4,5,3,1,3,3,4,2,2,5,4,4,5,4,3,4,4,2,4,2,2,3,3,1,4,3,4,5,4,2,1,4,1,9/16/2013 5:06:28 PM
152001233,3,2,4,2,4,1,2,3,5,4,2,2,5,3,4,2,3,4,4,3,2,2,2,2,2,2,4,3,2,4,4,1,5,2,2,2,3,2,4,4,4,2,2,2,3,3,2,3,2,1,9/16/2013 5:45:16 PM
150009434,5,4,4,3,3,2,2,4,5,1,2,4,5,5,2,4,3,4,3,3,3,3,3,2,3,3,3,3,3,2,4,4,2,3,0,4,2,1,4,5,5,4,2,3,3,4,2,2,3,2,9/16/2013 7:09:32 PM
154000316,3,3,3,3,3,3,3,3,3,3,3,3,3,3,3,3,3,3,3,3,3,3,3,3,3,3,3,3,3,3,4,3,3,3,3,3,3,3,3,3,3,3,3,3,3,3,3,3,3,3,9/16/2013 10:20:27 PM
152007065,4,4,3,2,5,5,5,3,4,3,3,4,4,4,3,3,3,4,4,3,4,5,4,4,4,3,4,1,2,3,4,3,4,3,2,3,2,2,3,2,3,2,1,4,3,2,5,2,3,4,9/16/2013 11:06:29 PM
150002848,4,4,4,4,5,3,2,4,3,3,4,2,4,5,2,4,4,4,2,2,2,4,3,2,2,2,3,2,4,4,4,0,4,3,2,4,2,2,4,3,3,4,3,4,2,4,3,2,3,3,9/17/2013 1:46:18 AM
152001853,3,2,4,4,5,3,4,4,2,4,2,3,2,4,3,5,3,5,3,4,3,4,3,4,3,3,3,4,3,2,4,3,4,4,5,3,5,3,4,4,3,2,4,4,3,4,3,5,4,3,9/17/2013 1:19:27 PM
152003296,2,3,3,4,3,2,1,3,3,3,3,3,5,4,1,5,4,4,5,3,3,4,3,3,4,2,3,4,4,5,4,3,4,4,2,3,2,2,4,4,1,2,4,4,4,3,2,1,4,1,9/23/2013 12:10:04 AM
152009323,4,4,3,5,3,5,5,4,3,5,4,0,0,0,3,4,5,5,4,3,5,4,2,3,5,4,5,3,4,3,4,3,5,3,4,5,4,3,4,5,3,3,4,5,2,4,5,4,4,3,9/23/2013 3:17:41 PM
150009145,3,3,3,2,1,2,5,4,4,5,1,2,5,5,1,4,2,3,5,4,3,1,2,2,4,3,5,3,0,5,4,5,4,2,1,4,3,2,2,3,4,3,2,4,1,3,2,2,2,2,10/1/2013 12:11:49 AM
152000999,2,4,3,2,5,1,1,3,4,4,4,3,5,2,3,4,4,5,5,3,2,2,1,2,4,2,4,5,4,4,4,5,5,4,2,2,1,4,4,5,4,4,1,5,4,2,1,2,4,1,10/3/2013 6:23:52 PM
153002432,3,5,5,5,5,2,2,3,4,4,4,2,5,3,3,3,3,4,4,3,3,4,3,3,3,4,5,3,4,4,4,5,5,4,4,5,5,4,5,5,3,4,4,5,4,4,5,5,3,2,10/12/2013 3:36:32 PM
150004237,3,3,3,2,5,3,3,4,3,4,3,4,4,5,2,1,3,4,3,3,4,4,3,3,3,2,4,1,1,3,4,4,3,4,3,3,3,3,2,3,4,3,2,2,3,4,2,3,3,3,10/16/2013 11:00:51 PM
152008897,4,4,5,3,5,2,2,3,3,4,5,3,4,5,1,4,3,3,4,2,2,3,2,2,1,1,4,3,3,3,4,3,5,4,1,5,1,1,2,2,3,3,4,5,4,5,2,1,5,1,10/25/2013 3:21:22 PM
154005911,4,2,4,1,5,4,3,3,5,5,2,5,5,2,2,1,3,5,3,2,4,1,2,2,2,2,3,2,3,5,4,2,3,4,2,5,4,4,3,3,3,4,2,3,3,2,3,2,4,3,11/8/2013 9:46:09 PM
