ID,qc1,qc2,qc3,qc4,qc5,qc6,qc7,qc8,qc9,qc10,qc11,qc12,qc13,qc14,qc15,qc16,qc17,qc18,qc19,qc20,qc21,qc22,qc23,qc24,qc25,qc26,qc27,qc28,qc29,qc30,qc31,qc32,qc33,qc34,qc35,qc36,qc37,qc38,qc39,qc40,qc41,qc42,qc43,qc44,qc45,qc46,qc47,qc48,qc49,qc50,qcTIME
143007654,0,0,0,0,0,0,0,0,0,0,0,0,0,0,0,0,0,0,0,0,0,0,0,0,0,0,0,0,0,0,0,0,0,0,0,0,0,0,0,0,0,0,0,0,0,0,0,0,0,0,12/6/2013 11:24:39 AM
150005177,0,0,0,0,0,0,0,0,0,0,0,0,0,5,0,0,0,0,0,0,0,0,0,0,0,0,0,0,0,0,0,0,0,0,0,0,0,0,0,0,0,0,0,0,0,0,0,0,0,0,12/6/2013 3:15:44 PM
153001855,3,3,3,3,3,3,3,3,3,3,3,3,0,3,3,0,4,3,3,3,3,3,3,3,3,3,3,3,3,0,4,3,3,3,3,3,3,3,3,3,3,3,3,3,3,3,3,3,3,3,12/6/2013 3:18:37 PM
150007022,3,4,3,2,2,5,4,5,2,3,4,3,4,2,4,4,3,3,2,4,3,4,4,3,5,4,2,4,2,3,3,2,4,3,3,2,3,4,2,3,5,4,4,4,3,2,3,2,4,2,12/6/2013 3:21:16 PM
153006715,5,2,4,5,4,3,3,3,4,4,3,5,3,4,5,3,4,5,2,3,3,5,3,3,3,3,3,3,3,3,4,1,5,5,4,2,5,2,5,3,4,5,4,5,4,5,4,3,4,5,12/6/2013 3:26:40 PM
153001629,0,0,0,0,0,0,0,0,0,0,0,0,0,0,0,0,0,0,0,0,0,0,0,0,0,0,0,0,0,0,0,0,0,0,0,0,0,0,0,0,0,0,0,0,0,0,0,0,0,0,12/6/2013 3:27:41 PM
151001113,4,4,5,4,5,2,2,1,3,3,5,3,3,4,5,3,4,4,5,5,3,3,4,5,3,4,4,3,4,4,4,3,4,3,5,3,3,1,4,4,2,1,3,2,1,2,2,1,3,1,12/6/2013 3:28:43 PM
152008596,4,4,4,3,3,2,2,4,4,5,3,2,2,2,3,3,3,3,4,3,3,4,2,2,3,3,3,3,3,4,4,4,4,4,3,4,3,3,3,3,1,2,2,3,4,3,2,3,3,2,12/6/2013 3:33:08 PM
151004095,4,2,2,2,4,3,4,5,5,1,2,4,2,5,3,3,2,3,5,3,3,1,4,4,4,4,2,1,2,3,4,3,4,3,5,4,3,2,2,4,1,4,4,4,5,4,4,3,3,1,12/6/2013 3:33:45 PM
152005208,4,5,5,5,5,5,1,1,4,5,5,4,3,5,3,5,3,3,5,3,3,1,5,3,3,3,3,2,1,4,4,5,3,3,3,3,4,5,2,4,3,3,4,4,4,3,3,5,2,3,12/6/2013 3:36:39 PM
153001629,2,5,5,3,4,1,1,1,3,5,5,3,5,3,1,3,4,4,3,1,1,4,2,2,3,2,4,4,4,5,4,2,5,5,1,5,2,2,3,4,1,3,3,3,4,5,1,1,4,1,12/6/2013 3:41:26 PM
150006628,4,2,2,2,4,2,4,2,4,5,2,4,2,1,3,2,2,3,1,4,4,5,4,3,3,4,3,1,2,4,4,2,4,3,4,3,3,4,4,4,3,3,3,3,2,3,2,3,4,2,12/6/2013 3:58:07 PM
150006770,4,4,4,3,4,4,4,2,4,1,2,5,4,5,4,1,4,4,3,4,4,1,3,5,4,2,4,2,3,3,4,3,4,3,2,3,4,4,3,4,4,2,4,4,4,4,4,2,4,3,12/6/2013 4:01:05 PM
152002550,1,5,5,5,5,1,1,3,3,3,5,1,5,4,3,5,5,5,5,3,1,3,1,1,3,3,5,5,5,5,4,3,5,5,1,5,5,3,1,5,1,5,0,5,4,5,1,1,4,1,12/6/2013 4:03:15 PM
150005504,5,1,2,2,5,4,4,2,4,5,2,5,5,1,4,4,1,1,2,4,3,3,2,4,3,3,2,1,2,3,4,3,3,4,3,2,3,2,3,2,1,2,2,3,3,3,2,2,3,3,12/6/2013 4:06:03 PM
152007836,4,2,3,2,4,4,4,3,3,3,3,3,3,3,3,3,3,3,3,3,3,3,3,3,3,3,3,3,3,3,3,3,3,3,3,3,3,3,3,3,3,3,3,3,3,3,3,3,3,3,12/6/2013 4:11:35 PM
150004536,5,5,5,5,5,5,5,5,5,5,5,5,5,5,5,5,5,5,5,5,5,5,5,5,5,5,5,5,5,5,5,5,5,5,5,5,5,5,5,5,5,5,0,5,5,5,5,5,5,5,12/6/2013 4:21:21 PM
150000560,4,3,4,4,4,3,3,4,4,4,4,3,4,4,4,4,4,5,4,4,4,4,4,2,4,4,4,4,4,4,4,4,4,4,4,4,4,4,4,4,4,4,4,4,4,4,1,4,4,4,12/6/2013 4:27:36 PM
152007834,2,2,0,2,2,2,2,2,2,5,2,2,4,2,4,3,2,4,4,4,2,2,2,3,3,2,5,3,1,4,4,2,3,3,4,4,1,2,5,5,2,0,3,2,3,3,2,4,4,1,12/6/2013 4:35:06 PM
152006283,5,3,3,1,5,4,4,3,4,3,2,3,3,5,2,2,3,2,4,3,1,5,2,3,4,2,5,1,3,3,4,1,3,3,1,2,4,3,2,2,4,0,3,4,2,4,4,4,3,4,12/6/2013 4:41:17 PM
151004553,4,3,2,3,4,2,1,3,5,2,3,2,5,4,3,3,4,4,4,3,2,4,2,2,5,2,4,3,3,4,4,0,5,3,1,5,2,3,3,2,2,3,3,5,4,3,2,2,4,1,12/6/2013 4:44:22 PM
152002121,2,4,3,4,3,4,3,4,3,3,4,4,5,5,5,5,5,3,4,3,3,4,4,4,3,3,3,3,5,5,3,4,4,5,4,3,5,4,4,5,4,5,0,5,4,5,5,4,5,5,12/6/2013 4:46:28 PM
152002121,2,4,3,4,3,4,3,4,3,3,4,4,5,5,5,5,5,3,4,3,3,4,4,4,3,3,3,3,5,5,3,4,4,5,4,3,5,4,4,5,4,5,0,5,4,5,5,4,5,5,12/6/2013 4:47:11 PM
150004091,4,3,4,2,3,3,4,4,4,3,3,4,3,3,2,3,3,4,4,3,3,2,3,2,3,1,3,1,2,4,4,2,5,3,2,4,3,2,2,3,2,2,1,4,3,4,2,2,3,2,12/6/2013 4:50:41 PM
150009708,5,5,5,3,3,5,2,4,5,4,5,4,5,4,5,5,5,4,5,4,5,5,5,4,5,3,3,5,4,3,4,5,4,3,4,3,5,4,4,5,5,3,0,5,3,3,4,5,5,4,12/6/2013 4:53:43 PM
152008366,3,3,4,3,4,2,3,3,4,4,4,2,5,2,2,3,3,4,5,2,2,4,2,2,3,1,5,3,4,4,1,2,4,4,2,4,2,1,3,4,2,4,3,4,3,4,2,1,4,2,12/6/2013 4:55:45 PM
150005656,3,4,4,4,2,2,2,3,2,2,4,0,4,5,2,4,4,3,4,3,4,4,2,2,2,2,4,2,4,4,4,2,4,3,3,4,2,3,5,4,1,2,4,4,5,4,1,1,4,1,12/6/2013 4:58:03 PM
151002424,2,4,4,3,4,3,4,2,4,4,3,0,4,4,2,3,3,4,4,3,4,4,4,3,4,2,4,3,4,4,4,3,4,4,2,4,4,4,4,4,3,2,1,3,3,4,2,2,4,2,12/6/2013 5:04:31 PM
151005608,5,4,4,3,5,2,3,2,5,4,1,3,4,1,4,3,1,3,3,4,4,4,3,3,2,2,1,1,1,3,4,1,4,3,2,3,3,3,3,4,3,2,2,3,5,2,2,3,4,3,12/6/2013 5:04:58 PM
149004227,3,3,3,3,3,3,3,3,3,3,3,3,3,3,3,3,3,3,3,3,3,3,3,3,3,3,3,3,3,3,3,3,3,3,3,3,3,3,3,3,3,3,3,3,3,3,3,3,3,3,12/6/2013 5:09:38 PM
151004786,4,3,5,1,5,2,4,3,5,1,2,5,3,5,3,2,1,4,3,3,5,2,3,5,4,3,1,1,3,3,4,2,3,2,4,3,3,4,3,3,4,3,2,1,1,2,3,5,5,3,12/6/2013 5:09:56 PM
150004791,3,3,3,3,3,3,3,3,3,3,3,3,3,5,2,3,3,3,3,3,3,3,3,3,3,3,3,3,3,3,4,3,3,3,3,3,3,3,3,3,3,3,3,3,3,3,3,3,3,3,12/6/2013 5:21:25 PM
151006007,3,3,4,3,5,3,4,3,4,4,3,4,3,5,4,4,3,4,3,3,3,4,0,4,3,4,3,1,3,4,4,3,4,3,3,4,3,4,4,4,3,4,4,3,4,3,4,3,4,3,12/6/2013 5:22:23 PM
150002544,1,4,4,3,4,2,1,2,4,4,3,2,4,1,3,4,4,2,4,3,2,4,3,2,3,2,4,5,3,4,4,3,5,3,2,4,2,3,4,5,2,3,4,5,4,5,1,1,4,1,12/6/2013 5:28:54 PM
152000591,3,3,4,3,4,3,4,2,4,4,3,2,4,3,1,3,4,4,2,3,3,2,2,1,4,1,4,3,3,4,4,5,4,3,2,5,3,2,2,4,3,3,3,3,2,3,2,2,4,4,12/6/2013 5:50:57 PM
150002478,1,5,5,5,5,1,1,4,3,1,1,1,5,1,1,1,5,5,5,1,1,1,1,2,3,4,5,4,3,2,1,2,3,4,5,4,3,2,1,1,2,3,4,5,4,3,0,2,1,2,12/6/2013 5:52:56 PM
150005813,2,5,4,4,3,2,2,3,4,4,5,2,5,1,2,4,4,4,3,1,2,3,3,2,2,2,5,3,5,5,4,2,3,4,2,5,5,1,5,4,1,1,0,4,3,4,1,1,5,1,12/6/2013 6:21:41 PM
150004965,5,4,5,3,4,5,4,2,4,5,4,2,3,3,4,3,4,4,4,4,3,3,1,2,1,1,5,3,3,5,0,0,0,4,3,4,3,3,4,4,1,3,2,4,5,5,1,1,5,1,12/6/2013 6:22:16 PM
151008481,5,2,2,2,4,2,2,3,3,3,3,3,4,5,2,2,4,2,4,2,4,2,4,3,4,4,3,3,3,4,4,2,4,3,2,4,2,3,2,3,2,2,2,3,3,3,2,3,3,3,12/6/2013 6:33:03 PM
151005289,2,5,5,5,5,2,2,2,3,4,5,2,5,3,2,3,5,5,5,2,1,4,2,2,3,2,5,4,5,5,4,1,5,4,1,4,1,1,3,5,1,3,3,5,5,5,2,1,4,1,12/6/2013 6:33:50 PM
152007678,0,0,0,0,0,0,0,0,0,0,0,0,0,0,0,0,0,0,0,0,0,0,0,0,0,0,0,0,0,0,0,0,0,0,0,0,0,0,0,0,0,0,0,0,0,0,0,0,0,0,12/6/2013 6:52:22 PM
152007678,3,2,2,1,2,5,4,4,3,1,3,5,3,5,3,2,3,3,2,5,2,3,2,2,5,3,4,2,3,4,4,3,4,3,4,2,3,2,3,2,2,3,2,3,3,3,3,2,3,3,12/6/2013 6:59:04 PM
150008875,4,4,4,4,4,3,4,3,4,5,4,4,4,5,4,3,4,4,4,4,2,4,2,4,4,2,4,3,4,4,4,4,4,4,2,4,4,2,4,3,4,4,4,4,4,4,3,2,4,2,12/6/2013 7:17:15 PM
146008792,4,4,5,3,5,2,2,1,4,5,5,3,5,5,3,2,5,5,5,4,2,5,1,4,4,5,4,2,5,4,4,2,5,5,1,4,4,4,4,3,1,2,2,5,1,5,2,1,5,1,12/6/2013 7:25:54 PM
152007350,5,4,4,4,5,4,3,2,4,5,3,3,4,4,2,3,3,4,4,4,2,4,3,4,4,3,4,2,3,4,4,4,4,3,2,2,2,2,4,4,2,3,2,5,4,4,2,2,4,3,12/6/2013 7:54:15 PM
152002101,4,5,5,5,5,3,3,3,4,5,5,1,5,3,2,5,5,5,4,1,1,3,2,1,0,2,5,5,5,5,4,4,5,5,1,5,5,1,2,5,3,5,0,5,3,5,2,1,5,1,12/6/2013 8:04:41 PM
151001407,4,3,4,3,3,2,4,3,4,4,2,3,5,3,2,3,4,3,3,3,2,3,1,1,2,3,3,1,3,3,4,3,4,4,3,3,4,2,4,4,3,3,3,2,3,3,4,1,3,2,12/6/2013 8:07:17 PM
133003971,5,3,2,2,2,4,5,4,4,4,3,5,4,4,4,1,2,3,3,5,5,3,4,5,3,5,3,1,1,2,3,3,4,3,4,4,3,3,3,3,3,3,3,3,3,3,3,3,3,5,12/6/2013 8:09:47 PM
150008684,4,4,4,4,4,4,4,4,4,4,4,4,4,4,4,4,4,4,4,4,4,4,4,4,4,4,4,4,4,4,4,4,4,4,4,4,4,4,0,4,4,4,4,4,4,4,4,4,4,4,12/6/2013 8:19:52 PM
151009710,5,4,4,0,4,3,3,4,3,5,3,3,4,5,3,2,4,4,4,3,4,3,3,4,5,3,4,4,3,2,4,3,3,3,2,4,3,5,4,2,4,5,2,3,1,3,5,4,5,4,12/6/2013 8:22:24 PM
151003977,4,3,4,4,3,4,3,2,4,4,0,4,4,3,5,3,5,2,4,2,4,2,4,3,4,4,3,4,4,3,4,4,5,4,3,4,4,4,3,2,3,4,3,4,4,4,2,4,4,2,12/6/2013 8:22:47 PM
150008145,2,3,5,3,5,1,4,4,2,5,2,1,5,3,4,4,5,4,2,4,4,2,4,2,5,4,4,4,4,2,4,4,3,4,4,3,3,3,3,3,3,4,2,5,1,4,3,3,4,3,12/6/2013 8:30:29 PM
153001662,4,3,3,3,3,3,3,3,3,3,3,3,4,4,3,4,4,4,3,4,4,3,3,3,4,4,5,4,3,3,4,4,3,3,3,3,4,5,4,2,5,4,3,4,3,4,3,4,3,4,12/6/2013 8:32:05 PM
154005911,4,2,4,3,4,4,2,3,2,4,3,4,4,3,3,2,4,3,4,4,4,2,2,3,3,3,4,3,5,4,5,3,2,4,5,3,4,4,2,3,2,2,2,4,4,5,3,3,2,2,12/6/2013 8:33:25 PM
150003563,5,0,0,0,0,0,0,0,0,0,0,0,0,0,0,0,0,0,0,0,0,0,0,0,0,0,0,0,0,0,0,0,0,0,0,0,0,0,0,0,0,0,0,0,0,0,0,0,0,0,12/6/2013 8:35:36 PM
150003563,5,1,5,2,5,4,4,2,5,2,1,5,2,1,4,2,3,4,3,5,3,2,3,4,4,4,3,2,2,4,4,4,4,3,4,2,3,3,2,3,4,3,3,1,4,4,3,3,4,3,12/6/2013 8:40:13 PM
152009545,4,1,2,2,4,4,3,3,4,4,2,4,4,5,5,3,2,4,4,5,3,4,2,3,4,4,1,1,2,4,4,3,4,4,1,4,2,5,4,4,1,1,2,1,4,2,2,2,4,0,12/6/2013 8:56:13 PM
151000760,3,3,3,3,3,3,3,3,3,3,3,3,3,3,3,3,3,3,3,3,3,3,3,3,3,3,3,3,3,3,3,3,3,3,3,3,3,3,3,3,3,3,3,3,3,3,3,3,3,3,12/6/2013 9:03:34 PM
144009753,4,3,3,2,4,5,3,3,4,3,3,3,4,3,3,3,2,3,3,2,3,1,4,3,0,0,4,1,2,3,3,3,3,2,2,4,2,3,3,3,2,2,4,0,3,4,3,3,4,3,12/6/2013 9:47:57 PM
152008244,3,3,3,3,3,3,3,3,3,3,3,3,3,3,3,3,3,3,3,3,3,3,3,3,3,3,3,3,3,3,4,3,3,3,3,3,3,3,3,3,3,3,3,3,3,3,3,3,3,3,12/6/2013 10:30:06 PM
151007479,1,5,4,5,5,3,3,3,2,5,5,1,5,2,2,5,5,4,5,1,1,1,1,1,3,3,5,5,5,5,4,3,5,5,1,5,5,1,2,3,1,5,0,5,5,5,1,1,5,1,12/6/2013 10:45:10 PM
150005248,1,4,3,4,5,1,1,3,1,3,4,2,3,4,1,4,4,5,4,1,1,5,1,1,2,1,3,5,4,4,4,4,5,3,1,5,1,3,2,5,2,3,4,4,5,4,1,1,5,1,12/6/2013 10:45:43 PM
151002469,3,3,4,2,3,3,2,2,4,4,4,3,4,2,2,4,3,4,4,2,3,2,2,3,4,2,4,4,4,4,4,3,4,3,2,4,2,3,3,4,3,2,2,4,4,4,2,2,4,2,12/6/2013 10:52:57 PM
150003655,2,4,5,4,5,1,1,4,5,2,5,2,2,2,1,2,5,5,5,5,2,4,1,2,4,2,2,4,4,4,4,5,4,2,1,2,4,1,1,4,2,1,2,2,4,4,1,2,2,1,12/6/2013 10:54:18 PM
149009223,4,2,5,4,3,3,2,2,5,5,4,2,4,5,1,3,3,4,4,4,3,5,4,3,4,3,3,3,3,3,4,2,2,4,3,3,4,3,4,4,3,4,3,3,4,3,2,2,4,2,12/6/2013 10:56:35 PM
150007771,5,5,4,4,4,4,5,3,4,4,4,4,5,5,4,4,5,5,5,4,3,5,5,4,4,4,4,4,4,4,4,4,5,4,5,5,5,5,5,5,5,5,4,4,4,5,5,5,4,5,12/6/2013 10:59:09 PM
139000015,4,2,4,3,3,5,3,3,3,4,2,4,3,4,2,2,2,3,2,2,3,3,4,4,4,4,3,3,3,3,3,3,3,3,3,3,3,3,3,3,3,3,3,3,3,3,3,3,3,3,12/6/2013 11:01:52 PM
152004751,1,3,1,1,5,5,1,1,3,5,3,1,3,3,3,3,3,3,3,3,3,3,3,3,3,3,3,3,3,3,4,3,3,3,3,3,3,3,3,3,3,3,3,3,3,3,3,3,3,3,12/7/2013 12:05:49 AM
152003296,2,4,4,4,5,3,1,3,2,5,4,4,5,4,3,5,5,4,3,3,2,4,3,3,3,3,4,4,5,4,4,3,4,4,1,4,1,2,3,4,1,3,4,5,4,4,2,1,5,2,12/7/2013 12:18:56 AM
151000452,2,2,3,2,3,2,3,3,3,4,4,2,3,4,4,3,3,4,5,2,3,4,3,3,3,2,3,3,2,4,4,3,5,3,3,3,3,3,2,4,3,4,3,3,2,4,3,3,4,2,12/7/2013 3:03:31 AM
152005692,5,5,5,5,3,3,3,3,4,2,3,4,3,4,3,3,3,2,3,3,4,2,3,4,2,3,4,2,3,2,4,4,2,3,4,3,2,3,4,2,3,4,3,2,4,3,2,4,3,3,12/7/2013 9:01:46 AM
150009335,3,3,3,3,3,3,3,3,3,3,3,3,3,3,3,3,3,3,3,3,3,3,3,3,3,3,3,3,3,3,3,3,3,3,0,3,3,3,3,3,3,3,3,3,3,3,3,3,3,3,12/7/2013 10:04:05 AM
152007297,5,2,3,1,3,4,3,3,4,4,1,4,4,5,4,1,2,3,4,4,4,3,3,3,3,5,3,1,1,3,4,0,4,1,5,1,1,4,4,3,0,1,1,4,3,3,4,1,3,5,12/7/2013 10:32:31 AM
153000959,4,4,5,3,4,2,3,3,4,2,3,5,2,5,4,3,5,4,4,5,3,4,2,3,5,4,5,5,4,4,3,5,4,3,5,4,5,5,3,5,5,3,4,4,4,5,3,3,5,4,12/7/2013 11:52:37 AM
,4,2,3,1,5,3,4,2,3,5,2,3,4,5,2,1,3,4,5,1,5,1,1,4,5,1,5,1,1,5,4,1,5,5,1,3,2,1,4,3,2,4,2,4,2,3,2,3,4,3,12/7/2013 12:31:37 PM
152000653,3,3,3,3,3,3,3,3,3,3,3,3,3,3,3,3,3,3,3,3,3,3,3,3,3,3,3,3,3,3,3,3,4,2,5,1,3,4,2,4,5,2,4,3,2,3,4,0,1,1,12/7/2013 12:40:19 PM
153002432,3,4,5,1,4,2,3,3,4,5,3,4,4,5,2,1,2,4,4,4,3,3,3,3,3,2,4,1,1,3,4,3,4,3,3,2,3,3,3,3,5,2,2,3,3,3,3,5,3,3,12/7/2013 12:51:54 PM
150008235,5,1,2,1,4,5,5,5,5,3,2,5,4,4,2,1,1,2,2,3,5,3,4,5,2,2,3,1,1,3,4,2,4,3,2,2,3,1,3,2,5,1,1,3,3,1,5,3,3,5,12/7/2013 1:02:11 PM
151008546,4,4,4,5,5,3,3,4,4,5,4,3,4,5,3,4,3,4,4,3,2,4,2,3,4,4,4,4,4,4,4,4,4,5,1,4,3,3,3,3,1,2,3,4,4,4,4,2,4,2,12/7/2013 1:08:09 PM
151001951,4,3,5,2,5,2,3,2,4,3,2,5,5,4,3,3,3,5,4,2,2,3,3,4,2,5,2,4,3,5,2,2,3,4,3,3,5,4,1,1,4,3,2,4,3,5,4,3,4,3,12/7/2013 1:08:27 PM
152004066,3,3,3,3,3,3,3,3,3,4,4,1,4,4,1,4,4,4,4,3,3,3,1,1,3,3,3,3,3,3,4,4,3,3,3,3,4,4,1,3,3,4,4,4,4,3,1,3,3,3,12/7/2013 1:29:38 PM
151002990,5,4,4,2,2,4,3,3,4,2,3,5,4,5,4,2,2,4,2,4,4,4,3,4,4,2,4,1,4,3,4,3,4,2,5,2,4,4,2,2,3,2,2,4,4,4,4,2,3,4,12/7/2013 1:41:57 PM
151004402,5,3,3,1,5,2,4,3,5,4,4,5,4,4,3,1,3,4,2,5,4,4,5,4,3,3,4,1,4,5,4,5,5,3,3,5,3,2,5,4,1,5,4,3,3,5,2,3,4,2,12/7/2013 1:53:16 PM
151004084,1,4,1,3,1,1,3,3,4,5,5,4,5,1,2,2,4,4,3,5,1,3,2,4,3,2,5,4,4,4,4,3,4,4,1,5,1,1,5,4,3,2,3,5,4,4,2,1,4,2,12/7/2013 1:55:39 PM
150007185,4,4,4,4,4,3,4,3,4,5,3,3,4,4,3,4,4,4,4,4,2,4,3,3,3,2,4,4,4,4,4,4,4,4,3,3,3,2,3,4,2,2,3,4,3,4,3,2,3,2,12/7/2013 2:20:02 PM
150007622,3,3,3,3,3,3,3,3,3,3,3,3,3,3,3,3,3,3,3,3,3,3,3,3,3,3,3,3,3,3,3,3,3,3,3,3,3,3,3,3,3,3,3,3,3,3,3,3,3,3,12/7/2013 3:07:36 PM
150004959,4,3,5,3,4,2,2,3,5,5,0,3,5,3,3,3,3,3,3,3,3,3,3,3,3,3,3,3,3,3,4,3,3,3,3,3,5,3,3,3,3,3,0,5,5,5,5,5,5,5,12/7/2013 3:18:33 PM
150004407,3,3,3,3,3,3,3,3,3,3,3,3,3,3,3,3,3,3,3,3,3,3,3,3,3,3,3,3,3,3,4,3,3,3,3,3,3,3,3,3,3,3,3,3,3,3,3,3,3,3,12/7/2013 3:18:59 PM
152008936,3,3,3,2,3,4,1,1,3,3,3,3,3,3,3,3,3,3,2,3,3,3,0,3,3,1,5,3,4,3,4,3,5,4,1,4,0,3,3,3,3,3,3,3,3,3,3,3,3,2,12/7/2013 3:33:58 PM
153003738,4,1,3,1,3,3,3,3,4,4,3,3,3,3,3,3,3,3,3,5,4,3,3,1,3,1,3,1,1,1,3,3,3,3,4,3,4,3,4,3,1,3,1,1,2,1,3,1,3,3,12/7/2013 3:37:49 PM
152009958,1,1,1,1,1,1,1,1,1,1,1,1,1,5,1,1,1,1,1,1,1,1,1,1,1,1,1,1,1,1,4,1,1,1,1,1,1,1,1,1,1,1,1,1,1,1,1,1,1,1,12/7/2013 3:38:01 PM
150007943,5,2,5,4,5,5,4,3,5,4,5,5,5,5,4,5,3,5,4,3,5,5,3,5,5,3,5,3,2,4,4,5,4,4,5,0,5,4,5,3,2,4,0,4,5,4,3,2,4,4,12/7/2013 3:56:48 PM
152004542,4,3,3,3,4,4,3,3,4,3,3,4,3,5,3,3,3,2,3,4,3,3,2,4,4,2,3,3,3,4,4,3,4,3,2,3,3,2,4,3,3,2,3,4,3,4,4,2,3,3,12/7/2013 3:58:40 PM
149009694,2,3,3,2,4,4,4,4,2,3,3,4,2,3,3,2,4,4,4,4,3,3,3,3,3,4,2,2,2,4,3,4,3,3,3,3,3,4,2,4,4,4,2,4,4,2,2,2,3,3,12/7/2013 4:00:09 PM
151004832,5,3,4,4,5,5,2,3,5,5,4,3,5,5,2,4,5,4,5,5,4,5,3,3,4,1,4,5,4,5,3,5,4,2,4,4,4,1,4,3,2,4,3,3,4,3,2,5,4,4,12/7/2013 4:04:26 PM
154004168,5,5,5,0,5,5,5,5,5,5,5,5,4,5,5,5,5,5,5,5,5,5,5,5,5,5,5,5,5,5,5,5,5,4,5,5,5,5,5,5,5,5,0,5,5,4,4,5,5,2,12/7/2013 4:04:35 PM
150004466,5,3,4,3,5,3,2,2,5,1,3,2,4,3,3,3,4,4,3,3,4,2,4,2,4,2,2,3,4,3,4,3,4,4,2,4,3,4,3,4,3,2,3,4,5,3,2,3,2,2,12/7/2013 4:26:25 PM
153004719,4,4,5,4,3,2,2,1,4,4,5,2,4,2,2,4,5,5,4,3,2,5,2,1,3,2,5,4,5,4,4,3,4,4,1,5,2,1,4,5,1,4,3,5,4,4,1,2,4,2,12/7/2013 4:38:09 PM
144001395,4,4,4,3,4,2,2,4,4,4,4,2,4,2,2,4,4,4,4,4,2,4,2,2,4,2,4,4,4,2,4,4,4,4,2,4,2,2,4,4,2,4,4,4,2,4,2,4,4,2,12/7/2013 5:09:52 PM
151002792,4,4,4,4,4,2,2,2,4,4,2,2,4,5,1,4,4,4,4,2,3,4,4,2,3,2,4,3,2,5,4,4,5,4,2,4,2,2,4,4,2,4,4,4,2,4,1,2,2,1,12/7/2013 5:11:32 PM
152009223,3,4,4,3,3,3,3,3,4,4,3,3,3,4,3,3,3,4,3,3,3,2,3,3,3,2,3,2,3,3,4,4,3,3,3,4,3,3,3,4,4,3,3,4,3,3,3,3,3,3,12/7/2013 5:21:51 PM
152003016,2,3,4,2,3,3,2,3,3,4,3,3,5,5,3,4,3,3,3,3,2,2,2,3,3,3,3,2,3,3,5,3,3,2,3,3,3,3,3,3,3,3,3,3,3,3,3,3,3,2,12/7/2013 5:38:54 PM
150009154,4,3,4,2,3,4,3,3,5,2,3,3,1,5,4,1,2,4,3,4,5,1,5,5,4,4,2,1,0,2,4,1,4,1,3,2,4,4,3,3,4,1,1,3,3,2,4,3,4,5,12/7/2013 6:17:12 PM
150002848,0,0,0,0,0,0,0,0,0,0,0,0,0,0,0,0,0,0,0,0,0,0,0,0,0,0,0,0,0,0,0,0,0,0,0,0,0,0,0,0,0,0,0,0,0,0,0,0,0,0,12/7/2013 6:45:41 PM
151000111,4,5,4,4,4,2,3,2,4,4,4,3,4,2,2,4,4,4,5,4,3,4,2,2,4,3,4,4,4,4,4,3,4,4,3,0,3,0,4,4,2,4,4,4,4,4,3,2,5,2,12/7/2013 6:47:03 PM
152001882,2,4,4,4,5,2,2,4,4,4,4,2,5,4,2,4,4,4,4,2,3,4,4,2,4,2,5,3,4,4,4,4,4,4,2,4,2,2,3,4,2,4,3,4,4,4,2,2,4,2,12/7/2013 7:00:14 PM
145006062,5,2,3,1,2,5,5,4,4,2,1,5,5,5,5,1,1,3,2,5,5,5,5,5,5,3,5,1,1,1,5,0,2,1,5,2,5,5,2,3,5,1,2,2,3,2,4,5,4,5,12/7/2013 8:51:55 PM
152009078,3,3,3,3,3,3,3,3,3,3,3,3,4,4,4,3,3,3,3,3,3,0,3,3,3,3,3,3,3,3,4,3,3,3,3,3,3,3,3,3,3,3,3,3,3,3,3,3,3,3,12/7/2013 8:56:26 PM
151003766,4,3,4,3,4,4,2,3,5,4,3,3,4,2,2,3,4,4,5,3,3,4,3,3,4,2,4,3,3,4,4,3,4,3,2,5,2,1,2,4,2,3,3,4,2,4,1,1,4,3,12/7/2013 9:17:50 PM
151004386,3,3,3,3,3,3,3,3,3,3,3,3,3,3,3,3,3,3,3,3,3,3,3,3,3,3,3,3,3,3,4,3,3,3,3,3,3,3,3,3,3,3,3,3,3,3,3,3,3,3,12/7/2013 9:56:54 PM
,5,2,1,5,4,3,4,1,4,5,4,5,1,1,2,5,5,2,4,5,1,5,5,5,5,2,2,4,5,1,4,5,4,1,2,3,5,1,0,2,3,3,3,3,2,1,5,3,2,5,12/7/2013 10:00:11 PM
152001458,2,2,4,4,5,2,1,3,4,2,2,2,5,2,1,5,4,4,5,2,2,4,2,1,2,1,4,3,2,5,4,3,5,4,2,4,2,1,3,4,2,1,1,4,1,4,2,1,4,1,12/7/2013 11:47:28 PM
152005797,4,3,4,4,5,4,1,2,4,5,5,2,5,1,1,5,5,5,1,1,1,5,1,1,1,2,3,3,5,5,4,2,4,5,1,5,5,1,3,5,2,4,0,5,3,3,1,1,5,1,12/8/2013 12:35:32 AM
150009137,5,4,4,5,3,3,4,2,4,5,4,5,3,4,1,4,4,4,5,5,3,5,5,2,3,4,5,3,4,5,4,5,4,4,2,4,3,1,4,3,4,2,3,4,1,5,4,3,4,3,12/8/2013 2:21:39 AM
153000215,1,5,5,5,3,1,1,5,1,1,5,1,5,1,1,5,5,5,5,1,1,5,1,1,3,1,5,5,5,5,4,3,5,5,1,5,5,1,2,5,1,5,0,5,1,5,1,1,5,1,12/8/2013 3:22:15 AM
151000089,2,3,2,4,3,2,2,3,3,3,4,3,2,2,4,3,3,2,3,3,3,3,4,2,4,2,4,3,3,2,4,2,3,3,3,2,2,4,3,2,3,3,2,4,3,3,2,3,3,3,12/8/2013 3:32:08 AM
151005708,3,3,3,3,3,3,3,3,3,3,3,3,3,3,3,3,3,3,3,3,3,3,3,3,3,3,3,3,3,3,3,3,3,3,3,3,3,3,3,3,3,3,3,3,3,3,3,3,3,3,12/8/2013 4:54:39 AM
150009061,2,3,4,4,4,3,2,4,4,2,3,2,3,2,2,4,4,4,4,3,1,3,2,2,2,1,4,4,3,3,4,4,4,4,2,4,3,2,2,4,2,3,4,3,5,5,1,1,5,2,12/8/2013 11:13:01 AM
150000212,4,4,4,3,4,4,3,4,2,4,3,4,4,4,3,4,2,4,4,3,3,4,3,3,4,2,4,2,2,3,4,3,3,4,4,3,3,2,2,3,2,2,3,3,4,4,3,2,4,2,12/8/2013 12:12:17 PM
146000217,3,2,5,2,2,2,4,3,5,5,3,4,1,1,1,2,5,5,5,4,1,1,5,4,4,1,1,1,3,3,4,5,3,2,4,2,5,2,4,2,3,2,0,5,5,1,3,5,4,2,12/8/2013 1:11:06 PM
154000118,4,2,4,2,2,2,4,3,4,2,2,2,4,5,4,2,2,4,4,4,3,4,3,1,2,2,4,2,2,3,4,2,4,3,2,2,3,1,2,4,3,2,2,2,1,3,2,2,4,2,12/8/2013 1:32:17 PM
152004838,5,2,5,5,5,5,3,5,5,5,3,1,5,5,5,5,5,3,5,5,4,5,2,5,5,4,5,3,5,5,4,5,5,5,3,5,5,5,3,5,2,2,0,5,5,2,2,1,5,3,12/8/2013 1:40:44 PM
150009433,3,4,2,2,3,2,2,1,4,5,4,3,4,1,2,4,4,4,5,5,2,4,2,2,4,4,4,4,4,5,4,3,4,2,2,5,2,2,5,5,3,2,1,5,4,4,2,2,5,1,12/8/2013 1:45:01 PM
150004304,3,4,2,4,3,3,2,4,3,3,2,3,4,5,3,3,2,4,4,3,3,4,3,3,2,4,3,3,2,3,4,2,3,3,3,4,2,4,3,3,4,3,2,3,3,4,2,3,4,3,12/8/2013 2:00:55 PM
152005804,4,4,4,2,5,2,1,3,4,4,4,3,3,4,1,3,3,3,3,3,2,4,2,2,3,2,3,3,3,3,4,4,4,4,1,3,2,3,3,3,2,3,3,3,4,3,2,2,3,2,12/8/2013 2:20:23 PM
150009288,2,4,5,3,4,2,2,2,4,5,4,2,4,2,2,4,4,4,3,2,2,4,3,2,3,2,3,4,4,4,4,3,4,4,2,4,2,2,2,3,2,4,4,4,2,4,2,1,4,2,12/8/2013 2:22:08 PM
150001371,3,3,3,3,3,3,3,3,3,3,4,3,5,5,3,2,1,4,2,4,3,4,3,2,5,3,5,1,4,3,4,4,2,5,2,4,2,4,1,4,4,1,4,3,1,5,4,2,3,4,12/8/2013 2:28:22 PM
153002827,4,4,3,4,4,2,2,1,4,5,5,2,4,3,2,4,4,4,5,5,1,3,1,3,2,2,4,5,3,5,4,3,5,4,3,5,5,1,5,4,5,5,0,5,3,5,1,1,5,1,12/8/2013 2:33:28 PM
150001995,4,2,4,2,5,2,3,2,2,4,2,4,4,5,2,4,2,4,4,4,3,3,2,4,2,2,5,1,3,4,4,3,3,2,2,2,3,2,4,3,3,3,3,4,0,2,2,3,5,4,12/8/2013 2:39:10 PM
150003706,3,2,5,4,3,3,3,1,5,2,3,4,3,1,4,5,5,5,5,5,1,3,1,1,2,1,4,3,1,4,4,1,4,3,1,5,5,5,2,4,1,4,0,1,2,1,1,1,5,3,12/8/2013 2:49:53 PM
150005354,4,2,4,2,3,1,3,3,4,1,2,5,2,3,3,3,3,3,3,3,3,3,3,3,3,3,3,3,3,3,3,3,3,3,3,3,3,3,3,3,3,3,3,3,3,3,3,3,3,3,12/8/2013 3:18:49 PM
150007010,4,4,4,3,5,0,2,3,4,4,4,3,3,4,2,3,4,4,4,3,2,4,2,3,3,2,4,4,4,4,4,3,4,4,2,3,2,2,4,4,2,4,3,4,2,4,3,2,4,2,12/8/2013 3:40:25 PM
151001138,5,3,3,2,5,5,4,4,4,3,2,3,3,5,1,2,1,3,2,3,4,3,3,3,4,3,3,2,1,3,4,4,3,3,3,3,4,4,3,3,4,2,2,3,3,3,4,3,3,5,12/8/2013 3:58:15 PM
151002986,5,3,4,3,4,5,5,4,4,4,3,4,4,5,3,2,3,3,4,4,3,3,4,4,4,4,4,1,4,4,3,3,3,3,3,3,3,3,3,3,3,3,3,3,3,3,3,3,3,3,12/8/2013 4:11:41 PM
151008209,5,1,1,1,5,3,2,3,4,3,1,3,4,5,3,5,1,3,3,4,4,5,1,2,3,2,4,1,1,3,4,3,3,2,4,4,3,3,1,2,3,1,1,3,3,2,4,3,5,5,12/8/2013 4:28:55 PM
151003781,1,2,5,2,4,2,2,2,3,4,3,3,4,3,5,3,3,4,3,2,2,2,1,3,2,1,4,3,1,4,4,3,4,2,1,4,2,3,4,3,3,3,4,4,5,4,2,2,4,2,12/8/2013 4:30:31 PM
153002547,3,3,3,3,3,3,3,3,3,3,3,3,3,3,3,3,3,3,3,3,3,3,3,3,3,3,3,3,3,3,3,3,3,3,3,3,3,3,3,3,3,3,3,3,3,3,3,3,3,3,12/8/2013 4:39:06 PM
152001042,4,3,4,4,4,3,3,4,4,3,2,3,3,4,3,3,2,3,3,3,5,4,4,3,3,2,4,4,1,4,4,4,4,4,3,4,3,4,4,4,3,2,4,3,4,4,2,2,3,2,12/8/2013 4:45:44 PM
150002427,3,4,3,0,0,0,3,1,3,4,3,3,4,4,2,4,4,3,4,4,3,4,2,3,3,3,4,4,3,4,4,2,5,3,2,3,4,3,3,3,3,3,2,4,2,4,3,2,3,2,12/8/2013 5:26:28 PM
152001315,4,4,4,3,5,4,3,4,4,3,3,4,3,2,2,3,4,4,4,4,3,3,3,4,4,4,4,4,3,4,4,4,4,4,2,4,4,2,4,4,4,4,3,3,2,3,2,4,4,2,12/8/2013 5:33:05 PM
151001047,4,4,3,2,4,4,4,4,4,3,4,3,4,5,1,3,4,3,4,3,4,4,3,2,3,1,3,3,3,4,4,4,5,3,3,4,3,3,2,4,4,4,4,4,4,4,4,4,3,4,12/8/2013 6:00:48 PM
153004803,4,3,3,3,3,3,3,3,3,3,3,3,3,3,3,3,3,3,3,3,4,4,3,3,4,2,3,3,3,3,4,3,3,3,2,3,3,3,3,3,3,3,2,3,3,3,3,3,3,3,12/8/2013 6:16:53 PM
145001289,5,5,5,5,5,5,1,1,5,5,5,1,1,1,1,1,1,5,5,1,1,1,1,1,5,1,5,3,1,5,4,5,5,5,1,5,5,1,5,3,1,1,1,5,1,5,1,1,5,1,12/8/2013 6:47:03 PM
152009139,4,3,4,3,4,4,2,4,3,4,4,4,4,5,2,5,3,3,5,2,2,4,2,4,2,2,5,2,4,5,4,1,4,4,1,4,2,2,2,3,2,4,3,4,3,4,4,1,2,3,12/8/2013 7:11:38 PM
152004033,4,4,4,4,4,3,2,3,4,4,3,3,4,4,2,3,3,4,4,4,3,5,3,3,4,2,3,3,3,5,4,3,4,4,1,4,3,2,3,2,3,4,3,3,2,4,2,3,3,2,12/8/2013 7:22:56 PM
152009754,4,4,5,5,5,3,2,2,4,3,4,1,4,4,2,3,4,4,2,4,2,4,2,1,4,2,4,4,2,5,4,4,4,5,3,5,2,1,2,4,2,4,4,2,5,4,2,1,4,1,12/8/2013 8:04:28 PM
150008451,5,1,3,3,5,5,3,3,4,5,3,5,3,0,4,1,1,3,2,1,2,3,4,2,3,4,4,3,4,2,4,4,4,4,3,4,4,3,4,2,3,2,4,3,3,2,4,2,4,2,12/8/2013 8:16:28 PM
146005349,4,3,5,2,1,2,2,2,4,3,2,2,2,2,2,2,3,4,5,4,3,3,2,2,2,2,2,2,2,4,4,2,3,3,3,3,3,2,4,4,2,3,2,3,3,3,2,2,3,3,12/8/2013 8:45:51 PM
150003865,2,5,5,5,5,1,1,3,3,5,5,2,5,3,3,5,5,5,5,2,2,3,2,2,3,2,4,5,5,5,4,4,5,3,3,5,5,2,3,5,2,5,0,5,5,5,1,1,4,1,12/8/2013 8:50:22 PM
152005844,4,4,4,4,4,4,3,2,3,4,4,3,4,3,2,5,4,3,2,4,2,3,2,3,2,2,5,2,4,5,4,1,5,5,1,5,5,2,4,3,2,2,0,4,5,5,4,2,4,3,12/8/2013 8:56:47 PM
150009727,3,5,3,5,4,2,1,4,2,4,5,3,5,5,2,4,4,3,5,2,2,4,2,3,4,4,4,4,4,4,4,3,4,4,2,4,1,1,3,4,1,4,4,5,2,4,2,1,4,1,12/8/2013 9:04:39 PM
150001361,1,1,1,1,1,1,1,1,1,1,1,1,1,3,3,3,3,3,3,3,0,3,3,3,3,3,3,3,3,3,4,3,3,3,3,3,3,3,3,3,3,3,3,3,3,3,3,3,3,3,12/8/2013 9:09:49 PM
151005505,4,3,3,3,5,2,2,3,2,4,2,3,4,4,3,3,4,3,5,2,4,5,3,3,3,2,4,4,3,3,4,1,4,3,3,4,2,2,2,5,2,3,1,4,3,3,1,2,3,1,12/8/2013 9:22:53 PM
152008872,3,3,3,3,3,3,3,3,3,3,3,3,3,3,3,3,3,3,3,3,3,3,3,3,3,3,3,5,3,3,4,3,3,3,3,3,3,3,3,3,3,3,3,3,3,3,3,3,3,3,12/8/2013 9:53:35 PM
152009603,5,3,4,4,3,5,4,3,5,3,3,5,4,4,3,4,1,4,3,4,3,4,2,5,4,2,4,3,3,4,4,3,5,4,2,4,3,2,2,1,1,3,4,4,3,4,4,2,3,4,12/8/2013 10:05:29 PM
153002825,4,2,3,3,4,2,2,2,4,5,2,3,3,4,3,2,3,4,4,5,3,3,2,4,2,2,4,3,2,4,4,4,5,4,2,3,4,2,3,4,2,4,3,1,3,4,2,2,3,1,12/8/2013 10:12:27 PM
150007592,0,0,0,0,0,0,0,0,0,0,0,0,0,0,0,0,0,0,0,0,0,0,0,0,0,0,0,0,0,0,0,0,0,0,0,0,0,0,0,0,0,0,0,0,0,0,0,0,0,0,12/8/2013 10:19:16 PM
150007592,3,2,4,2,2,4,4,1,4,4,4,2,4,3,1,2,2,4,4,2,2,2,4,2,3,2,4,3,3,4,4,3,5,2,2,3,2,2,5,3,4,2,2,4,4,4,3,2,4,2,12/8/2013 10:40:53 PM
152004227,5,5,3,4,4,4,5,5,3,5,5,2,5,4,3,5,4,5,3,4,4,5,1,2,4,2,5,5,5,5,4,5,5,5,1,5,5,1,3,4,3,5,0,5,4,5,2,1,5,2,12/8/2013 11:09:12 PM
137007085,5,1,3,4,5,2,2,1,3,5,4,5,5,5,1,5,4,5,5,4,2,4,1,1,1,1,3,5,4,5,4,2,5,5,1,5,1,3,4,4,2,5,3,2,1,4,2,1,4,1,12/8/2013 11:12:28 PM
152003161,5,5,4,2,5,3,4,3,5,5,4,5,5,5,5,2,3,5,3,3,4,4,2,3,3,2,4,4,0,3,3,3,4,3,2,2,2,2,4,2,3,4,4,4,5,3,3,1,4,3,12/8/2013 11:12:34 PM
151001444,4,3,5,1,3,5,4,2,3,2,2,5,5,5,4,1,4,2,3,4,2,2,2,5,4,1,5,1,1,3,4,4,4,1,1,4,2,2,4,3,2,4,1,3,1,2,1,2,5,5,12/8/2013 11:20:04 PM
150008678,4,4,3,3,4,2,2,3,4,4,4,2,3,5,1,4,4,4,5,4,2,4,2,5,3,3,3,4,4,4,4,4,5,5,2,4,2,1,4,4,4,3,4,4,4,3,4,2,4,1,12/8/2013 11:22:28 PM
146009500,3,4,4,4,2,2,3,2,3,4,4,2,3,1,2,2,3,2,5,3,2,5,3,4,4,2,4,3,3,5,4,1,4,4,2,4,1,4,5,4,1,2,4,4,5,3,3,1,4,2,12/8/2013 11:25:52 PM
152004781,4,5,4,3,5,4,3,3,4,4,4,4,3,3,4,4,4,3,5,5,5,3,4,3,3,2,5,2,3,3,4,3,2,3,3,4,0,3,3,4,4,3,3,2,2,3,3,3,3,3,12/8/2013 11:35:04 PM
150005059,0,0,0,0,0,0,0,0,0,0,0,0,0,0,0,0,0,0,0,0,0,0,0,0,0,0,0,0,0,0,0,0,0,0,0,0,0,0,0,0,0,0,0,0,0,0,0,0,0,0,12/9/2013 12:16:13 AM
150005059,0,0,0,0,0,0,0,0,0,0,0,0,0,0,0,0,0,0,0,0,0,0,0,0,0,0,0,0,0,0,0,0,0,0,0,0,0,0,0,0,0,0,0,0,0,0,0,0,0,0,12/9/2013 12:17:17 AM
152000332,5,4,4,4,3,2,3,3,2,5,4,1,5,2,2,5,4,2,4,3,2,4,2,3,4,3,5,3,4,4,4,3,4,3,1,5,1,2,4,4,2,4,4,3,4,4,3,2,4,1,12/9/2013 12:31:18 AM
150005059,4,3,4,3,3,3,3,4,2,3,3,3,4,2,4,2,3,3,3,3,3,3,3,3,3,3,3,2,3,4,4,2,3,3,4,3,4,3,3,3,3,3,3,3,3,4,2,3,3,3,12/9/2013 12:43:42 AM
151003780,4,4,4,3,3,4,3,3,4,3,3,4,4,4,4,3,4,3,4,4,4,3,3,3,4,4,4,3,3,3,4,5,5,4,3,5,4,4,4,4,4,3,3,3,3,3,4,3,4,4,12/9/2013 12:55:12 AM
152009325,1,3,4,3,4,2,2,2,4,5,3,2,3,2,2,1,4,2,4,1,4,3,4,2,4,2,3,2,2,4,4,1,5,3,2,4,2,3,4,4,2,2,3,3,4,3,4,3,4,2,12/9/2013 9:04:49 AM
152004280,4,4,4,2,4,4,2,3,4,4,2,2,4,4,2,4,4,3,4,4,3,4,4,3,3,4,3,3,4,3,3,3,3,4,4,3,4,4,3,3,4,3,4,4,4,4,4,3,4,3,12/9/2013 11:45:46 AM
153005057,4,4,4,5,5,4,2,3,3,4,4,3,4,5,2,4,3,4,4,3,2,4,2,2,2,3,4,4,4,4,4,2,4,4,2,4,2,1,2,4,2,3,4,4,3,4,2,2,4,3,12/9/2013 12:23:06 PM
152004701,5,3,4,2,3,4,3,2,4,4,2,4,3,5,2,3,3,3,3,4,3,4,2,3,3,2,3,2,2,3,4,2,5,3,2,3,3,3,2,3,4,2,1,2,2,3,3,2,3,2,12/9/2013 12:24:27 PM
152002462,5,4,2,2,2,4,4,2,4,2,2,5,4,5,4,4,2,2,3,3,3,1,2,5,4,4,2,2,2,4,4,1,4,2,3,2,3,3,2,2,5,2,2,4,4,4,3,2,2,4,12/9/2013 1:14:12 PM
150007183,4,2,4,1,3,2,3,1,4,4,1,4,3,2,1,1,2,4,5,4,4,1,2,2,3,2,4,1,1,4,4,3,4,2,1,2,4,2,2,3,4,2,4,3,5,2,2,1,4,4,12/9/2013 1:33:42 PM
151001561,5,3,4,2,4,4,4,4,5,3,2,3,3,4,3,2,3,4,3,3,4,3,4,3,4,3,4,2,2,4,4,3,3,2,3,2,4,3,4,2,4,3,3,2,3,4,4,4,3,4,12/9/2013 2:16:39 PM
154002181,4,4,4,4,3,1,1,4,4,4,4,2,4,4,2,3,3,4,4,2,2,4,2,2,2,2,4,3,4,4,4,2,5,5,2,4,2,2,4,4,2,3,4,3,4,4,2,2,4,2,12/9/2013 2:31:23 PM
,3,3,2,2,4,2,3,2,2,3,2,2,3,2,2,3,3,3,4,3,2,3,2,3,2,2,3,2,3,4,4,3,4,3,2,3,3,2,2,3,3,3,1,4,4,4,2,2,4,3,12/9/2013 3:12:21 PM
150006866,4,3,4,4,3,4,4,4,5,5,5,3,4,4,4,2,4,3,4,4,2,4,3,2,3,3,4,2,3,4,4,2,4,4,5,2,4,2,4,4,4,4,3,3,3,3,4,2,1,4,12/9/2013 3:17:04 PM
153000176,4,4,5,1,5,2,2,3,4,4,2,2,3,3,1,2,4,4,4,4,2,5,4,1,4,2,4,4,3,5,4,3,5,4,3,4,5,4,3,4,1,4,2,3,4,5,2,4,4,2,12/9/2013 4:07:09 PM
151008320,4,4,5,2,5,5,4,2,5,4,3,2,3,4,1,4,4,4,2,2,3,5,2,2,3,3,4,4,3,5,4,3,5,4,2,4,3,2,3,2,1,2,3,4,4,4,2,2,4,3,12/9/2013 4:13:32 PM
150001615,3,3,3,3,3,3,3,3,3,3,3,3,3,3,3,3,3,3,3,3,3,3,3,3,3,3,3,3,3,3,3,3,3,3,3,3,3,3,3,3,3,3,3,3,3,3,3,3,3,3,12/9/2013 4:34:09 PM
151004594,4,2,2,3,4,3,4,1,4,4,2,1,4,4,1,3,4,4,5,1,3,4,1,1,4,1,4,2,2,4,4,3,5,4,1,3,2,2,3,4,3,1,1,5,2,3,1,2,4,1,12/9/2013 4:39:29 PM
150005127,3,3,4,3,4,4,3,2,3,5,4,4,5,5,2,4,4,5,5,3,2,5,5,2,3,5,5,4,4,4,4,5,4,4,2,4,2,1,4,3,2,4,4,5,4,4,2,2,5,1,12/9/2013 4:46:27 PM
150002592,4,4,4,5,5,4,2,4,4,4,4,4,5,4,4,5,4,5,2,2,3,2,1,4,4,2,4,4,5,4,4,4,5,5,2,4,2,2,4,4,2,4,4,5,4,4,3,2,4,3,12/9/2013 5:02:14 PM
150003657,3,4,1,2,4,3,2,2,3,4,1,4,4,2,2,3,2,4,2,1,3,4,3,4,4,1,3,3,2,5,4,1,4,4,1,2,4,2,1,4,1,1,1,3,5,4,3,2,3,3,12/9/2013 5:05:59 PM
153000492,2,4,5,4,5,2,1,2,4,5,4,2,4,2,2,3,3,3,5,1,3,5,2,3,3,1,4,4,2,5,4,2,5,2,1,3,2,1,4,3,2,2,1,5,4,4,2,1,3,2,12/9/2013 5:18:57 PM
153001890,5,2,4,2,4,4,2,3,2,2,2,2,4,4,2,2,1,3,4,4,2,1,2,4,4,2,4,1,1,4,4,2,4,4,3,4,2,4,4,2,2,4,4,5,2,1,2,4,4,4,12/9/2013 5:23:28 PM
144007661,1,1,1,0,1,0,1,1,1,1,1,5,1,5,5,1,1,1,1,1,1,1,1,0,1,1,1,1,0,1,4,0,1,1,1,1,1,5,1,1,5,1,1,1,1,1,5,5,1,1,12/9/2013 5:53:17 PM
150007519,5,3,3,2,4,3,2,2,4,4,2,4,4,5,2,1,2,4,5,3,4,5,2,4,4,2,3,3,2,3,4,4,4,2,2,3,4,3,5,3,4,2,3,3,5,4,3,3,4,3,12/9/2013 6:19:04 PM
151003906,4,5,4,3,4,2,4,3,4,3,2,3,4,5,4,1,3,1,1,5,5,4,1,5,5,1,1,1,1,5,4,1,4,1,5,1,5,5,1,1,3,1,1,3,3,3,3,3,3,3,12/9/2013 6:21:28 PM
153000875,4,4,4,2,4,3,2,1,4,5,4,3,4,4,1,3,4,4,4,2,2,3,3,2,3,2,5,1,4,4,4,1,5,3,1,3,2,1,4,3,2,2,3,4,2,4,3,1,3,3,12/9/2013 6:31:17 PM
152001881,4,4,2,5,5,2,2,4,4,5,4,4,5,5,2,5,5,5,5,3,1,5,2,4,4,1,5,5,5,5,4,5,5,5,2,4,2,2,3,4,2,2,2,3,3,5,3,2,4,1,12/9/2013 7:08:00 PM
153004570,2,4,1,1,2,1,1,1,5,5,5,2,5,1,5,1,5,5,5,5,1,1,5,5,5,3,5,1,2,4,4,3,5,4,4,2,2,4,5,4,2,1,2,4,4,3,2,1,5,1,12/9/2013 7:08:45 PM
152006847,3,3,3,3,3,3,3,3,3,3,3,3,3,3,3,3,3,3,3,3,3,3,3,3,3,3,3,3,3,3,3,3,3,3,3,3,3,3,3,3,3,3,3,3,3,3,3,3,3,3,12/9/2013 7:25:25 PM
150003813,5,4,4,1,2,3,3,3,5,4,4,3,3,4,3,1,3,3,2,4,4,3,4,3,3,3,4,2,4,4,4,4,4,2,4,1,3,3,3,2,5,2,2,4,2,2,4,2,4,4,12/9/2013 7:36:12 PM
150007398,4,2,4,2,2,4,1,3,5,2,2,2,3,5,4,3,2,3,5,3,2,5,2,2,2,1,4,3,1,5,4,5,4,2,2,4,2,3,2,2,3,2,1,2,3,4,1,3,5,2,12/9/2013 7:36:35 PM
150006017,4,4,5,3,5,2,2,2,3,3,5,2,5,3,2,4,5,5,3,3,2,4,3,3,3,1,5,3,4,4,4,3,5,3,1,4,1,2,3,5,2,3,3,3,4,4,1,2,5,1,12/9/2013 7:44:24 PM
153000505,5,1,5,3,4,3,2,4,4,3,1,5,5,5,4,3,3,4,4,2,4,4,2,5,5,2,5,2,1,4,4,2,5,4,2,4,2,1,4,4,1,2,3,2,4,3,3,1,5,3,12/9/2013 8:20:50 PM
152007101,3,4,1,3,2,2,3,2,4,2,4,2,4,4,1,3,4,4,4,2,2,1,3,2,3,2,4,3,4,5,4,1,3,3,2,4,2,1,3,4,2,3,2,4,4,4,2,2,4,2,12/9/2013 8:31:34 PM
152006235,5,5,5,5,5,5,5,5,5,5,5,5,5,5,5,5,5,5,5,5,5,5,5,5,5,5,5,5,0,5,4,5,5,5,5,5,5,5,5,5,5,5,0,5,5,5,5,5,5,5,12/9/2013 8:48:15 PM
153000848,4,4,4,4,4,4,4,4,4,4,4,4,4,4,5,3,4,4,3,4,4,3,4,5,4,4,4,4,4,4,3,4,5,4,3,2,3,4,5,4,3,2,1,2,3,4,5,4,4,4,12/9/2013 10:57:53 PM
151007489,3,3,3,3,3,3,3,3,4,2,2,4,2,3,3,3,3,3,3,3,3,3,3,3,3,3,3,3,3,3,4,3,4,2,2,4,3,3,2,3,3,3,3,4,3,3,3,3,3,3,12/9/2013 11:14:31 PM
150003992,0,0,0,0,0,0,0,0,0,0,0,0,0,0,0,0,0,0,0,0,0,0,0,0,0,0,0,0,0,0,0,0,0,0,0,0,0,0,0,0,0,0,0,0,0,0,0,0,0,0,12/9/2013 11:15:06 PM
151005994,4,4,4,3,4,4,2,4,3,5,3,2,4,3,3,3,3,2,3,2,3,5,3,2,4,3,3,3,3,3,4,3,4,3,2,3,2,2,2,2,2,4,4,3,4,4,3,2,3,3,12/10/2013 1:19:34 AM
150002990,4,1,4,4,4,1,3,5,5,5,4,4,1,5,1,1,2,3,5,5,4,5,5,5,4,5,5,4,5,5,3,5,5,5,5,4,5,4,5,5,4,4,4,3,4,5,5,5,5,1,12/10/2013 2:19:26 AM
152009422,4,5,4,2,5,1,3,4,5,5,2,3,4,4,4,4,3,3,3,0,2,4,1,1,0,3,4,4,2,4,4,0,2,3,3,2,3,4,0,3,3,3,0,3,3,3,4,4,4,0,12/10/2013 10:57:08 AM
151000949,4,4,4,3,4,5,1,2,4,5,5,4,4,5,2,3,4,5,5,1,1,5,4,4,1,1,4,3,4,4,4,5,5,3,1,5,1,2,1,4,3,4,4,4,3,5,2,1,1,3,12/10/2013 1:18:46 PM
151002620,5,2,2,2,4,4,2,2,2,4,1,3,4,5,2,4,3,4,2,3,2,4,3,4,4,2,4,1,2,2,4,3,3,3,2,4,3,2,3,2,2,2,4,4,2,4,4,2,3,4,12/10/2013 1:20:16 PM
153003249,2,2,4,5,2,5,1,2,4,3,2,1,5,3,0,1,4,3,4,4,2,2,4,2,5,4,2,3,1,4,4,2,3,4,5,1,3,3,3,2,4,2,4,3,3,1,4,5,2,3,12/10/2013 1:53:19 PM
151008453,5,5,5,3,3,3,2,3,5,5,4,5,3,5,1,4,4,4,5,4,3,3,3,5,5,2,5,3,4,5,4,3,4,4,5,5,3,3,4,4,3,4,3,4,5,5,3,2,4,3,12/10/2013 2:51:26 PM
152004533,4,4,3,4,5,2,3,3,3,3,4,1,4,4,4,4,3,4,3,4,3,4,3,1,2,5,3,4,2,3,4,1,4,4,2,4,2,2,4,4,4,4,0,4,3,3,4,2,4,3,12/10/2013 3:43:49 PM
151009757,4,2,3,1,5,2,3,3,4,2,2,3,5,4,3,2,2,4,4,4,4,4,3,2,4,2,4,2,1,4,4,2,4,3,3,3,4,2,3,2,3,2,3,3,4,4,3,4,3,3,12/10/2013 4:16:16 PM
150001338,4,4,3,4,5,3,4,4,4,5,4,4,4,4,3,3,4,4,4,4,4,4,3,4,3,4,4,3,4,3,4,1,4,4,3,4,4,2,4,4,4,4,4,4,4,4,3,3,3,4,12/10/2013 4:39:02 PM
150002545,5,4,4,2,3,4,2,4,4,2,3,3,5,5,4,2,4,4,3,2,4,3,3,2,4,3,4,2,3,4,4,1,4,2,2,4,3,2,4,4,2,4,2,4,5,4,4,2,3,3,12/10/2013 5:11:28 PM
,5,1,3,5,5,5,3,1,5,5,5,5,5,5,5,3,3,5,5,5,3,3,3,1,2,4,5,5,3,3,4,1,5,5,1,4,2,2,1,5,1,5,3,4,5,4,2,1,4,3,12/10/2013 5:55:36 PM
150008726,5,4,3,2,4,1,2,2,3,5,4,3,4,1,2,4,3,4,4,3,2,3,3,3,3,4,4,5,5,5,4,5,4,4,4,3,4,2,5,3,3,3,4,2,2,4,3,2,2,1,12/10/2013 7:14:00 PM
152002388,2,1,2,4,2,1,1,3,1,1,3,2,3,3,1,4,4,4,5,1,1,3,1,1,2,1,5,4,3,4,4,5,5,4,1,4,5,1,1,4,4,3,4,5,5,4,1,1,5,1,12/10/2013 9:33:16 PM
152002344,4,5,4,3,4,3,1,1,5,4,5,1,4,5,2,4,4,5,5,2,1,4,2,1,3,2,4,3,4,4,4,3,5,4,2,4,2,4,4,5,2,4,4,5,2,4,2,2,4,1,12/10/2013 9:41:34 PM
150000650,5,4,4,1,5,4,2,2,1,5,1,4,4,2,4,2,2,4,4,1,2,1,2,2,4,5,4,1,2,2,4,5,3,1,4,4,4,5,5,4,4,1,1,1,4,2,2,5,4,2,12/10/2013 11:09:59 PM
146008535,5,2,2,2,3,2,2,4,2,2,2,5,5,5,2,4,2,2,5,2,2,1,4,5,4,5,5,2,5,5,5,1,5,4,1,5,2,1,2,2,4,2,1,5,2,4,4,1,4,2,12/10/2013 11:10:55 PM
153000426,2,3,4,3,5,3,2,2,3,4,3,2,4,2,2,2,4,4,5,3,2,3,1,1,3,3,4,3,2,2,4,3,4,4,1,4,2,2,4,4,2,3,2,3,3,3,1,1,3,2,12/10/2013 11:49:34 PM
151008481,4,2,3,2,4,2,3,3,4,1,2,2,3,5,2,2,4,3,4,2,2,2,4,3,4,4,4,3,2,4,4,2,4,4,2,3,2,3,2,4,2,2,2,3,4,2,2,2,3,2,12/11/2013 12:22:42 AM
152000767,3,3,4,3,3,1,4,4,3,4,3,2,4,3,4,4,3,2,3,3,2,3,3,3,3,4,4,1,2,2,4,3,4,2,1,3,3,3,4,4,3,3,3,3,3,3,3,3,3,3,12/11/2013 1:05:28 AM
141006572,4,3,4,2,4,2,2,2,3,3,4,2,4,4,2,3,3,4,4,2,2,2,2,2,2,2,4,2,3,4,4,2,4,3,2,4,2,2,2,3,2,3,2,4,3,4,2,2,4,2,12/11/2013 1:33:59 AM
149008859,5,1,1,1,1,5,5,5,3,3,3,3,3,3,3,3,3,3,3,3,3,3,2,4,3,3,2,1,3,3,4,2,4,3,3,3,4,2,4,3,3,3,3,3,3,3,3,3,3,3,12/11/2013 3:00:13 AM
152005172,4,2,3,4,4,4,3,4,4,4,2,5,5,1,1,2,3,5,5,2,3,2,1,1,2,1,5,3,3,4,4,2,5,4,1,5,3,1,5,3,2,3,3,4,5,5,1,1,2,3,12/11/2013 10:47:17 AM
151002008,4,3,5,3,4,2,3,3,4,5,4,5,3,5,1,5,3,3,4,4,3,5,4,5,3,5,4,5,5,5,5,4,3,4,5,4,5,4,4,4,5,4,0,3,3,4,2,5,4,3,12/11/2013 11:26:46 AM
153002270,3,2,2,1,4,4,1,2,3,3,1,5,2,4,4,2,3,3,4,2,4,2,2,2,2,2,3,3,1,4,4,2,5,2,3,3,4,2,3,4,2,4,1,2,2,3,3,2,3,4,12/11/2013 11:26:59 AM
145000293,5,3,2,2,5,3,4,3,2,4,3,4,5,1,1,5,3,3,5,2,2,1,1,4,3,2,4,4,4,4,4,1,3,4,3,4,5,1,2,2,3,2,4,4,3,4,3,2,3,4,12/11/2013 1:11:31 PM
152002280,4,4,4,2,3,2,3,2,3,2,4,2,4,4,4,2,3,4,3,1,2,5,3,3,3,2,4,2,3,4,4,3,3,3,1,4,2,2,3,3,3,2,4,4,4,4,2,2,4,2,12/11/2013 2:42:52 PM
151000862,4,3,4,4,3,3,2,3,4,3,4,2,4,3,2,3,4,4,3,2,3,4,3,3,3,1,3,2,4,4,4,2,4,4,2,4,3,3,4,3,2,4,3,4,4,3,2,2,4,3,12/11/2013 2:48:09 PM
152001447,2,3,5,4,5,1,2,2,3,3,3,2,5,1,1,4,5,5,3,4,2,4,2,1,4,1,5,3,2,5,4,3,5,5,1,5,5,1,4,3,1,2,0,5,5,4,1,1,5,1,12/11/2013 2:50:39 PM
150008341,4,1,3,1,1,4,5,4,4,2,1,3,1,5,2,1,1,3,5,1,3,2,3,3,2,3,1,1,1,3,4,2,3,2,3,2,2,2,3,3,4,4,2,3,2,2,3,5,2,5,12/11/2013 2:56:51 PM
149009203,3,2,2,1,4,2,1,4,5,5,5,5,2,5,1,4,5,5,5,4,2,2,1,5,3,3,4,1,2,3,4,4,3,3,4,1,4,3,2,4,3,3,4,2,1,1,1,3,4,5,12/11/2013 3:22:46 PM
151007493,2,3,5,4,4,3,2,2,4,3,3,4,3,3,1,4,3,4,3,3,3,4,2,2,1,1,4,3,3,3,4,1,5,4,1,2,1,1,0,3,2,3,2,3,2,4,2,3,4,1,12/11/2013 3:49:53 PM
150004061,2,3,3,1,4,2,3,2,4,4,3,1,4,4,3,3,4,3,4,4,2,4,2,4,3,3,4,3,4,4,4,4,5,4,2,4,1,2,4,4,3,2,3,3,5,3,2,2,4,3,12/11/2013 4:41:30 PM
151003305,5,4,4,1,2,5,4,5,3,1,1,5,5,5,3,0,1,4,2,5,4,3,4,5,0,4,5,1,2,2,4,1,3,2,4,3,4,5,4,1,5,2,1,3,3,4,2,3,3,5,12/11/2013 5:57:05 PM
150008512,5,4,3,5,5,5,4,3,5,3,5,5,3,5,4,4,4,4,2,5,3,1,3,5,5,2,3,1,4,4,4,3,5,4,5,3,4,2,2,1,2,1,4,5,5,5,5,2,2,5,12/11/2013 6:12:35 PM
150004813,3,1,3,3,3,4,3,3,4,5,2,5,3,5,2,3,2,2,2,3,3,4,3,4,3,3,5,1,1,4,4,3,2,2,3,3,4,3,3,3,2,3,1,1,3,3,4,3,3,2,12/11/2013 6:32:45 PM
148000116,3,3,3,3,3,3,3,3,3,3,3,3,3,3,3,3,3,3,3,3,3,3,3,3,3,3,3,3,3,3,3,3,3,3,3,3,3,3,3,3,3,3,3,3,3,3,3,3,3,3,12/11/2013 6:39:27 PM
153000069,4,4,3,2,2,2,2,3,3,4,3,3,2,3,3,3,5,2,3,4,2,3,4,3,2,4,3,3,3,3,4,1,3,3,2,3,4,2,3,4,3,3,3,4,3,2,2,2,3,3,12/11/2013 6:51:47 PM
150006036,4,3,4,3,4,4,2,2,3,2,2,3,3,2,4,3,3,4,4,4,3,3,3,3,3,4,4,5,2,3,4,2,3,4,3,4,4,3,4,4,3,4,4,3,4,4,2,4,2,4,12/11/2013 7:15:34 PM
152001381,1,3,5,4,0,5,4,4,5,4,5,3,5,4,2,5,3,5,5,3,3,5,3,4,5,1,5,4,5,5,4,1,4,5,1,4,5,2,4,4,3,5,0,5,5,5,3,1,5,3,12/11/2013 8:52:44 PM
151005126,3,2,4,3,2,4,4,1,2,3,4,3,3,4,3,2,3,4,2,2,4,4,2,3,0,3,2,3,4,4,4,2,2,4,2,3,4,5,5,4,3,2,1,2,3,4,5,5,3,2,12/11/2013 10:09:33 PM
150007464,3,3,3,3,3,3,3,3,3,3,3,3,3,3,3,3,3,3,3,3,3,3,3,3,3,3,3,3,3,3,4,3,3,3,3,3,3,3,3,3,3,3,3,3,3,3,3,3,3,3,12/11/2013 11:19:42 PM
152009219,2,3,3,3,4,3,3,4,2,3,3,3,3,3,4,2,3,4,4,1,3,3,3,3,2,3,3,4,3,2,4,3,3,4,3,3,4,2,3,4,3,2,3,4,4,3,3,3,3,3,12/12/2013 12:41:32 AM
152000628,3,3,3,3,3,3,3,3,3,3,3,3,3,3,3,3,3,3,3,3,3,3,3,3,3,3,3,3,3,3,5,3,3,3,3,3,3,3,3,3,3,3,3,3,3,3,3,3,3,3,12/12/2013 1:49:29 AM
152007408,5,5,5,5,5,5,5,5,5,5,5,4,5,5,5,5,5,5,5,5,5,5,5,5,5,5,5,5,5,5,4,5,5,5,5,5,5,5,5,5,5,5,0,5,5,5,5,5,5,5,12/12/2013 10:08:13 AM
151002559,5,5,5,5,5,5,1,1,5,5,5,1,5,5,5,5,5,5,5,5,5,5,5,5,5,5,5,1,5,5,4,5,5,5,5,5,5,5,5,5,5,5,0,5,5,5,5,5,5,5,12/12/2013 12:09:57 PM
151003455,5,5,5,2,5,5,3,3,5,2,2,5,3,5,3,3,3,4,2,3,4,3,4,5,5,4,5,2,3,3,4,2,4,4,4,4,4,2,4,3,3,3,2,3,2,4,4,2,4,4,12/12/2013 1:29:29 PM
151004589,4,4,4,3,5,3,1,2,3,3,3,3,4,4,3,4,3,3,3,3,2,4,1,4,3,1,4,3,2,5,3,1,5,4,3,5,3,2,3,4,1,3,4,5,3,3,3,1,4,2,12/12/2013 1:43:11 PM
151005707,4,3,4,1,4,4,2,3,3,2,4,2,4,4,3,2,2,4,3,3,3,2,1,1,3,4,2,1,2,3,4,3,3,2,1,3,2,1,3,2,4,3,3,4,4,3,2,1,3,4,12/12/2013 2:07:09 PM
153003228,4,5,5,3,4,3,2,2,4,4,4,3,5,4,1,3,4,4,5,3,2,2,3,2,3,3,4,3,3,4,4,4,4,4,3,3,3,3,4,4,3,3,2,3,2,3,2,2,3,2,12/12/2013 2:37:00 PM
150007918,4,3,4,3,4,2,2,3,4,4,2,3,4,4,2,3,3,3,4,3,2,4,2,4,4,2,4,4,0,4,4,3,3,2,2,4,4,2,2,3,3,3,2,3,4,4,2,2,4,3,12/12/2013 3:58:41 PM
151004873,4,4,3,3,5,3,3,3,4,3,5,2,5,4,3,5,4,5,4,4,3,4,2,2,4,2,3,5,4,4,4,3,5,5,3,4,2,3,2,4,1,3,3,4,4,4,2,1,4,2,12/12/2013 4:55:59 PM
150009967,1,5,2,4,5,2,1,2,2,5,2,1,5,2,1,4,5,4,5,1,1,2,2,4,4,1,5,5,5,5,4,2,5,4,1,4,5,1,2,4,1,4,0,5,2,5,2,1,5,1,12/12/2013 4:58:15 PM
145004573,4,2,4,2,5,3,2,3,3,3,1,3,4,1,2,2,4,3,2,3,3,5,3,3,3,1,4,4,1,5,4,5,4,4,2,4,3,3,3,4,2,2,2,3,3,3,2,4,4,2,12/12/2013 5:41:43 PM
150002819,4,2,4,2,3,4,2,2,4,4,2,4,4,4,2,3,3,4,4,0,3,3,3,4,3,3,3,1,3,3,4,3,3,3,3,3,3,3,3,3,3,3,3,3,3,3,3,3,3,3,12/12/2013 5:59:53 PM
152000729,3,4,3,4,4,3,2,3,2,4,3,3,4,4,2,4,4,4,4,4,4,4,4,3,4,4,4,4,3,4,4,3,4,3,3,2,2,4,4,3,4,3,2,2,4,4,1,3,4,3,12/12/2013 7:18:40 PM
153005040,5,4,3,3,3,2,2,0,4,5,4,2,4,2,2,3,4,4,5,4,3,4,2,2,4,4,4,3,4,4,4,4,0,4,2,4,3,3,4,4,3,4,2,4,3,4,2,2,4,3,12/12/2013 7:42:10 PM
152006969,5,4,3,3,5,4,3,2,5,4,3,3,4,4,2,3,4,4,4,3,3,4,4,2,4,2,4,2,3,4,4,3,4,4,2,4,3,3,4,4,2,4,2,4,4,3,2,2,3,2,12/13/2013 12:22:11 AM
151001181,3,3,3,3,3,3,3,3,3,3,3,3,3,3,3,3,3,3,3,3,3,3,3,3,3,3,3,3,3,3,4,3,3,3,3,3,3,3,3,3,3,3,3,3,3,3,3,3,3,3,12/13/2013 10:09:17 AM
145007729,5,4,2,3,4,4,2,2,4,3,4,4,5,5,2,2,3,4,1,4,3,5,3,3,2,2,4,2,4,4,4,1,5,4,2,4,2,2,3,4,1,3,4,5,3,4,2,2,4,2,12/13/2013 11:24:19 AM
150008805,4,3,3,2,4,3,4,4,5,4,3,4,5,5,3,2,4,3,4,4,4,3,3,4,4,3,4,2,2,3,4,4,4,2,2,4,4,2,4,4,4,3,2,3,4,3,5,2,0,2,12/13/2013 11:39:12 AM
146001990,5,4,4,1,5,2,2,2,5,2,2,5,1,5,1,1,1,3,4,4,4,5,4,5,4,4,4,1,1,1,4,1,3,3,3,4,5,2,4,4,3,4,2,4,2,3,3,4,4,4,12/13/2013 12:14:02 PM
152007220,4,5,3,1,5,5,3,3,5,1,5,5,5,3,1,1,1,4,1,5,5,1,1,5,5,1,5,1,3,5,4,3,4,5,5,5,1,1,5,5,5,5,1,3,3,5,1,1,1,3,12/13/2013 12:22:12 PM
150002493,2,3,5,1,4,2,1,2,4,3,2,3,1,2,2,3,4,3,4,4,3,1,2,3,3,3,3,1,4,2,4,1,3,1,2,2,3,4,4,4,3,2,3,4,2,3,2,2,1,3,12/13/2013 12:34:55 PM
150006828,5,5,5,5,5,5,5,5,5,5,5,5,5,5,5,5,5,5,5,5,5,5,5,5,5,5,5,5,5,5,5,5,5,5,5,5,5,5,5,5,5,5,0,5,5,5,5,5,5,5,12/13/2013 12:44:29 PM
150008164,3,5,5,4,5,3,1,3,4,4,5,1,5,1,1,5,5,5,5,1,1,4,1,1,4,1,5,4,5,4,4,3,5,4,1,5,5,1,5,5,1,5,3,2,5,5,1,1,5,1,12/13/2013 2:03:02 PM
150006922,4,4,4,3,4,2,2,1,5,4,4,2,4,5,2,2,4,4,4,4,2,4,2,2,2,2,5,1,4,4,4,3,4,2,4,0,3,4,4,4,3,2,1,2,4,5,2,2,4,4,12/13/2013 2:13:35 PM
150009294,3,3,3,3,3,3,3,3,3,3,3,3,3,3,3,3,3,3,3,3,3,3,3,3,3,3,3,3,3,3,4,3,3,3,3,3,3,3,3,3,3,3,3,3,3,3,3,3,3,3,12/13/2013 3:27:25 PM
150009294,3,3,3,3,3,3,3,3,3,3,3,3,3,3,3,3,3,3,3,3,3,3,3,3,3,3,3,3,3,3,4,3,3,3,3,3,3,3,3,3,3,3,3,3,3,3,3,3,3,3,12/13/2013 3:27:25 PM
150001090,1,5,4,5,5,1,1,4,5,5,5,2,5,4,4,5,4,4,2,1,1,4,2,2,4,2,4,3,5,5,4,4,5,2,2,5,5,2,4,4,2,1,0,5,2,4,1,2,4,1,12/13/2013 3:56:47 PM
152007074,5,2,1,1,4,5,4,3,4,3,2,2,3,4,2,1,3,3,2,3,2,2,4,2,4,3,3,1,1,3,4,3,4,1,3,1,3,3,2,3,5,2,1,1,3,1,4,5,3,5,12/13/2013 4:18:24 PM
152004862,5,4,3,5,3,4,2,3,3,3,4,2,5,5,2,4,3,4,4,1,2,3,2,2,3,2,5,4,3,4,4,4,5,5,1,4,2,2,3,4,2,3,4,5,4,5,2,1,4,2,12/13/2013 6:54:42 PM
150007073,2,3,3,4,5,2,3,2,4,4,4,3,2,5,3,3,2,4,5,4,3,4,2,3,3,3,2,2,1,0,3,2,4,1,3,2,4,3,2,4,3,0,3,4,5,4,3,2,4,3,12/13/2013 7:32:28 PM
152006585,5,3,4,2,4,4,3,2,4,3,2,2,4,3,2,3,3,3,4,2,2,3,2,3,2,3,4,1,3,4,4,4,3,2,2,4,3,2,2,3,4,3,2,3,2,3,2,2,4,2,12/13/2013 7:37:26 PM
152001376,3,3,3,3,3,3,3,3,3,3,3,3,3,3,3,3,3,3,3,3,3,3,3,3,3,3,3,3,3,3,4,3,3,3,3,3,3,3,3,3,3,3,3,3,3,3,3,3,3,3,12/13/2013 8:24:54 PM
152007964,5,3,4,1,2,3,4,4,4,5,3,3,3,3,4,1,2,2,3,4,5,5,4,3,4,4,3,1,1,3,4,2,4,1,4,2,4,4,4,2,5,3,1,2,3,4,3,4,4,3,12/13/2013 8:42:14 PM
151008349,5,1,5,1,5,5,5,5,3,4,5,5,1,2,3,3,2,1,1,1,4,3,3,4,4,3,3,2,3,4,4,5,2,2,3,3,5,5,3,4,4,1,1,1,2,1,5,5,1,5,12/13/2013 9:28:18 PM
151008397,3,4,4,2,3,2,1,0,0,5,4,2,4,2,4,4,4,4,4,3,2,4,2,1,4,1,4,4,4,3,4,2,4,4,2,4,3,4,2,4,1,2,2,4,4,4,2,2,4,2,12/13/2013 10:41:01 PM
152004556,4,2,4,2,4,3,5,1,4,4,2,4,3,4,2,2,2,4,3,4,4,4,3,5,4,2,2,2,2,4,4,4,3,2,2,2,3,1,3,4,3,3,1,2,3,3,4,2,2,4,12/14/2013 1:10:16 AM
151005515,5,1,4,1,2,4,5,4,4,1,1,2,2,3,3,1,1,2,2,3,2,2,3,2,2,2,2,3,1,4,3,2,3,3,3,1,2,2,2,1,3,3,2,3,1,3,2,2,2,5,12/14/2013 10:54:35 AM
153001530,4,4,4,5,4,3,3,2,4,5,5,2,4,4,1,5,5,5,5,4,3,5,2,2,5,3,5,5,5,5,4,1,5,5,3,5,5,5,5,5,1,5,0,5,1,5,2,2,5,2,12/14/2013 11:46:16 AM
152000818,4,1,3,2,5,3,1,3,4,5,3,1,5,4,3,1,3,4,5,3,4,3,2,1,4,2,3,3,3,4,4,3,5,2,4,4,3,5,4,3,2,2,1,3,4,4,1,1,3,2,12/14/2013 12:41:17 PM
152001217,5,1,5,1,5,1,5,4,5,3,3,5,4,5,5,1,3,1,1,5,5,3,3,5,5,5,5,1,1,1,4,2,3,1,5,1,3,5,2,1,5,1,2,1,4,3,5,5,1,5,12/14/2013 2:07:33 PM
153002274,5,5,5,1,5,1,2,4,1,1,5,4,3,0,0,0,0,4,5,3,2,4,1,5,5,5,5,5,5,5,5,5,5,5,5,5,5,5,5,5,5,5,0,5,5,5,5,5,5,5,12/14/2013 2:16:10 PM
150008539,4,4,4,4,5,4,3,2,3,3,3,3,5,5,2,4,3,4,5,4,3,3,3,3,4,2,4,2,3,4,4,2,4,4,3,4,3,2,3,3,2,4,4,4,3,4,3,2,4,3,12/14/2013 3:53:48 PM
150009082,3,3,5,3,4,5,5,0,4,4,3,0,5,4,3,4,5,5,4,4,4,3,5,4,5,3,0,3,4,4,4,4,4,4,4,5,4,4,3,4,5,4,3,3,4,5,3,4,4,5,12/14/2013 3:54:48 PM
150009218,4,3,2,1,4,1,2,2,3,3,2,2,3,3,2,1,3,4,4,4,4,2,5,2,4,2,4,1,2,4,4,2,4,2,1,2,4,5,4,3,5,3,1,4,4,5,2,2,4,2,12/14/2013 4:04:42 PM
152009961,4,3,4,3,3,2,2,2,5,4,2,4,5,3,2,1,1,4,2,3,3,5,3,4,5,1,4,1,1,5,4,3,4,3,2,4,2,4,3,4,3,2,1,3,2,4,4,2,5,3,12/14/2013 4:29:06 PM
145007197,3,3,3,3,3,3,3,3,3,3,3,3,3,3,3,3,3,3,3,3,3,3,3,3,3,3,3,2,3,3,4,3,3,3,3,3,3,3,3,3,3,3,3,3,3,3,3,3,3,3,12/14/2013 4:47:11 PM
148007157,3,3,3,1,4,3,3,3,3,4,3,2,3,4,4,2,3,4,5,4,4,3,4,4,0,2,2,3,3,3,4,3,4,2,4,3,4,2,4,3,4,1,1,2,2,5,4,3,4,4,12/14/2013 5:27:43 PM
148007157,3,3,3,1,4,3,3,3,3,4,3,2,3,4,4,2,3,4,5,4,4,3,4,4,0,2,2,3,3,3,4,3,4,2,4,3,4,2,4,3,4,1,1,2,2,5,4,3,4,4,12/14/2013 5:27:43 PM
150007089,5,4,4,2,3,2,4,3,4,4,5,4,4,4,4,3,3,4,4,3,3,2,4,4,3,2,3,3,4,4,4,4,4,3,3,3,5,4,2,3,2,4,0,4,4,4,3,3,4,4,12/14/2013 6:18:10 PM
152004877,4,3,4,4,4,5,2,1,3,3,3,2,4,5,3,4,3,4,1,4,3,4,3,2,3,4,3,2,2,3,4,4,4,4,1,3,2,2,4,2,2,1,2,4,1,2,2,1,2,2,12/14/2013 7:35:13 PM
149009853,4,4,0,1,4,4,3,3,4,3,4,5,4,2,3,3,4,4,2,5,4,3,5,4,2,3,4,2,3,3,4,3,3,3,4,4,0,3,4,2,2,3,4,4,5,4,3,3,4,5,12/14/2013 9:05:17 PM
149009718,3,3,3,3,3,3,3,3,3,3,3,3,3,3,3,3,3,3,3,3,3,3,3,3,3,3,3,3,3,3,4,3,4,4,4,4,4,4,4,4,4,4,3,4,4,4,4,4,4,1,12/14/2013 10:51:46 PM
150009586,4,3,3,3,2,3,2,3,3,4,2,3,4,3,2,3,3,4,3,2,2,3,3,2,2,2,4,3,3,4,4,2,3,3,2,3,2,2,4,4,3,2,2,2,4,3,3,2,4,2,12/14/2013 11:19:15 PM
151004638,4,4,4,4,4,3,2,4,4,3,4,4,4,3,3,2,2,4,4,3,4,3,4,4,2,3,4,4,3,4,4,4,3,2,2,3,3,4,3,3,3,2,2,3,3,3,2,2,4,2,12/14/2013 11:57:04 PM
152003543,4,4,4,4,4,4,3,5,4,2,4,3,3,2,4,4,4,4,1,3,2,4,3,4,4,3,1,4,4,3,4,2,4,4,1,5,5,2,5,2,1,4,4,3,2,4,2,4,5,4,12/15/2013 12:55:11 AM
152004568,5,4,4,4,4,4,5,5,4,4,4,4,4,4,4,5,3,4,4,4,4,4,4,4,4,4,4,4,4,5,4,4,4,4,4,4,4,4,4,4,4,4,3,4,4,4,4,4,4,4,12/15/2013 1:08:41 AM
151001171,4,5,3,5,3,5,2,3,4,5,5,2,5,4,2,5,5,4,2,2,2,3,4,3,2,4,5,3,2,5,4,2,5,4,2,5,3,4,2,4,2,2,3,5,5,3,1,2,4,3,12/15/2013 12:56:55 PM
154009503,5,4,3,4,5,3,1,4,4,2,3,2,4,2,1,3,4,4,5,3,4,4,2,2,4,1,5,3,2,4,4,1,5,4,2,3,3,2,4,4,4,4,3,2,1,4,2,3,4,2,12/15/2013 2:48:02 PM
150008530,2,3,4,4,5,2,2,3,4,5,3,3,4,4,2,4,2,2,2,2,4,5,4,3,4,3,4,2,2,4,3,3,4,2,4,2,0,3,3,4,0,2,4,3,4,2,4,4,3,3,12/15/2013 2:51:00 PM
150006767,5,3,5,4,5,5,3,4,4,4,3,5,5,3,3,4,5,5,5,4,4,3,5,3,3,4,5,5,5,5,5,5,4,4,3,5,5,4,5,5,5,5,4,5,5,0,5,3,4,5,12/15/2013 5:15:54 PM
146008792,5,5,4,3,5,4,1,3,5,5,3,4,4,5,3,3,5,4,5,3,2,5,2,2,1,2,4,2,4,3,4,3,4,5,1,3,2,4,4,4,1,4,2,2,5,4,2,1,4,2,12/15/2013 5:32:46 PM
154001565,5,3,3,1,5,3,4,2,4,5,1,1,4,5,4,1,1,4,2,3,3,2,4,3,2,4,3,4,4,2,4,2,4,4,2,4,2,2,5,4,1,4,2,4,4,4,1,1,4,4,12/15/2013 5:39:39 PM
151004563,4,4,5,5,5,3,3,4,4,4,4,4,5,5,2,5,4,4,4,4,3,4,2,2,4,2,4,4,3,4,4,4,4,4,2,5,2,3,2,3,2,4,4,4,4,2,2,2,4,2,12/15/2013 5:40:22 PM
150007925,3,4,4,2,4,3,4,3,5,5,3,2,4,5,3,2,4,5,3,4,4,4,3,2,2,3,2,3,2,4,4,5,4,2,2,2,4,4,4,4,3,4,3,3,4,4,3,4,3,4,12/15/2013 7:57:27 PM
153007737,4,2,5,3,4,4,2,1,5,2,2,2,3,5,1,3,3,4,4,2,3,4,1,2,3,2,2,1,3,4,4,1,4,3,1,5,2,1,3,4,2,1,1,4,3,4,2,1,3,1,12/15/2013 9:11:19 PM
151006904,3,2,5,1,4,5,4,3,3,5,2,5,3,5,3,1,3,4,2,3,4,3,3,5,4,2,5,1,2,2,1,3,3,1,5,1,2,2,2,2,5,1,1,1,1,5,5,1,5,5,12/15/2013 9:18:39 PM
152007188,1,5,3,1,4,1,1,1,5,2,5,1,4,5,1,1,5,5,5,5,1,3,1,1,5,1,5,2,2,5,4,3,4,2,2,5,1,1,4,5,1,3,1,3,3,4,2,1,3,1,12/15/2013 9:29:07 PM
151000229,3,3,5,2,4,5,2,1,4,4,2,2,4,4,2,1,3,3,3,4,1,5,2,2,3,3,4,1,1,3,4,3,3,2,4,2,4,3,3,3,5,2,3,3,3,3,3,3,4,5,12/15/2013 10:38:49 PM
151002766,4,3,5,3,2,3,4,2,2,2,4,5,3,2,1,4,4,5,5,4,4,4,2,2,2,2,5,5,5,5,4,4,2,2,1,1,4,4,2,4,4,4,3,2,2,2,2,2,2,2,12/15/2013 11:20:25 PM
150006260,1,1,4,4,4,4,1,5,4,4,2,1,3,1,2,4,4,4,4,2,3,2,2,3,4,4,4,4,2,3,4,2,4,4,2,3,3,3,3,4,4,3,2,4,2,3,2,4,3,2,12/15/2013 11:27:30 PM
150003605,5,2,4,3,4,4,2,4,3,3,4,3,4,4,3,4,4,3,5,4,3,3,4,4,4,3,4,3,4,4,4,2,3,2,4,3,3,3,4,4,3,3,2,3,2,3,2,3,4,2,12/16/2013 1:34:43 AM
152001486,4,4,3,3,4,3,3,4,3,4,4,3,3,3,4,4,4,4,4,3,2,4,4,2,4,2,4,4,3,3,4,0,4,3,2,4,2,3,3,4,3,3,3,4,2,4,3,2,4,3,12/16/2013 10:48:24 AM
152005130,4,4,3,2,5,3,1,3,4,5,4,2,4,5,2,2,4,5,2,2,2,2,2,2,2,2,5,2,3,5,4,3,4,2,1,5,2,2,1,4,2,3,1,2,5,4,2,1,4,2,12/16/2013 11:10:48 AM
146008607,5,4,5,2,4,5,5,4,4,2,4,3,4,5,3,2,2,4,3,1,3,4,3,2,4,2,4,2,4,4,4,2,4,2,2,4,1,2,4,4,5,2,2,2,2,4,3,2,4,3,12/16/2013 12:10:54 PM
150003168,3,3,3,3,3,3,3,3,3,3,3,3,3,3,3,3,3,3,3,3,3,3,3,3,3,3,3,1,3,3,4,3,1,2,3,5,4,3,2,1,2,3,4,5,4,3,2,1,2,3,12/16/2013 4:31:26 PM
153001854,4,3,3,4,4,3,2,4,4,3,3,0,0,4,4,4,3,3,5,3,3,4,3,3,4,3,3,4,3,4,4,2,4,4,0,3,4,3,4,3,4,3,3,4,3,4,3,4,3,3,12/16/2013 8:46:47 PM
152004958,4,0,5,4,5,3,4,4,4,4,4,4,4,1,1,5,5,5,5,3,3,5,1,2,4,2,5,3,4,4,4,4,4,4,4,4,3,3,3,3,3,3,3,3,4,3,3,3,3,3,12/16/2013 9:03:31 PM
152002108,1,4,5,4,5,2,1,1,3,5,4,1,4,1,3,4,4,5,5,3,2,5,2,1,3,2,5,4,1,5,4,4,5,5,1,5,2,1,5,5,1,4,4,4,2,5,1,1,5,1,12/16/2013 9:09:44 PM
151002734,4,2,5,4,1,1,2,2,5,5,2,1,5,1,2,4,4,5,4,2,2,2,2,1,3,2,5,2,2,5,4,2,5,4,2,5,1,2,5,5,2,5,2,2,5,5,1,2,4,1,12/16/2013 9:59:58 PM
152004723,3,2,3,1,4,4,5,3,3,4,4,2,3,5,5,1,2,2,2,2,4,3,5,5,0,3,3,1,3,2,4,4,4,3,3,3,4,2,3,3,4,1,1,1,2,3,5,2,4,2,12/16/2013 10:00:17 PM
152008689,5,5,5,1,3,3,3,5,5,2,3,3,4,4,3,4,4,4,4,3,1,1,3,3,2,1,5,3,3,3,4,1,3,5,2,0,3,2,4,4,2,4,4,3,2,4,2,1,4,2,12/16/2013 10:44:11 PM
,4,2,4,3,4,3,1,2,4,5,0,3,3,5,3,2,2,4,3,4,2,4,2,2,3,4,2,3,3,4,4,4,5,4,2,4,3,3,2,3,2,1,2,2,3,3,2,2,4,2,12/16/2013 11:09:03 PM
150009606,4,3,5,3,5,1,3,2,5,5,1,4,5,1,1,2,5,2,5,3,1,3,2,4,4,1,5,5,2,5,4,1,4,3,5,4,1,2,3,5,3,1,1,3,2,4,1,2,5,1,12/16/2013 11:33:02 PM
150005441,4,3,3,4,3,2,3,3,4,3,4,3,3,4,3,3,3,3,4,3,3,4,4,3,2,3,3,1,3,3,3,4,3,5,3,3,3,3,3,3,3,3,3,4,3,3,3,3,3,3,12/17/2013 1:19:28 AM
150008858,4,3,4,2,3,3,2,4,4,2,2,4,4,5,4,4,2,4,5,5,3,3,2,4,2,1,4,2,4,4,4,3,4,4,2,4,4,3,3,4,1,3,2,3,4,4,2,3,3,3,12/17/2013 10:20:04 AM
145000797,3,3,3,1,3,3,5,3,3,5,3,3,4,3,3,3,3,3,5,4,3,3,3,4,3,3,4,1,3,4,4,3,3,3,3,3,3,3,3,3,3,3,3,3,3,3,3,3,3,5,12/17/2013 2:56:15 PM
145000731,4,3,2,3,5,2,4,1,4,4,3,2,4,2,1,3,2,3,3,4,3,2,3,4,3,2,4,4,4,4,4,3,5,3,2,3,5,1,2,3,2,2,4,4,5,4,2,2,4,2,12/17/2013 8:57:57 PM
151000296,5,3,3,1,3,4,4,4,4,2,4,3,3,3,3,4,3,4,3,4,4,5,4,4,4,4,2,4,3,4,4,4,2,1,3,3,4,4,2,3,2,2,4,2,2,4,2,4,3,4,12/17/2013 10:44:02 PM
150006887,4,4,4,4,5,5,5,4,3,3,1,4,4,3,3,2,3,3,4,3,3,4,4,3,3,3,4,3,4,4,4,4,3,4,4,5,3,0,5,4,4,4,4,4,4,4,4,5,5,4,12/17/2013 10:49:36 PM
150005098,0,0,4,3,4,4,2,3,4,2,2,5,4,2,4,4,3,4,4,4,4,5,3,5,4,3,4,3,2,3,4,2,3,4,4,3,3,3,2,2,3,3,2,3,2,4,4,3,2,4,12/17/2013 11:11:57 PM
150009145,2,3,3,3,5,2,3,2,4,4,3,2,5,5,3,4,2,5,4,2,3,4,1,2,5,3,4,4,2,4,4,4,3,3,3,0,3,3,4,4,3,0,0,5,4,4,2,2,4,2,12/17/2013 11:53:27 PM
154000062,5,4,4,3,3,2,2,3,4,4,4,3,5,3,3,3,5,4,5,4,3,3,2,0,0,0,4,3,4,5,4,3,4,4,3,4,3,3,4,4,3,4,4,5,5,5,3,2,4,3,12/18/2013 1:08:15 AM
150009335,3,3,3,3,3,3,3,3,3,3,3,3,3,3,3,3,3,3,3,3,3,3,3,3,3,3,3,3,3,3,3,3,3,3,3,3,3,3,3,3,3,3,3,3,3,3,3,3,3,3,12/18/2013 3:45:50 AM
145006848,2,2,2,2,2,2,2,2,3,3,3,2,2,3,3,3,3,2,3,4,0,4,4,2,3,4,4,4,4,4,3,4,4,4,4,4,3,3,4,4,4,4,4,4,5,5,5,5,5,3,12/18/2013 6:10:22 AM
153007726,4,1,4,3,4,2,3,2,3,4,4,2,4,5,4,4,4,2,4,2,3,5,3,2,2,1,5,5,5,4,4,4,5,2,2,4,4,2,4,4,3,4,2,4,2,4,3,1,4,3,12/18/2013 9:09:26 AM
153003562,5,2,4,2,5,3,3,4,3,4,4,5,4,5,2,4,4,5,4,3,3,4,3,3,3,4,4,2,5,4,4,2,4,4,2,3,2,3,4,4,1,4,3,4,3,3,2,2,4,3,12/18/2013 9:26:22 AM
151003513,4,3,4,3,3,3,3,3,3,3,3,3,3,3,3,3,3,3,3,3,3,3,3,3,3,3,3,3,3,3,3,3,3,3,3,3,3,3,3,3,3,3,3,3,3,3,3,3,3,3,12/18/2013 10:09:40 AM
150001662,4,4,4,4,4,2,2,2,4,5,4,4,3,2,3,3,3,4,4,3,3,4,2,4,3,1,5,4,4,4,4,4,4,5,1,5,2,2,2,4,2,4,3,4,3,4,2,2,4,2,12/18/2013 9:37:29 PM
152009053,3,3,3,3,3,3,3,3,3,3,3,3,3,3,3,3,3,3,3,3,3,3,3,3,3,3,3,3,3,3,4,3,3,3,3,3,3,3,3,3,3,3,3,3,3,3,3,3,3,3,12/19/2013 8:46:33 PM
151002450,5,5,4,1,5,5,1,2,5,4,1,5,3,5,5,2,1,2,5,3,5,1,4,5,5,5,3,4,1,3,4,3,1,1,5,3,5,1,2,2,4,3,2,1,3,2,5,2,3,5,12/20/2013 3:45:20 PM
151009721,4,2,4,3,5,5,2,2,3,5,3,3,3,3,2,3,3,3,5,4,5,3,2,4,4,4,4,2,3,4,4,4,2,3,3,4,3,3,4,4,2,4,4,3,2,2,3,3,3,3,12/21/2013 12:35:42 AM
146005432,5,3,2,3,3,3,5,1,3,2,2,3,1,5,3,5,4,2,3,4,1,4,5,3,4,2,4,2,5,3,4,3,4,2,3,3,3,2,2,2,5,2,4,4,4,2,4,3,5,3,12/21/2013 4:53:11 PM
152005187,3,2,5,3,4,2,1,3,2,2,3,2,3,5,4,1,3,4,5,4,3,4,2,3,3,1,4,2,2,4,4,3,5,4,2,4,3,3,2,3,3,2,4,4,4,4,3,3,4,2,12/24/2013 5:32:11 PM
