DISTRICT,Code,POPULATION,LT_AGE5,BET_AGE5_17,OLDER_65,MED_AGE,P_WHITE,P_BLACK,P_NATIVE,P_ASIAN,P_NHPI,P_HISP,GRAD_RATE,P_COLL_GRAD,LSAH,MHI,MFI,P_POVERTY,MHV
The Chathams School District,3400004,18366,9.29,20.73,11.73,39.4,91.82,0.41,0.3,4.55,0,5.31,97.5,72.3,3.26,134167,173466,2,711000
Great Meadows Regional School District,3400008,8605,6.03,15.85,7.33,39.7,92.28,2.16,0,2.7,0,7.52,92.4,34.9,4.54,83250,96133,2.2,334100
Somerset Hills Regional School District,3400009,11021,6.33,21.56,11.52,41.7,91.18,0.39,0,4.14,0,11.9,91.5,58.9,9.62,129447,150028,2,751200
Absecon City School District,3400660,8179,6.25,14.97,17.01,43.4,73.79,11.17,0.35,9.15,0,7.38,92.2,23.5,8.52,69782,77378,6.1,259100
Alexandria Township School District,3400690,5072,3.92,21.83,12.66,43.3,97.54,0,0,0.81,0,5.74,97.1,44.7,0.99,108125,115139,3.7,503900
Allamuchy Township School District,3400720,4220,5.26,14.19,16.47,44,93.08,1.42,0,4.83,0,4.34,97,46.8,2.8,86161,114000,2.8,332000
Allendale Borough School District,3400750,6600,3.8,23.44,17.83,44.1,86.03,1.68,0,9.86,0,2.41,95.8,59.2,2.9,127757,136364,0.9,731500
Allenhurst Borough School District,3400780,582,0,13.92,16.15,48.5,99.14,0,0,0,0,0.86,94,61,1.37,76964,127875,2.6,1000000
Alloway Township School District,3400810,3039,4.74,23,8.09,37.1,88.09,9.08,1.18,0,0,1.12,92.7,20.1,0.28,86434,93143,4.4,227700
Alpha Borough School District,3400840,2576,8.19,14.56,13.35,39.7,93.4,0.39,0,0.58,0,8.77,86.1,18.7,3.42,62066,79167,3.7,199500
Alpine Borough School District,3400870,2008,5.73,15.84,18.68,49.1,73.36,2.14,0.35,24.15,0,7.27,95.6,70.4,10.46,167917,200125,5.6,1000000
Andover Regional School District,3400900,7172,5.24,15.62,15.88,45.2,91.31,3.5,0,3.23,0,3.49,90.1,31.4,3.81,89397,98167,4.4,345700
Asbury Park City School District,3400930,16652,9.55,18.86,9.54,33.4,27.71,59.41,1.21,1.03,0.13,20.33,74.8,16.4,19.67,30923,37580,29,367500
Atlantic City School District,3400960,39672,9.49,15.7,16.37,37.1,26.65,39.59,0.45,14.58,0,24.15,72.8,17.1,20.89,30601,36740,23.8,231100
Atlantic Highlands Borough School District,3401020,4626,5.92,16.21,14.63,42.6,87.68,3.2,0.28,8.02,0,5.51,91.1,42.7,7.26,84375,99271,3.4,488100
Audubon Borough School District,3401050,8944,4.62,16.38,13.37,39.6,95.89,0.87,0.53,1.06,0,2.05,93.2,27.4,1.5,68859,89802,6.1,218400
Audubon Park Borough School District,3401080,1062,2.73,15.16,21,45.4,98.49,0.28,0,0,0,1.98,79.2,7.5,2.13,40667,52750,8.8,39900
Avalon Borough School District,3401110,1965,1.53,14.71,35.17,59.8,99.54,0,0,0,0,0.56,95.8,53.7,2.89,85855,112292,4.6,1000000
Avon-by-the-Sea Borough School District,3401140,2270,2.56,11.45,24.05,47.6,95.64,0,0,0,0,7.22,93.8,54.8,6.69,87650,108911,3.6,904400
Barrington Borough School District,3401170,6974,5.09,17.35,14.43,37.9,93,1.96,0,3.25,0,6.09,88.4,20.4,3.23,53714,67656,2.3,212300
Bass River Township School District,3401200,1186,3.88,16.78,11.47,40.3,98.99,0,0,0.59,0,2.53,83.6,17.3,1.23,64327,72500,6.5,254700
Bay Head Borough School District,3401230,1278,4.54,12.28,31.14,52.2,98.51,0,0,0.86,0,1.49,98.5,63.6,0.57,89167,118750,3.4,1000000
Bayonne City School District,3401260,58004,5.59,15.69,14.16,39.3,71.99,8.16,0.08,7.84,0,19.8,86,26.9,11.65,50423,63525,12.3,358100
Beach Haven Borough School District,3401290,1643,3.16,8.89,28.18,54.7,96.47,0,1.16,2.37,0,5.42,95.5,49.4,4.34,72546,87344,5.8,747100
Bedminster Township School District,3401320,8304,6.51,14.15,11.39,42.6,81.48,1.29,0.95,13.99,0,6.71,96.4,59.2,3.68,100151,126477,2.3,390300
Belleville Town School District,3401350,33881,6.11,15.37,12.38,37.6,57.39,5.76,0.22,13.57,0.15,36.38,86.2,27.6,17.26,57800,64570,7.8,322900
Bellmawr Borough School District,3401380,11177,4.7,15.67,16.39,42.2,87.09,2.3,0.25,4.77,0,7.52,77.4,12.6,7.53,55932,67022,8.3,188300
Belmar Borough School District,3401410,5944,4.71,13.31,11.96,38.2,90.04,2.51,0,1.18,0,14.03,88.7,30.1,8.14,56701,58520,10.2,448600
Belvidere Town School District,3401440,2655,5.35,20.41,11.22,40.3,96.46,2.41,0,0,0,1.96,92.2,24.8,0.84,57969,73807,2.8,260900
Bergenfield Borough School District,3401500,25575,5.8,17.14,12.63,38.5,55.26,7.65,0,26.29,0,19.44,89.2,38.6,17.82,81324,95121,4.3,385600
Berkeley Heights Township School District,3401530,13312,7.87,18.49,17.35,42.6,88.58,1.76,0,8.44,0,3.03,94.2,62.9,4.36,129824,142279,1.6,597200
Berkeley Township School District,3401560,42657,2.91,8.57,44.59,61.6,93.5,2.22,0.21,1.34,0,4.47,82.7,14.4,3.49,42185,56756,7.2,204100
Berlin Borough School District,3401590,7901,5.47,17.73,15.04,37.7,96.52,1.51,0,1.46,0,2.81,86,26.1,4.51,70136,84278,5.2,253700
Berlin Township School District,3401620,5400,7.89,15.56,13.61,39.6,85.57,11.7,0,1.13,0,3.94,86.9,16,3.56,61860,72271,4.6,210200
Bernards Township School District,3401650,26436,5.96,22.47,12.86,42,85.5,1.75,0.03,11.54,0,2.89,97.2,68,3.87,123470,161054,3,651500
Bethlehem Township School District,3401710,3952,4.98,26.54,4.48,41.7,92.94,4.71,0,1.54,0,0.28,97.5,52.2,0.72,125966,127891,0.4,474600
Beverly City School District,3401740,2597,3.5,18.29,13.94,39.7,55.22,29.77,0,2.43,0,15.09,84,19.5,1,58063,70737,17.1,167600
Black Horse Pike Regional School District,3401770,84630,6.19,18,11.61,37.5,79.68,11.83,0.15,3.53,0.07,4.73,87.2,21.7,4.22,65496,77119,6,211100
Blairstown Township School District,3401800,5920,3.92,20.07,13.34,43.3,91.69,3.46,0,2.33,0,2.77,93.6,38,2.46,80436,96556,5.2,370000
Bloomfield Township School District,3401830,44392,6.24,13.64,11.84,37.9,60.84,15.56,0.27,8.99,0.07,18.79,89.8,34.6,9.85,66132,82056,6.9,368200
Bloomingdale Borough School District,3401860,7435,6.43,16.42,13.28,38.4,91.12,0,0,2.77,0,14.84,88.9,23.5,11.54,88532,101490,7.4,393200
Bloomsbury Borough School District,3401890,773,5.69,21.73,7.5,38,96.64,1.29,0,1.42,0,2.46,96,38.4,1.1,102935,104348,4.3,305600
Bogota Borough School District,3401920,7929,2.71,17.38,11.2,39,71.01,5.2,0,9.31,0,33.69,89.6,35.4,10.47,73911,91250,8,374800
Boonton Town School District,3401950,8451,6.03,16.06,13.42,38.3,77.91,9.99,0,9.71,0,7.21,90.8,41.4,7.08,79231,93043,12.7,436800
Boonton Township School District,3401980,4397,3.78,23.95,14.56,42.4,95.59,0.52,0,2.12,0,1.66,98.3,51.3,3.33,108093,123813,1.7,704500
Bordentown Regional School District,3402030,14729,6.41,15.79,10.64,38.3,79.14,10.53,0,7.26,0,4.71,92.7,35.6,4.79,78254,92949,2.9,285600
Bound Brook Borough School District,3402100,10171,7.21,14.81,10.58,33.8,75.59,5.82,0,2.82,0,46.39,84.6,20.8,29.92,69657,73500,4.7,317100
Bradley Beach Borough School District,3402130,4867,5.98,10.83,9.6,39.9,87.43,1.77,0,3.27,0,19.89,88.8,36.8,16.32,62925,70653,10.7,522200
Branchburg Township School District,3402160,14876,5.19,21.44,11.44,41.9,86.7,2.31,0,8.86,0,3.91,97.8,54.2,4.53,116759,133735,1.2,487200
Branchville Borough School District,3402190,981,3.06,18.76,16,45.8,95.72,0,3.57,0.71,0,0.71,87.8,14.7,0.63,57083,83571,2,316500
Brick Township School District,3402220,78321,5.78,15.81,17.64,42.4,93.78,2.29,0.06,1.78,0,4.92,90.1,25.3,2.81,66844,82103,5,306500
Bridgeton City School District,3402250,24438,10.69,17.09,8.34,31.1,40.86,38.03,2.26,0.39,0.05,37.62,59.9,7.7,22.79,32464,38983,24.5,114500
Bridgewater-Raritan Regional School District,3402280,50950,6.03,18.95,14.79,41.2,79.17,2.37,0.2,15.66,0,5.83,93.2,50.6,7.13,100711,119845,3.8,470400
Brielle Borough School District,3402310,4898,4.29,20.01,18.15,45.2,98.06,1.06,0,0,0,5.25,95,50.3,3.5,96700,105110,3.7,626100
Brigantine City School District,3402340,12701,3.31,11.36,20.34,48.8,85.84,1.9,0,6.02,0,8.14,89.4,31.3,5.8,64375,75511,7.1,448200
Brooklawn Borough School District,3402370,2129,5.35,17.33,10.38,40.7,80.08,7.37,0,9.07,0,5.35,89.3,25.2,3.97,56706,61905,2.9,146600
Buena Regional School District,3402400,11158,8.67,15.7,16.2,40.8,80.24,9.01,0.08,0.39,0,15.78,77.7,13.4,7.27,55250,65385,11.2,199800
Burlington City School District,3402430,9540,5.74,16.75,17.62,40.4,64.03,28.01,0,1.83,0,4.94,86.5,18.8,3.41,48379,61425,12.1,186300
Burlington Township School District,3402460,21446,6.64,21.75,11.35,37.8,60.34,28.01,0,6.5,0,6.79,89.3,31.4,6.51,84087,98615,3.7,323400
Butler Borough School District,3402520,8038,7.54,15.5,11.61,38.5,89.9,1.28,0.19,4.81,0,9.11,91.8,31.6,5.06,78812,98767,4.6,370300
Byram Township School District,3402550,8513,6.28,19.69,8.26,40.6,97.45,0.21,0.15,2.18,0,3.78,96.3,44.8,2.31,102904,112390,2.1,354000
Caldwell-West Caldwell School District,3402580,17732,6.21,17.3,17.87,41.5,92.66,1.34,0,4.24,0,6.3,93.6,49.2,6.34,90742,106675,2.9,480600
Califon Borough School District,3402610,1361,6.32,26.08,6.91,38.1,98.16,0,0,1.4,0,0.73,97.5,48.8,0.94,98828,104091,2.5,400000
Camden City School District,3402640,79263,9.47,22.85,7.76,27.8,15.49,49.92,0.81,2.6,0.02,42.06,59.4,6.5,20.83,25418,27956,38.3,83200
Cape May City School District,3402700,3731,5.71,5.76,26.72,38.5,87.54,8.26,0,0,0,4.26,88.9,35.4,0.71,34857,49559,6.3,688000
Cape May Point Borough School District,3402760,132,0,0,66.67,72.6,100,0,0,0,0,0,91.7,63.6,11.36,37500,69688,10.6,760400
Carlstadt Borough School District,3402790,5962,5.03,14.64,13.12,41.5,88.48,0,0,9.64,0,12.93,86,25.7,12.22,63903,77765,4.7,442500
Carlstadt-East Rutherford School District,3402800,14708,5.84,11.87,12.58,39.8,77.51,1.38,0,15.84,0.24,12.99,89,31.2,19.29,64283,74877,5.6,393700
Carteret Borough School District,3402820,22512,7.71,19.32,13.85,38.5,57.66,13.01,0.08,17.61,0,27,81.2,19.7,16.4,55379,63587,16.7,316600
Cedar Grove Township School District,3402850,12603,4.94,15.78,21.79,44.8,91.68,1.86,0,5.21,0,5.24,93.2,47.7,5.9,88594,114038,0.5,497300
Sterling High School Dist School District,3402880,16557,4.89,15.87,13.66,40.1,79.83,13.17,0.15,2.96,0,5.61,89.9,23.2,4.21,62136,81691,5.3,193500
Central Regional School District,3402910,51683,3.4,9.26,39.2,57.6,93.31,2.12,0.26,1.16,0,5.06,83.5,15.8,3.48,42600,57356,9.4,218200
Cherry Hill Township School District,3403000,71061,6.11,17.02,18.12,43,81.13,5.62,0.34,9.24,0.05,3.66,93.2,48.4,7.49,87392,104983,4.5,294900
Chesilhurst Borough School District,3403030,1499,5.8,14.61,16.74,43.6,43.63,43.43,0,3,0,12.61,78.9,16.6,5.67,49333,68125,9.8,151900
Chester Township School District,3403060,9163,7.97,21.78,13.6,41.7,93.24,0.13,0.08,3.43,0,3.24,97.4,61.3,4.2,150881,161335,2.4,734500
Chesterfield Township School District,3403090,6974,3.71,8.9,4.06,24.7,50.39,35.35,0.46,4.01,0,12.99,80.4,33.8,3.89,111607,114531,1.3,447700
Cinnaminson Township School District,3403120,15288,5.84,18.91,19.01,43.4,92.72,3.24,0.1,2.75,0,3.19,92.8,35.8,3.06,88239,96681,3.2,304300
Clark Township School District,3403150,14349,6.11,15.59,18.85,44.2,93.53,0.77,0.24,3,0,6.45,92.7,30.3,8.05,78044,93420,3.3,453400
Clayton Borough School District,3403180,7512,6.31,18.58,9.74,36.4,78.13,15.16,0,0.95,0,5.32,80.2,15.4,2.44,69111,73398,11.4,202400
Clearview Regional School District,3403210,27188,6.77,20.96,9.47,37.7,89.8,4.82,0.06,2.63,0.06,3.36,93,34.6,1.88,84068,94236,4.7,269300
Clementon Borough School District,3403240,4908,5.54,16.56,10.37,38.7,75.88,18.13,0,0,0,4.67,85.7,17.1,2.96,46029,56178,10.2,150700
Cliffside Park Borough School District,3403270,22677,4.58,12.46,17.17,40.8,77.32,2.67,0.04,10.86,0,24.95,85.1,42.5,22.93,68287,80847,11.5,456300
Clifton City School District,3403300,78049,5.75,14.57,15.21,38.9,67.7,4.99,0.04,8.12,0,27.31,84.5,29.7,21.58,60412,72951,9,373200
Clinton Town School District,3403330,2570,4.51,21.95,11.79,40.3,90.58,0.43,0,3.5,0,5.84,96.7,60.7,3.38,81083,107083,2.1,383400
Clinton Township School District,3403360,13887,5.86,21.39,11.18,39.6,86.63,4.88,0.68,4.21,0,4.54,93.4,55.3,2.73,116910,140266,2.2,495000
Closter Borough School District,3403390,8608,3.69,22.35,11.83,41.2,67.65,1.73,0,29.22,0,5.61,93.6,53.6,14.32,115882,122697,4.7,703300
Collingswood Borough School District,3403420,13928,5.7,12.67,15.07,40.5,84.03,8.22,0,1.41,0.12,8.57,92.2,38.8,3.36,56751,74802,9.6,234300
Colts Neck Township School District,3403450,10113,6.63,23.1,11.78,40.6,89.48,1.83,0,8,0,3.72,96.6,57.3,4.31,170038,173500,3.6,846100
Commercial Township School District,3403480,5390,9.41,18.66,9.96,37,84.71,10.71,0,0.71,0,12.23,74.8,9.5,1.56,48598,50600,16.8,112700
Corbin City School District,3403510,553,2.53,24.23,13.56,45.1,93.67,2.35,0,1.08,0,3.62,91.8,24.7,0.74,70694,78125,6.7,298100
Cranbury Township School District,3403540,3912,5.47,23.47,19.07,44.8,80.83,6.52,0,11.66,0,0.97,94.5,66.5,3.38,134375,151708,4.7,591800
Cranford Township School District,3403570,21941,6.31,17.46,15.56,41,91.91,3.74,0,2.64,0,4.65,94.3,51.9,3.29,104315,125537,3.2,478300
Cresskill Borough School District,3403600,8434,2.98,23.86,16.24,43.3,76.54,0,0,22.34,0,7.7,94.9,55.7,9.64,111786,131956,3.1,603900
Cumberland Regional School District,3403620,25827,6.21,17.06,14.42,38.9,69.19,21.67,2.14,1.58,0,7.62,83.1,15.8,3.17,58603,66819,8.6,180900
Deal Borough School District,3403630,1147,4.62,15.87,22.49,44.6,95.64,2.96,0,0.44,0,4.62,92.3,37.5,5.94,78281,108750,4.9,1000000
Deerfield Township School District,3403660,3229,5.11,22.89,10.47,36.1,77.27,12.29,0.62,0.22,0,11.89,83.8,15.1,2.32,68477,78281,5.8,191500
Delanco Township School District,3403690,4384,6.18,14.46,11.88,42.3,91.58,6.55,0.27,1.6,0,3.76,87.3,25.5,4.52,75167,76757,3.4,249400
Delaware Township School District,3403720,4689,5.42,16.42,17.59,47.2,99.08,0,0,0.92,0,1.9,94.3,49.9,1.15,93586,122350,1.5,556900
Delaware Valley Regional School District,3403750,17096,5.49,17.04,14.32,44.1,96.56,0.43,0,1.44,0,3.02,94.5,39.6,0.7,92805,103676,3.3,425100
Delran Township School District,3403780,16949,4.81,18.33,11.83,39.1,84.38,7.32,0.11,4.93,0,4.21,90.2,28.9,8.19,74247,88284,5.1,286800
Demarest Borough School District,3403810,5050,7.5,23.82,13.82,42.1,73.03,1.62,0,24.87,0,3.56,96.7,63.2,10.81,145087,147639,4.7,722700
Dennis Township School District,3403840,5860,8.94,16.45,12.56,39.2,89.11,1.64,0,0,0,3.69,90.4,24.8,0.58,86301,85565,8,313100
Denville Township School District,3403870,16420,5.79,18.36,14.58,42.5,88.5,3.51,0.26,6.12,0,3.42,95.9,51.6,2.97,103799,123897,2.4,448600
Deptford Township School District,3403900,30338,5.44,16,14.06,39.7,80.54,12.49,0.24,3.9,0,4.78,86.9,22.2,3.24,65866,73468,8.7,206300
Dover Town School District,3403930,17996,6.71,16.32,11.4,35.8,59.23,4.31,1.52,2.89,0,63.24,70.5,14.3,41.57,57361,60795,9.7,336300
Downe Township School District,3403960,1756,4.27,16.74,18.34,45.1,92.77,1.94,1.65,3.25,0,3.02,72.7,8.1,2.56,43902,49531,11.7,146900
Dumont Borough School District,3403990,16988,5.07,18.68,13.93,39.2,74.84,1.77,0.28,17.2,0,13.85,91,36.2,11.06,82606,93818,3.5,395400
Dunellen Borough School District,3404020,6940,8,17.2,8.53,31.8,68.03,4.29,0,0.71,0,34.65,90.3,23.9,13.8,63667,88171,6.6,333800
Eagleswood Township School District,3404050,1707,5.92,17.11,13.65,41.4,96.43,0.59,0,1.52,0,4.63,84.6,17.3,4.79,59457,66641,5.3,282900
East Amwell Township School District,3404080,4491,3.21,18.64,11.16,43.4,96.79,2.12,0,0,0,0,97.1,42.3,1.06,109893,129137,2.3,461500
East Brunswick Township School District,3404110,47148,5.59,20.07,11.35,41.1,71.09,3.78,0.34,21.15,0,4.47,94.8,53.9,11.89,101283,111700,3.2,401600
East Greenwich Township School District,3404140,7279,6.5,17.57,15.08,40.7,89.33,3.56,0,4.26,0,3.9,89.4,34.8,3.06,94174,103077,4.1,282700
East Hanover Township School District,3404170,11409,5.57,15.94,16.91,44,88.52,0.81,0,10.34,0,6.73,93.7,40.1,8.84,111429,120387,0.7,581100
East Newark Borough School District,3404200,2249,7.6,12.85,6.58,34.7,60.25,3.25,0.8,6.36,0,52.69,76,14.6,41.87,50347,56000,10,364600
East Orange City School District,3404230,65785,7.83,18.57,12.81,34.7,4.87,87.65,0.16,1.07,0,8.29,80.2,17.1,7.09,39116,48117,23.4,248200
East Rutherford Borough School District,3404290,8746,6.39,9.98,12.21,39.2,70.03,2.32,0,20.07,0.41,13.02,91,34.7,24.18,64613,73833,6.2,358500
East Windsor Regional School District,3404320,31972,8.01,15.57,9.71,37.1,66.43,10.98,0.56,12.9,0,19.36,90.4,43.4,14.77,82222,96891,4.7,305100
Eastampton Township School District,3404350,6573,3.77,22.73,8.35,39.8,77.59,14.24,0.15,5.28,0,6.94,92.5,31.1,1.87,74107,95307,4.5,294500
Eastern Camden County Regional School District,3404380,41305,5.66,17.79,14.72,40,78.57,7.08,0.31,10.23,0.03,3.73,90.5,46,4.52,79991,101311,5.6,306900
Eatontown Borough School District,3404410,14207,6.41,17.22,13.14,38,69.16,16.4,0.2,7.36,0,11.42,89.6,34,9,56845,72926,9.6,361300
Edgewater Borough School District,3404440,9507,7.27,8.19,9.52,36.6,55.74,4.94,0,38.35,0,9.35,97.2,66.7,16.47,82047,111364,8.5,568900
Edgewater Park Township School District,3404470,7822,4.79,14.65,12.84,36.8,57.58,26.51,0.68,4.3,0,7.93,90.7,24.2,8.96,55233,74983,9.5,225200
Edison Township School District,3404500,98996,7.7,15.88,13.22,36.7,48.75,9.26,0.36,36.32,0.22,8.47,90.8,47.2,16.25,83891,96926,8.1,376500
Egg Harbor City School District,3404530,4404,3.04,12.58,13.71,41.6,70.37,16.73,0,0.7,0,21.41,81.9,15.5,9.86,54367,70202,12.5,216500
Egg Harbor Township School District,3404560,39162,7.13,20.78,9.23,38.7,72.36,10.46,0.41,7.67,0,12.81,89,26.2,8.37,68596,78570,5.1,268300
Elizabeth City School District,3404590,124101,9.09,18.64,9.13,32.7,46.89,20.37,0.28,2.05,0.08,56.26,69.9,12.9,39.46,43707,47169,16.9,370300
Elk Township School District,3404620,3900,7.56,17.38,7.95,37.4,87.9,10.82,0,0,0,4.28,87.8,22.2,1.22,69508,74792,11,237800
Elmer Borough School District,3404650,1271,7.24,14.95,15.81,36.8,94.57,0,0,3.38,0,1.73,92.6,24.2,0.42,67500,74271,3.8,182900
Elmwood Park Borough School District,3404660,18545,3.85,16.6,15.88,40.3,79.31,3.89,0.05,9.32,0,18.88,88.1,23.9,17.25,62886,74951,5.4,401000
Elsinboro Township School District,3404680,1109,2.43,17.22,21.91,47.9,89.09,4.33,0.27,0,0,2.52,87.4,18.5,1.66,63750,76500,3.2,203900
Emerson Borough School District,3404710,7264,3.26,18.76,22.16,44.6,89.63,0.74,0.48,8.81,0,5.27,94.8,36.4,5.34,96341,101019,1.3,512500
Englewood City School District,3404740,27829,6.28,16.56,14.39,40.6,48.63,36.75,0.12,4.69,0,24.86,87.4,41.2,12.14,70357,86992,9.8,429200
Englewood Cliffs Borough School District,3404770,5724,5.49,14.74,31.81,48.4,56.99,1.76,0.37,38.42,0,7.44,96.1,66.2,15.88,112292,140605,17.3,1000000
Essex Fells Borough School District,3404830,2050,6.98,25.61,14.44,41.1,94.83,0,0.73,1.46,0.24,2.15,98.5,71.3,1.05,172159,189000,2.3,942700
Estell Manor City School District,3404860,1539,5.46,21.51,8.12,40.2,97.86,0.26,0.06,0.13,0,0.13,90.3,18.6,1.86,73611,80000,6.2,263600
Evesham Township School District,3404890,45770,6.05,18.59,11.24,38.9,89.38,3.46,0,5.23,0,2.32,95,45.1,4.12,87616,103716,2.7,304200
Ewing Township School District,3404920,36331,3.68,13.52,14.56,37.8,65.55,26.35,0.17,4.21,0,7.57,90.2,34.4,5.03,70576,88578,8.9,252600
Fair Haven Borough School District,3404950,5945,8.56,24.31,9.87,39.1,96.72,2.42,0.34,0.42,0,1.5,99.1,65.4,1.07,107305,125966,2.6,730400
Fair Lawn Borough School District,3404980,30570,5.38,17.33,16.21,42.4,84.4,1.64,0.05,8.53,0,8.43,90.4,48.1,11.17,90992,109796,2.9,429200
Fairfield Township School District (Essex County),3405010,7502,5.63,16.3,18.08,41.8,93.2,0.77,0,2.96,0,5.05,91,38.7,2.06,96981,113363,3,583000
Fairfield Township School District (Cumberland County),3405040,6774,4.61,15.88,12.02,37.4,36.08,52.98,2.57,1.42,0,10.07,76.3,6.7,4.09,47165,54112,7.4,133500
Fairview Borough School District,3405070,13419,6.71,12.9,13.39,33.5,71.72,2.38,0,7.97,1.13,50.13,67.5,19.7,35.35,41418,50297,17.7,432000
Farmingdale Borough School District,3405130,1511,6.68,14.69,8.01,39.7,94.77,1.59,0,0.93,0,6.75,89.5,28,2.06,62563,68438,5.3,350300
Flemington-Raritan Regional School District,3405190,26724,5.98,21.08,10.6,40.1,87.35,3.14,0,5.58,0,6.75,94.4,51.6,5.04,103155,123857,4.8,443200
Florence Township School District,3405220,11433,4.99,16.66,12.18,40.1,81.38,11.09,0.17,4.29,0,3.93,87.3,23.7,4.11,73789,86783,2.2,233300
Florham Park Borough School District,3405250,12401,4.82,13.56,17.65,40.8,90.15,1.77,0,7.51,0.09,1.94,96.5,58.6,4.19,105500,120792,2.5,627500
Folsom Borough School District,3405280,1804,4.38,17.74,9.59,40.2,94.46,2.33,0,0.39,0,3.22,89.9,17.8,0.99,71207,72500,4.3,221000
Fort Lee Borough School District,3405310,36235,5.97,10.88,19.98,43.6,58.25,1.96,0.04,34.73,0,11.18,92.6,55.1,23.5,72425,90735,6.4,357000
Frankford Township School District,3405340,5607,4.21,17.75,12.82,40.9,97.2,1.23,0,0.48,0,1.09,91.9,30.4,0.5,98004,103636,2.5,364300
Franklin Lakes Borough School District,3405370,11357,4.71,22.17,14.52,43.3,86.88,0,0,11.55,0,3.84,95,62.3,8.52,154018,178162,2.1,1000000
Franklin Borough School District,3405400,5127,5.89,14.16,13.34,41.8,92.84,1.87,0,3.22,0,5.31,88.8,19.2,2.24,64362,76136,4.2,228700
Franklin Township School District (Gloucester County),3405430,17050,3.71,17.66,10.6,39.7,89.88,5.57,0.07,0.73,0.09,3.67,86.8,19.2,2.27,75994,81733,7.7,230100
Franklin Township School District (Hunterdon County),3405460,3172,4.79,17.59,14.75,46,95.24,2.27,0,1.8,0,1.86,97.2,39.9,0.96,105114,118167,1.6,513700
Franklin Township School District,3405490,58898,8.2,14.29,11.39,36.7,48.22,26.18,0.19,20.31,0,11.47,91.9,49.1,11.79,88118,100210,4.8,351500
Franklin Township School District (Warren County),3405520,3133,3.73,21.86,13.28,43,95.18,0,0,3,0,2.84,87.6,30.6,1.16,84718,93875,4.9,348500
Fredon Township School District,3405550,3324,5.81,20.31,10.17,43,96.72,0.54,0,1.59,0,3.46,95.4,47.8,1.18,109130,117431,1.2,448200
Freehold Borough School District,3405580,11473,8.28,17.29,10.49,35.2,71.25,10.7,2.01,5.25,0,38.85,72.9,19.2,31.15,56890,62131,14.2,309000
Freehold Regional School District,3405610,189519,5.81,21.28,10.55,39.3,85.3,3.94,0.21,7.82,0.07,7.6,91.9,42.1,6.83,98603,111907,3.7,434000
Freehold Township School District,3405640,34502,4.17,19.86,11.31,40.9,84.77,6.87,0.16,5.15,0,6.51,91.9,41.6,4.6,91083,108388,3.5,418000
Frelinghuysen Township School District,3405670,2112,4.69,22.4,12.93,42.1,98.72,0.71,0,0,0,1.56,92.3,39.6,1.64,92500,97411,4.8,438000
Frenchtown Borough School District,3405700,1433,4.75,18.49,12.35,40.9,92.53,1.26,0,1.26,0,4.95,90.1,33.9,0.59,65341,85813,7.3,335800
Galloway Township School District,3405730,36037,4.91,15.21,9.1,29.3,74.03,12.2,0.09,8.36,0.02,8.35,90.1,27.9,6.84,64566,73010,6.2,245900
Garfield City School District,3405760,29002,6.49,16.14,11.46,35.4,77.77,6.02,0.07,2.62,0,32.67,81.5,17.8,22.15,50917,54779,11.8,368600
Garwood Borough School District,3405790,4204,3.35,13.01,15.82,41.3,90.2,0.26,0.33,6.52,0,3.24,89.4,27.3,5.64,67344,84111,1.8,380900
Gateway Regional School District,3405820,12985,5.01,17.5,13.55,39.4,93.47,2.96,0.17,1.28,0,2.92,87.7,22.2,1.04,70480,85186,6.3,194600
Gibbsboro Borough School District,3405850,2616,6.38,20.83,12.58,39.4,89.41,6.15,0,2.75,0,0.76,93.3,37,0.49,77879,84948,6.5,250400
Glassboro Borough School District,3405880,19560,5.48,14.58,9.53,28.6,73.94,20.4,0.19,1.83,0,3.52,89.5,28.5,3.03,53708,65313,15.6,217900
Glen Gardner Borough School District,3405910,2000,1.85,24.6,5.85,38.9,92.45,3.05,0,3.5,0,4.45,93.9,37,1.12,71818,97386,3,242600
Glen Ridge Borough School District,3405940,6755,9.13,23.18,7.21,37,83.61,7.61,0,4.47,0,2.22,98.4,76.4,3.13,158173,167075,1.7,594900
Glen Rock Borough School District,3405970,11151,6.93,23.47,12.13,40.8,87.1,2.86,0,6.83,0,6.18,96.6,64.2,4.39,138864,156667,1,609100
Gloucester City School District,3406000,11532,7.08,18.09,15.18,36.6,91.7,4.12,0.14,1.68,0,3.23,76.8,9.6,1.96,47011,57042,12.8,139800
Gloucester Township School District,3406030,65007,6.38,18.7,10.39,36.5,77.03,14.41,0.16,3.58,0.09,4.22,89.6,23.6,3.48,70077,79977,5.4,224600
Greater Egg Harbor Regional School District,3406060,70688,5.47,16.64,8.94,33.8,71.1,15.03,0.07,5.71,0.08,11.53,87.2,22.8,6.73,60260,70028,7.6,235000
Green Township School District,3406090,3537,6.05,24.46,8.28,41.8,97.74,0.2,0.88,0,0,4.24,96.1,40.1,1.59,98125,100781,1.8,406000
Green Brook Township School District,3406120,6796,5.87,18.36,17.23,41.3,76.93,2.81,0,15.6,0,8.12,89.2,42.3,5.13,115549,122474,1.7,488200
Greenwich Township School District (Cumberland County),3406150,805,5.59,20.99,15.78,44.8,87.95,3.98,0.87,0.99,0,4.72,91.2,33.6,1.71,56667,73750,11.7,204200
Greenwich Township School District (Gloucester County),3406180,4991,6.69,16.21,14.73,39.7,96.55,1.66,0.22,1.56,0,3.51,89.9,19.2,1.98,62594,82898,7.3,202100
Greenwich Township School District (Warren County),3406210,5134,8.9,26.35,4.48,35.1,83.76,6,0.16,7.77,0,7.19,94.7,43.3,3.36,105417,111000,1.6,408900
Guttenberg Town School District,3406240,10478,5.62,12.14,13.92,38,74.35,1.88,0.6,5.85,0,61.94,76.3,36,34.07,50766,54007,16.4,352400
Hackensack City School District,3406270,42768,5.52,11.68,11.87,37.5,51.15,26.25,0.56,7.73,0,32.16,84.2,33.6,19.56,59835,67915,10,356200
Hackettstown Town School District,3406300,9435,5.51,17.76,11.81,35.4,84.3,1.77,0.14,2.4,0,19.35,83.6,27.9,13.11,55929,69300,8.1,326900
Haddon Heights Borough School District,3406330,7471,5.43,16.68,17.17,43.2,97.78,1.1,0,0.19,0,1.2,91.1,51,0.89,79392,100869,1.2,277700
Haddon Township School District,3406360,14408,6.68,16.47,16.34,40.1,93.93,0.74,0.06,2.2,0.04,3.03,93.4,38.5,1.32,71546,90539,4.1,249300
Haddonfield Borough School District,3406390,11489,5.12,22.69,14.03,41.3,95.77,1.15,0.28,1.64,0,1.78,97.4,66.1,1.71,109259,129750,3.5,457300
Hainesport Township School District,3406420,6009,4.78,20.5,14,40.9,80.26,7.56,0,6.44,0,3.44,90.1,32.5,3.37,79506,88169,1.8,318700
Haledon Borough School District,3406450,8396,6.82,20.27,10.86,34.3,62.37,11.53,0.35,4.79,0,47.22,71,21.4,24.62,65125,73464,6.1,362100
Hamburg Borough School District,3406480,3488,7.65,15.37,9.98,36.7,94.98,0,0,2.98,0,5.3,91.5,22.9,3.79,60558,68182,9.9,263200
Hamilton Township School District,3406540,89767,5.35,16.31,14.97,39.9,81.98,9.89,0.07,4.55,0,7.8,88.4,26.6,6.85,72052,87566,4.5,278600
Hammonton Town School District,3406570,13445,6.61,17.18,16.76,40.6,78.85,5.65,0,3.47,0,16.93,79.2,23,11.92,57303,72036,11.5,245100
Hampton Borough School District,3406600,1909,5.19,22.11,14.25,39.3,89.42,0.21,1,6.29,0.26,7.91,94,29.6,5.69,64327,88438,7.9,332500
Hampton Township School District,3406630,5145,2.72,20.54,13.14,43,93.78,1.71,0,3.25,0,1.73,94.2,27.1,1.26,85318,87083,4.9,298900
Hanover Park Regional School District,3406660,37401,5.55,14.83,16.79,41.8,87.66,1.14,0,10.12,0.03,4.8,94.7,49,7.33,104903,119350,1.6,574700
Hanover Township School District,3406690,13591,6.19,15.05,15.91,41.2,84.67,0.85,0,12.31,0,5.79,94.1,48.4,8.95,99607,114917,1.7,523100
Harding Township School District,3406720,3302,5.54,17.81,19.5,45.8,90.7,5.18,0,2.48,0,1.39,99.4,63.5,0.45,176917,187113,2.2,1000000
Hardwick Township School District,3406750,1527,7.53,17.81,11.26,40.6,95.55,1.57,0,0.79,0,3.93,95.5,37.5,2.27,89000,99000,4.7,394000
Hardyston Township School District,3406780,8188,5.64,15.16,11.77,41.7,90.56,1.88,0,1.55,0,9.29,92.2,25.8,1.88,80739,95082,5.2,303300
Harmony Township School District,3406810,2809,3.03,18.26,14.06,43.6,100,0,0,0,0,0.89,91.5,20.1,1.84,80536,86250,1.4,316300
Harrington Park Borough School District,3406840,4840,2.91,26.16,14.71,44.1,84.98,0,0,13.84,0,2.67,97.7,65.1,9.38,119514,138750,0.8,673500
Harrison Town School District,3406870,14369,7.08,14.89,7.82,33.8,67.36,0.23,0,12.18,0,43.51,77.1,21.9,31.84,49596,51667,13.3,342300
Harrison Township School District,3406900,12053,9.29,23.45,7.14,35,85.38,7.54,0,3.92,0,4.12,96.5,44.7,2.11,94602,110417,4.9,347400
Hasbrouck Heights Borough School District,3406930,11389,2.92,19.6,13.53,42,86.78,2.79,0,7.37,0.1,14.38,91,38.3,7.69,87806,101232,4,462200
Haworth Borough School District,3406960,3382,3.84,23.8,15.79,44.7,84.09,1.86,0,13.36,0,1.74,97.5,64.8,4.06,134228,147031,1.6,727900
Hawthorne Borough School District,3406990,17909,6.5,16.96,13.41,38.9,89.3,1.71,0,2.96,0,11.9,90.1,31.7,6.71,71684,87128,6.3,423800
Helmetta Borough School District,3407020,1978,4.65,15.98,8.85,37.8,88.88,2.12,0,4.95,0,7.13,91,26.9,4.83,75588,97589,4.7,246700
Henry Hudson Regional School District,3407050,9921,5.2,13.82,14.28,43,91.78,1.96,0.26,4.16,0,5.57,93,41.3,3.79,78058,85000,6.7,357300
Hi-Nella Borough School District,3407080,1027,7.89,13.92,8.76,32.5,66.5,27.07,0,4.38,0,5.65,88.6,19.2,4.02,38333,46250,13.1,176800
High Bridge Borough School District,3407110,3702,6.94,20.69,6.05,36.7,86.82,2.05,0,7.46,0,5.4,98.1,50.4,5.52,80947,103403,1.1,317900
High Point Regional School District,3407140,22455,4.72,20.46,11.08,39.7,96.01,0.55,0.27,1.8,0,4.17,91.3,27.4,1.77,78125,87619,4.5,353200
Highland Park Borough School District,3407170,14107,8.22,13.36,11.02,34.7,73.86,6.08,0.16,14.91,0,7.31,94.7,65.7,13.96,71307,96733,8.7,364400
Highlands Borough School District,3407200,5295,4.57,11.73,13.98,43.7,95.35,0.87,0.25,0.79,0,5.63,94.4,40.2,0.79,73867,78690,9.6,313400
Hillsborough Township School District,3407230,38225,6.39,21.71,8.95,38,83.06,5.63,0.19,8.65,0,8.33,94.7,49.5,7.9,102834,115427,1.7,424400
Hillsdale Borough School District,3407260,9854,6.67,19.73,13.79,41.7,91.68,0.42,0,5.17,0,5.52,97.5,46.5,3.63,121406,131855,1.3,577900
Hillside Township School District,3407290,21229,4.23,18.27,12.01,38.3,30.64,53.13,0.06,3.71,0,17.86,83.2,23.2,19.04,60602,73816,9.6,310100
Ho-Ho-Kus Borough School District,3407320,4010,5.51,22.29,17.21,43.3,90.1,0.32,0,7.86,0,2.32,97.9,66.7,6.91,157656,172582,1.2,787700
Hoboken City School District,3407350,39978,5.2,5.84,5.83,31.5,83.49,3.15,0.07,4.94,0,15.81,92.5,74.4,7.28,105710,130068,9.4,572300
Holland Township School District,3407380,5252,7.08,16.58,15.78,43.1,94.84,0,0,3.58,0,1.24,93.5,37.3,0.33,86641,105078,3,407300
Holmdel Township School District,3407410,16931,4.42,21.36,15.88,43.8,81.21,0.57,0.09,16.29,0,2.17,92.8,55.1,6.98,138263,151103,2.9,648900
Hopatcong Borough School District,3407440,15625,4.72,18.46,8.54,39.6,86.26,5.53,0,4.01,0,9.84,92.2,27.3,4.87,83814,90612,3,296900
Hope Township School District,3407470,1968,6.61,19.21,10.87,41.2,96.04,0.3,0,0.81,0,6.96,92,32.9,1.69,76029,81852,5.8,360200
Hopewell Township School District,3407500,4767,6.82,13.82,21.73,44.6,82.78,5.29,7.24,1.72,0,3.8,86.4,20,1.73,62739,71500,3.6,191400
Hopewell Valley Regional School District,3407530,22348,5.28,21.18,12.38,40.6,88.31,5.18,0.04,5.82,0,2.55,95,60.7,2.9,123438,139089,2.5,477400
Howell Township School District,3407560,51272,6.34,21.61,9.54,37.9,89.66,3.68,0.21,4.24,0,6.63,91.3,35.4,4.47,88709,102276,4.4,369300
Hunterdon Central Regional School District,3407590,52053,5.59,19.93,11.45,41.4,91.51,2.27,0,3.98,0,5.05,95.1,50.8,3.53,110218,127288,3.3,474500
Interlaken Borough School District,3407650,893,3.25,12.43,22.4,51.9,98.88,0,0,0.56,0,1.79,96.2,64.6,1.39,116719,130000,1.7,665900
Irvington Township School District,3407680,56613,8.71,18.99,9.4,32.9,7.71,84.64,0,1.72,0.04,9.5,78.7,13.6,14.16,44096,49940,16.2,238300
Island Heights Borough School District,3407710,1506,2.39,13.41,13.68,45.8,96.95,0.2,0,1.73,0,1.06,92.9,38.1,0.75,81900,100893,4.7,403500
Jackson Township School District,3407740,52497,6.89,20.36,10.86,37.8,88.89,4.74,0.16,2.52,0,7.81,89,26,4.21,82977,92545,4.2,356200
Jamesburg Borough School District,3407770,6348,9.8,13.42,11.66,36.7,84.53,7.59,0,7.55,0,16.41,84.2,23.5,13.41,62348,75085,10.1,323400
Jefferson Township School District,3407800,21538,6.47,20.44,9.28,38.6,88.2,2.87,1.01,5.46,0,5.44,93.9,37,2.64,92686,104907,3.6,375500
Jersey City School District,3407830,239127,7.07,14.97,9.35,33.4,37.42,27.09,0.51,19.06,0.02,27.92,82.9,37.6,19.95,51826,55202,17,358600
Keansburg Borough School District,3407860,10745,6.22,20.46,9.73,34.2,87.41,4.25,0.22,1.06,0,9.42,77.1,10.7,4.21,45659,57644,15.4,224500
Kearny Town School District,3407890,37163,5.28,15.43,10.26,36.8,74.82,4.49,0.28,5.08,0,36.12,78.1,18.3,23.94,58589,68557,9.2,367900
Kenilworth Borough School District,3407920,7617,4.91,18.54,14.57,41.5,85.26,4.61,0,2.3,0,13.51,86,17.4,9.77,68700,80349,3.1,384400
Keyport Borough School District,3407950,7521,2.79,14.63,20.1,42.4,84.66,6.21,0.61,3.47,0,10.44,84,20.5,7.63,55466,76809,8.7,329100
Kingsway Regional School District,3407980,21365,8.78,19.87,10.03,36.2,83.03,8.21,0.05,3.44,0,5.36,90,36.6,5.31,100151,107522,6.5,333500
Kingwood Township School District,3408010,4026,5.49,11.82,15.3,47.3,99.08,0.92,0,0,0,1.71,94.1,40.7,0.89,98791,104276,2.1,438600
Kinnelon Borough School District,3408040,9546,4.99,21.51,9.7,40.8,95.36,0.16,0.1,3.15,0,1.98,99,60.1,2.69,138405,145227,1.5,653800
Kittatinny Regional School District,3408060,14756,4.7,18.96,12.7,42.6,95.38,0.72,0,1.55,0,3.01,94.8,33,1.02,85614,98074,4.2,336200
Knowlton Township School District,3408070,3128,4.8,22.41,14.23,41.1,93.48,0.38,0,0.67,0,5.59,89.8,26.9,0.87,79296,87604,3.9,371000
Lacey Township School District,3408100,26323,7.12,17.79,12.94,38.6,94.65,0.52,0,0.51,0,6.7,91.3,23.4,3.9,73750,84205,3.5,293300
Lafayette Township School District,3408130,2480,5.77,22.98,8.79,39.6,97.34,0,0.69,1.01,0,5.16,94.4,33.5,3.94,89219,93095,5.5,450700
Lakehurst Borough School District,3408160,2698,6.15,21.53,8.67,33.7,84.03,8.01,0,6.3,0,5.19,88,20.8,5.41,64327,66750,4.4,217200
Lakeland Regional School District,3408190,24008,6.47,17.27,12.43,41.2,89,1.97,1.07,3.59,0,6.74,90.6,33.4,3.66,90339,96783,2.6,379500
Lakewood Township School District,3408220,70046,16.22,22.78,15.74,25.7,81.71,9.94,0.15,0.92,0.02,15.39,83.4,22.9,12.73,42618,48514,25,293100
Lambertville City School District,3408250,3781,5.82,7.25,15.9,46.3,86.75,5.4,0,3.33,0,6.98,89,51.2,4.21,73561,97566,7.1,368100
Laurel Springs Borough School District,3408280,2294,8.33,17.74,10.2,34.6,96.21,2.31,0.17,0,0,3.92,89.7,24.7,0.76,62083,78056,12.5,215100
Lavallette Borough School District,3408310,2754,2.29,9.91,36.2,56.5,100,0,0,0,0,0,91.6,29,0.56,60194,65000,4.7,720300
Lawnside Borough School District,3408340,2817,6.89,19.84,13.88,34.9,2.48,93.15,0.5,0.75,0,3.09,89.1,21.7,1.75,52778,53606,16.6,159600
Lawrence Township School District,3408400,31528,6.62,14.6,12.12,36.5,71.11,11.32,0,13.19,0.01,5.43,92.5,54.2,10.29,88082,105988,6.4,346300
Lebanon Borough School District,3408430,1267,5.6,13.73,13.18,42.7,95.11,1.03,0,0.63,0,0.79,96.7,43.9,2.93,69643,96528,4.3,337800
Lebanon Township School District,3408460,6225,7.34,16.45,10.41,41.8,96.93,0.22,0,1.56,0,1.59,94.1,46.4,2.27,97974,124125,5.4,448600
Lenape Regional School District,3408490,138216,5.55,18.13,14.63,41.2,88.89,4.45,0.07,4.48,0.01,2.57,94.5,43.9,2.88,85261,101780,3.1,310300
Lenape Valley Regional School District,3408500,15350,5.45,18.08,10.29,40.7,95.87,2.08,0.08,1.27,0,4.83,93.7,34.6,3.25,87804,98684,2.7,332800
Leonia Borough School District,3408520,8619,5.45,18.88,12.02,42,57.72,2.68,0.22,35.9,0,14.41,93.1,60.4,20.63,68206,92951,7,552100
Lincoln Park Borough School District,3408580,10668,5.44,13.39,16.24,43.8,87.76,2.04,0.22,8.93,0,7.54,89.3,40,10.18,90680,100363,4,373600
Linden City School District,3408610,39173,5.58,16.11,13.27,39.5,60.25,25.04,0.29,2.88,0.14,21.49,85.1,18.3,20.5,56467,65237,7.2,337400
Lindenwold Borough School District,3408640,17377,8.54,14.57,7.59,32.2,45.22,33.14,0.46,2.51,0,21,80.9,17.6,13.23,47180,56070,11,151700
Linwood City School District,3408670,7256,5.55,21.04,14.66,41.1,88.67,1.36,0.17,5.49,0,4.93,93.3,43.4,5.98,83879,103293,2.5,353900
Longport Borough School District,3408671,1161,1.21,11.02,36.43,58.8,97.85,0.34,0,1.21,0,0.95,92.5,53.4,1.74,83000,131250,5.6,676800
Little Egg Harbor Township School District,3408700,20368,6.28,16.57,18.3,42.6,95.99,0.76,0.13,1.01,0,3.55,89.8,18.3,1.68,57176,64327,9.2,262100
Little Falls Township School District,3408730,11622,4.48,11.02,12.93,37.6,91.48,1.82,0.23,3.83,0,6.93,91.3,37,5.5,77791,95345,6.4,386800
Little Ferry Borough School District,3408760,10468,7.04,12.42,12.84,39.3,71.09,1.83,0,20.77,0,25.64,85.1,25.6,23.72,59551,74926,6.4,378900
Little Silver Borough School District,3408790,6160,4.85,25.05,15.55,43.3,95.1,0,0,3.21,0,3.72,98.8,71.6,2.25,149659,162588,1.7,629900
Livingston Township School District,3408820,27597,7.31,20.48,15.38,41.7,81.24,0.78,0.25,16.31,0,2.29,95.5,65.4,7.76,124936,141441,2.5,595000
Lodi Borough School District,3408850,23793,6.14,17.88,14.71,38.5,74.95,4.53,0.28,11.09,0,25.67,81.7,20.2,17.98,54652,65673,13.5,409800
Logan Township School District,3408880,6216,6.24,20.61,5.97,35.4,78.62,15.49,0.1,1.79,0,2.04,93.9,29.7,0.45,88780,100392,4.9,225300
Long Beach Island School District,3408910,7801,2.65,8.68,37.34,59.4,97.94,0,0,0.96,0,1.76,95.9,48.7,1.53,67917,92331,3.8,767400
Long Branch City School District,3408940,32566,7.32,14.11,11.49,35.3,65.98,14,0.56,3.42,0,27.14,80.5,23,25.01,52456,57807,14,390500
Lopatcong Township School District,3409000,8307,5.55,17.37,19.44,42,81.24,8.79,0,2.55,0,7.1,89.9,27.2,2.43,76429,88406,4.1,281400
Lower Alloways Creek Township School District,3409030,1948,4.83,16.94,15.71,42.1,93.69,3.34,0,2.26,0,0.21,82.2,13.1,2.75,65947,68375,2.8,196800
Lower Cape May Regional School District,3409090,25361,3.97,15.84,21,44.8,93.46,3.93,0.14,0.3,0,3.36,86.9,20,2.43,48674,54724,9.5,271100
Pennsville Township School District,3409120,13267,5.59,14.46,15.86,42.9,96.72,0.83,0.11,0.54,0,3.08,89.7,18.5,2.24,59875,73170,5.8,170100
Lower Township School District,3409150,20612,3.72,18.07,19.77,44.1,94.98,2.64,0.16,0.32,0,3.33,86.1,16.5,2.79,49692,55079,10.1,249400
Lumberton Township School District,3409180,12114,7.07,21.92,9.67,37.7,70.07,18.08,0.17,4.69,0,7.65,90.3,35.1,3.72,76631,91185,5.6,336600
Lyndhurst Township School District,3409210,19230,5.54,13.02,16.95,40.4,86.11,1.54,0.22,6.52,0,16.7,88.5,28.1,10.71,70591,83895,4.4,412200
Madison Borough School District,3409240,15872,6.37,17.47,13.34,38.2,88.17,3.28,0.42,5.65,0,6.93,92.4,59.4,6.45,104190,132091,4.9,650400
Old Bridge Township School District,3409270,65036,6.78,17.67,10.92,38.4,77.42,5.8,0.01,13.58,0,9.94,91.2,34.5,10.47,83511,96185,3.6,359700
Magnolia Borough School District,3409300,4354,4.48,15.16,12.33,39.1,81.58,17.09,0,0,0,2.3,89,17.9,3.1,57375,75594,4,176600
Mahwah Township School District,3409330,24108,5.22,15.92,13.29,41,84.65,2.65,1.59,8.12,0,4.57,92,53.9,6.41,98430,111081,1.1,523600
Mainland Regional School District,3409360,26576,6.15,19.7,14.27,41.1,86.07,4.19,0.08,3.29,0,8.89,90.5,29.7,5.8,64454,73411,6.8,297600
Manalapan-Englishtown Regional School District,3409390,40270,5.83,20.4,11.5,40.4,89.23,2.31,0.02,6.04,0.25,5.93,93.2,41.5,5.98,99939,111088,1.8,456900
Manasquan Borough School District,3409420,6270,5.79,16.08,14.48,41.3,99.47,0.53,0,0,0,0,96.4,42.7,1.74,91375,106250,5.3,642200
Manchester Township School District,3409450,41780,2.7,7.59,50.74,65.4,91.65,4.16,0.07,1.91,0,4.55,85.4,15.7,2.54,37397,52213,6.5,159500
Mannington Township School District,3409480,1412,5.24,20.4,17.85,39.8,82.29,13.53,0.5,0.57,0,2.97,88.1,24.2,0.75,62692,81328,8.1,202500
Mansfield Township School District (Burlington County),3409510,7927,3.48,15.84,28.41,48.9,79.45,11.59,0,6.29,0,2.86,91,34,2.44,74209,90000,2.8,322200
Mansfield Township School District (Warren County),3409540,8129,8.54,16.32,11.47,38.1,88.3,2.84,0,6.18,0,7.79,90.8,30.4,8.51,71847,85857,4.9,359200
North Warren Regional School District,3409550,12687,4.7,20.76,13.24,42.3,93.77,2.02,0,1.35,0,3.41,92.7,35.5,1.91,83848,95202,4.8,381400
Mantoloking Borough School District,3409570,403,4.71,3.72,43.18,61.7,100,0,0,0,0,0,100,69.1,0,119250,184167,0,1000000
Mantua Township School District,3409600,15135,4.76,18.98,11.33,39.8,93.32,2.66,0.1,1.61,0.1,2.76,90.6,27.5,1.7,80146,85662,4.6,228100
Manville Borough School District,3409630,10581,6.18,12.82,15.81,37.9,95.88,1.49,0,0.17,0,14.83,84.9,13.8,11.65,54397,61014,6,304400
Maple Shade Township School District,3409660,19251,6.59,12.04,14.1,37.4,79.73,9.43,0,5.28,0,8.55,86.3,21.4,4.47,49860,65305,7.7,211800
Margate City School District,3409690,8525,1.79,11.6,32.22,53.6,98.06,0.7,0,0.72,0,4.38,95.5,46,2.14,67958,91005,8,483500
Marlboro Township School District,3409720,40378,5.58,23.9,10.04,40,78.91,2.06,0,17.35,0.08,3.54,95.5,55,6.69,129158,141546,2.1,517900
Matawan-Aberdeen Regional School District,3409750,27395,6.54,16.25,11.07,38.6,80.81,7.49,0.71,7.14,0,9.93,91.3,34,8.57,76235,92183,5.9,352700
Maurice River Township School District,3409780,8099,1.75,9.42,6.84,37.3,56.6,34.12,0.56,0.14,0,8.47,68.8,9.3,4.89,67481,76544,6.7,167800
Maywood Borough School District,3409810,9176,6.51,13.38,15.71,42.8,77.19,1.82,0,11.98,0,16.36,90.9,37.5,9.43,83065,95600,4.1,402300
Medford Lakes Borough School District,3409840,4130,5.71,24.55,13.9,38.9,96.46,0,0,1.48,0,0,98.4,59.9,0.41,88594,98529,4.2,325200
Medford Township School District,3409870,22950,6.59,19.9,14.44,41.7,94.81,2.17,0,1.74,0,2.85,96.8,53.4,1.59,104338,117882,2.2,400800
Mendham Borough School District,3409900,5077,7.27,24.13,16.68,40.9,98.25,0.28,0,0.67,0,1.48,93.9,69,1.15,129500,162361,2.9,721300
Mendham Township School District,3409930,5516,4.7,25.15,9.57,42.3,90.41,0,0,4.55,0,6.35,97.6,71.2,6.03,183085,193000,3.5,941000
Merchantville Borough School District,3409960,3779,8.02,12.83,15.11,38.6,84.52,8.86,0,5.19,0,8.47,89.5,45.6,4.23,70068,88571,7.6,255500
Metuchen Borough School District,3409990,13070,6.55,19.35,12.57,40,81.61,4.88,0,11.63,0,5.74,95,54.7,5.3,88864,122722,2.6,414300
Middle Township School District,3410020,16409,7.14,15.66,16.69,42.5,84.35,11.02,0.62,0.35,0,6.79,85.6,21.9,1.92,59660,63267,5.9,268300
Middlesex Borough School District,3410050,13604,5.99,16.43,14.75,42.3,86.09,4.34,0,5.37,0,12.48,88.7,30.1,9.59,79132,88787,2.4,344800
Middletown Township School District,3410110,66574,6.29,18.7,13.7,41.3,93.09,2.06,0.14,2.26,0.02,4.69,93.5,38.4,2.51,94665,111107,3.7,439300
Midland Park Borough School District,3410140,6762,8.18,16.61,14.73,40.7,89.37,1.86,0,3.8,0,5.89,95.7,44.9,3.54,86920,97021,3.5,496600
Milford Borough School District,3410170,1313,6.02,14.85,14.09,41.8,96.34,1.45,0,0,0,1.6,94.5,31.9,0.57,74013,79318,2.4,276000
Millburn Township School District,3410200,18694,6.18,25.99,11.16,39.9,85.72,1.24,0,10.48,0,4.03,96.4,78.7,4.99,169678,202365,1.5,917400
Millstone Township School District,3410230,10188,6.76,22.45,5.95,40.8,89.07,4.22,0,4.55,0,2.68,95,43.7,4.86,123846,124880,0.6,623300
Millstone Borough School District,3410260,433,4.16,19.17,15.47,41.9,94,0,0,1.85,0,2.31,92.3,39.3,3.61,95625,95938,0,429800
Milltown Borough School District,3410290,6952,5.38,15.88,15.59,38.8,93.86,0,0,5.58,0,5.71,93.9,28.6,2.57,92804,106133,2.5,355100
Millville City School District,3410320,28397,6.64,20.03,12.39,35.9,72.01,19.32,0.62,1.14,0,13.89,79.9,13.9,4.3,47244,55255,20.9,168000
Mine Hill Township School District,3410350,3598,9.39,12.45,11.56,40.1,94.83,0,0,3.64,0,20.12,87,31.5,17.48,100111,107813,1.5,356100
Monmouth Beach Borough School District,3410380,3601,5.5,13.97,18.94,46.2,95.97,0.22,0,0.53,0.56,6.58,95.5,54.7,0.56,103750,128670,1.3,549700
Monmouth Regional School District,3410440,34626,5.9,16.74,16.03,40.8,75.31,13.07,0.15,5.45,0,9.08,92,39.6,6.78,71250,90467,6.3,359200
Monroe Township School District (Gloucester County),3410470,32464,6.13,20.11,13.99,38.3,81.56,12.14,0.02,2.75,0.13,2.5,85.5,20.6,2.42,65911,81763,7.6,219800
Monroe Township School District (Middlesex County),3410500,35598,4.53,14.21,36.79,53.2,86.48,2.55,0.2,9.28,0,3.88,92.6,36.8,5.36,72452,98194,3.7,343000
Montague Township School District,3410530,3862,5.08,21.52,9.79,37.3,94.1,0,0,0.8,0,7.61,85.2,9.6,2.65,62736,64043,10.7,257100
Montclair Town School District,3410560,36945,6.76,19.92,10.78,38.8,64.86,26.76,0.06,3.72,0.06,5.38,94.8,64.1,3.13,92873,121464,7,606800
Montgomery Township School District,3410590,22785,6.03,24.82,8.45,39.2,74.66,3.9,0.25,20.06,0,2.32,97.1,75.2,6.3,145827,168607,1.8,615100
Montvale Borough School District,3410620,7353,5.52,21.86,13.16,42.2,82.43,2.18,0,12.17,0,4.16,97.6,53.6,6.06,109921,136413,5.4,666400
Montville Township School District,3410650,21077,6.22,20.37,13.17,41.4,79.93,1.06,0.1,16.09,0,4.36,97.1,58.2,7.43,118750,133930,2.1,638300
Moonachie Borough School District,3410680,2765,5.28,16.6,15.77,46.3,83.94,2.5,0.98,6.29,0,19.64,82,20.2,11.3,50286,67115,8.1,309400
Moorestown Township School District,3410710,19646,5.49,22.95,15.08,42.1,87.07,5.49,0,5.2,0,1.84,95.1,57.1,1.67,108995,128811,2.7,500900
Morris Hills Regional School District,3410740,54119,5.56,18.65,13.45,40.7,85.47,2.89,0.36,6.6,0,12.47,93.4,42.4,9.22,93059,107354,2.1,393700
Morris Plains Borough School District,3410770,5889,8.39,15.49,17.98,42.1,93.87,2.29,0,2,0,4.36,94.1,52.1,2.3,101848,127100,0.3,496000
Morris Township School District,3410810,39854,5.68,15.83,14.52,40.4,78.23,10.56,0.12,4.48,1.1,18.34,89.5,53.1,11.72,89439,116127,6,507500
Mount Arlington Borough School District,3410860,5595,5.33,14.17,14.37,43.3,89.99,4.72,0,3.57,0,3.27,95.3,41,4.42,85049,95823,2.2,352600
Mount Ephraim Borough School District,3410890,4415,5.75,14.88,11.89,38.8,96.33,2.76,0,0.16,0,1.36,86.7,18,0.82,58771,72992,12.4,184600
Mount Holly Township School District,3410920,10389,5.14,18.56,9.3,36.4,63.26,26.19,0.14,2.62,0,7.86,86.5,21.5,4.62,51261,67975,11.9,209500
Mount Laurel Township School District,3410950,39658,4.74,16.95,15.96,41,80.44,9.46,0,7.24,0,3.37,94.1,45.9,3.2,80457,96396,3.4,261600
Mount Olive Township School District,3410980,25802,7.69,20.35,7.95,36.6,82.06,6.27,0,5.07,0.24,13.53,94.7,42.7,6.02,74809,98728,4.7,421000
Mountain Lakes Borough School District,3411010,4272,4.54,32.12,10.44,39.8,87.41,0.49,0,10.81,0,0,100,80.8,3.78,181938,204861,2.6,904700
Mountainside Borough School District,3411040,6541,8.04,17.09,24.68,47.7,92.42,4.56,1.15,1.88,0,8.78,93.1,49.6,2.79,126287,150208,1.5,633000
Mullica Township School District,3411070,6046,7.06,19.81,8.87,34.9,77.06,7.74,0,1.84,0,18.03,82.4,17.4,9.29,55824,63925,6.2,221500
National Park Borough School District,3411100,3228,5.86,17.13,11.28,38.3,94.95,1.46,0.68,2.7,0,0.56,82.7,12.6,1.12,68750,73309,4.4,170200
Neptune City School District,3411130,5162,4.3,15.05,15.25,41.4,77.31,10.31,0,5.39,0,8.37,87.5,24.7,5.28,58413,72016,5.1,285300
Neptune Township School District,3411160,28416,6.35,16.83,15.97,40.8,53.55,37.47,0.04,2.82,0.05,7.96,85.9,30.4,4.02,58178,78965,10.4,334700
Netcong Borough School District,3411190,3241,2.75,14.59,16.54,43.5,88.77,7.74,0,0.28,0,10.49,87.8,19.6,7.68,63893,69873,5.4,312900
New Brunswick City School District,3411220,50326,7.63,14.92,5.23,24.5,45.65,16.77,0.07,6.75,0.02,47.89,67.6,23,31.37,45645,44225,25.6,285600
New Hanover Township School District,3411250,5387,2.93,6.09,2.97,36.9,48.82,33.3,1.32,2.82,0,23.39,75.7,10.1,14.53,75729,86513,7.7,292900
New Milford Borough School District,3411280,15926,6.47,15.59,15.36,41.3,69.33,5.1,0,21.24,0,11.71,92.2,39.9,11.33,73729,96132,4.5,447100
New Providence Borough School District,3411310,11797,8.19,19.47,13.04,39.3,89.23,1.09,0,8.29,0,4.8,96.8,65.4,4.57,111858,142939,4.1,590700
Newark City School District,3411340,276555,7.98,18.3,9.19,32.3,26.5,51.93,0.45,1.61,0.03,31.79,66.9,11.8,24.36,35520,41361,24.3,289400
Newfield Elementary School District,3411370,1617,6.43,17.87,11.87,39.3,96.47,0.93,0,0.43,0,5.88,90.4,20.9,1.45,60529,66477,6.7,201100
Newton Town School District,3411400,8205,6.3,17.38,14.86,40.3,88.45,6.34,0.12,3.12,0,4.81,87.2,21,5.12,44109,75561,10.6,259100
North Arlington Borough School District,3411430,14727,4.54,11.83,20.18,43.3,85.48,2.43,0,8.11,0,20.78,86.3,29,16.64,71914,89418,4,388800
North Bergen Township School District,3411460,55715,6.98,14.71,14.25,36.3,72.23,2.91,0.25,6.76,0.07,65.59,75.7,23.1,33.64,51497,59633,10.9,385400
North Brunswick Township School District,3411490,39333,7.16,14.92,9.38,36,47.63,18.16,0.08,22.13,0,14.89,89.1,42.5,12.56,78405,92630,7.3,337000
North Caldwell Borough School District,3411520,7086,3.36,22.1,15.11,44.6,93.45,0.31,0,4.28,0,3.23,96.6,64.8,2.44,162422,179773,0.9,742100
North Haledon Borough School District,3411550,8863,6.21,15.13,17.97,41.5,92.95,0.72,0,2.62,0,5.44,93.7,40,3.63,97500,102405,3.2,499600
North Hanover Township School District,3411580,11917,11.58,18.65,5.02,29.7,83.44,8.15,0.08,1,0,5,90.3,22.1,1.62,64003,64500,5.2,315400
North Hunterdon-Voorhees Regional School District,3411610,52335,5.19,19.88,10.27,41.3,89.17,3.98,0.22,3.05,0.03,4,92.8,48.1,2.9,104091,123722,3.7,453700
North Plainfield Borough School District,3411640,21315,8.2,16.85,8.99,35.1,57.7,18.56,0,2.69,0,43.55,82.7,23.6,27.72,64492,68000,5.8,307300
North Wildwood City School District,3411670,4812,4.05,9.54,30.57,55.4,98.86,0,0,0.79,0,1.66,86.8,13.1,4.57,44918,57095,10.3,387000
Northern Burlington Regional School District,3411700,30316,6.71,15.96,11.78,33.6,76.6,14.39,0.14,3.04,0,6.07,89,29.2,2.29,76068,84087,3.7,357500
Northern Highlands Regional School District,3411730,14986,6.2,24.1,14.77,42.8,85.05,0.74,0,11.14,0,3.04,96.9,62.9,3.4,141025,153602,1.3,858900
Northern Valley Regional School District,3411760,38574,4.42,22.77,14.54,42.3,74.48,1.1,0,23.25,0,3.63,94.7,55.2,11.78,113932,125800,3,680500
Northfield City School District,3411790,7911,5.37,21.11,16.95,40.8,89.22,0.99,0.11,1.61,0,9.71,91.4,28.7,5.04,68913,73203,5,278600
Northvale Borough School District,3411820,4593,4.9,20.23,14.98,40,72.15,0.39,0,25.95,0,6.53,94.8,34.5,15.8,88750,97135,3.7,524100
Norwood Borough School District,3411850,6158,3.65,22.49,18.67,43.1,69.62,1.71,0,27.82,0,0.7,88.3,50.8,15.54,93640,101103,2.1,662300
Nutley Town School District,3411880,26355,6,16.03,14.77,39.4,83.05,2.2,0,9.05,0,9,91,41.3,8.1,76994,98135,2.8,413500
Oakland Borough School District,3411910,13282,6.62,18.75,12.69,39.9,90.8,0.35,0.16,6.57,0,3.95,95,47.7,3.97,110479,115096,1.7,503300
Oaklyn Borough School District,3411940,4071,6.12,13.85,15.6,38.7,96.76,1.08,0,1.08,0,3.32,92.1,27.3,2.67,60704,92090,3.6,204900
Ocean City School District,3411970,14967,2.81,12.92,27.93,51,94.85,2.89,0.04,0.19,0,1.68,92.1,42.8,1.68,57597,83810,7.6,625800
Ocean Gate Borough School District,3412030,1886,7.37,13.89,11.03,36.3,100,0,0,0,0,5.36,95.5,20,0,64028,78194,6.9,268000
Ocean Township School District,3412060,28301,7.18,18.16,13.72,41,81.64,8.33,0.17,7.35,0,6.22,93.6,44.3,8.08,79494,96373,5.8,448200
Oceanport Borough School District,3412120,5780,5.48,15.5,14.71,40.2,87.39,5.95,0,5.42,0,1.75,93.8,49.9,2.31,91979,112000,4.1,486900
Ogdensburg Borough School District,3412150,2572,6.53,21.77,9.88,37.4,93.16,1.91,0,2.53,0,9.53,88.1,20.7,3.66,80648,84038,6.3,286200
Old Tappan Borough School District,3412180,5943,4.83,21.39,13.63,43.5,78.43,0.15,0,19.72,0,3.45,97.4,58,8.27,120625,157159,2.1,781600
Oldmans Township School District,3412210,1916,4.65,18.42,14.72,39.2,91.18,7.99,0,0,0,5.43,83.3,16.3,3.01,65660,66280,5.6,193500
Oradell Borough School District,3412240,7790,3.04,21.34,17.75,44.5,87.98,0.6,0,9.63,0,2.95,93.8,53.7,6.99,119365,142468,1.7,628500
River Dell Regional School District,3412260,18434,3.9,20.55,15.49,42.6,80.3,0.42,0,16.58,0,6.74,93.7,53.3,9.37,102053,117458,3.2,545100
Orange City Township School District,3412270,31165,8.88,15.29,9.88,33.6,9.72,72.96,0.91,0.8,0,19.73,77.1,16.6,19.85,40981,48873,16.5,279400
Oxford Township School District,3412300,2598,7.58,17.94,10.82,39.7,93.3,1.31,0,0.65,0,10.74,85.8,23.6,3.42,65469,81196,4.5,231000
Palisades Park Borough School District,3412360,19037,5.41,9.92,11.47,38.8,38.86,1.21,0,54.06,0,16.4,84.2,42.3,44.7,62303,72184,12.5,556300
Palmyra Borough School District,3412390,7438,7.31,12.76,14.05,40.9,82.99,11.91,0.27,1.73,0,4.58,92.3,27.2,4,61844,73438,6.1,195400
Paramus Borough School District,3412420,26055,3.36,18.9,21.37,44.6,74.78,1.61,0,21.27,0,6.61,91.4,44.5,12.23,102847,122527,3.9,586400
Park Ridge Borough School District,3412450,8833,5.75,18.42,17.55,43.4,94.17,0.55,0,2.9,0,8.14,95.9,48.8,6.82,101583,116183,1.2,585300
Parsippany-Troy Hills Township School District,3412480,50508,5.93,14.47,12.68,40.5,66.64,2.6,0,26.98,0,7.93,91.3,47.5,16.77,84487,103222,3.4,442600
Pascack Valley Regional School District,3412510,32661,5.83,20.8,14.49,42.4,87.31,1.63,0,7.82,0,4.66,97.2,53.6,4.58,119917,136355,2.5,641100
Passaic City School District,3412540,66757,11.41,21.06,8.26,29.8,32.57,9.49,0.31,5.26,0,68.33,63,16.3,41.87,31022,34131,27.7,359500
Passaic Valley Regional School District,3412570,33613,3.76,12.93,16.97,41.7,84.5,2.99,0.35,4.86,0,13.41,88.3,28.9,10.92,69292,82656,8.7,401500
Passaic County Manchester Regional School District,3412600,22860,6.29,18.98,12.65,36.1,73.32,8.9,0.33,3.7,0,29.59,81.7,27.9,15.69,77556,84456,6,417400
Long Hill Township School District,3412660,8629,5.39,21.34,14.29,43.1,91.27,0.59,0,6.57,0,9.57,90.1,53.9,9.53,116905,135731,3.2,560600
Paterson City School District,3412690,145744,9.21,19.21,9.24,31.8,30.34,31.04,0.19,2.17,0.04,54.66,69.7,9.4,30.35,33858,39093,26.1,332600
Paulsboro Borough School District,3412720,6085,3.06,23.22,11.59,38.2,64.59,33.21,0,0,0,3.01,80.7,12.6,3.19,46897,61184,15.6,145100
Pemberton Borough School District,3412780,1369,4.82,9.28,7.23,37,72.17,22.13,0,1.46,0,7.23,84.2,16.9,2.46,63750,74250,5.5,230100
Pemberton Township School District,3412810,28340,6.07,17.25,11.82,36.2,66.19,21.42,0.24,2.81,0,10.01,86.1,14.1,3.5,63219,73340,9.3,188600
Penns Grove-Carneys Point Regional School District,3412840,12628,8.2,17.79,12.33,35.2,69.73,22.11,0.29,1.22,0,12.71,80.8,13,5.54,45805,54467,15.4,151400
Pennsauken Township School District,3412870,35160,5.87,18.85,12.84,36.6,50.98,26.27,0.14,8.71,0,18.98,80.9,20.1,12.35,59589,68902,9,181000
Pequannock Township School District,3412900,16423,4.99,18.9,15.65,41.2,96.35,0.37,0,1.99,0,4.05,93.5,42.8,1.57,88668,117661,2.9,464800
Perth Amboy City School District,3412930,48343,7.95,19.31,9.48,32,58.3,8.71,0.22,1.05,0,76.4,67.5,13.4,35.06,47782,52551,17.9,319300
Phillipsburg Town School District,3412960,14580,7.51,18.67,12.02,36.6,88.97,6.1,0.12,1.85,0,6.48,78.5,13.1,2.95,43125,51851,16.3,181900
Pine Hill Borough School District,3412990,11291,6.5,17.57,6.35,34.4,70.69,22.92,0,2.05,0,7.27,86.6,15,1.14,53799,67366,11.3,162600
Pinelands Regional School District,3413000,27116,5.96,16.75,17.15,42,96.36,0.61,0.1,0.95,0,3.79,88.8,19.4,2.02,57150,64613,8.6,261000
Pine Valley Borough School District,3413020,17,0,0,100,69.3,100,0,0,0,0,0,100,41.2,0,79167,79167,0,233300
Piscataway Township School District,3413050,52112,5.18,15.54,8.24,32.6,41.33,24.12,0.28,28.36,0.18,10.64,92.9,45,13.15,85157,92266,5,362300
Pitman Borough School District,3413080,9233,6.36,17.61,12.01,38.6,96.49,1.43,0.04,0.29,0,1.65,88.5,33.9,0.9,66647,87097,7.7,214000
Pittsgrove Township School District,3413110,9446,5.15,18.11,10.85,40.2,86.48,11.47,0.43,0,0,3.71,86.3,21.4,0.76,73508,81056,6.5,228900
Plainfield City School District,3413140,46358,7.83,17.84,9.35,34.2,19.54,53.84,0.27,1.71,0.32,32.62,76.3,20.9,23.43,50102,59513,16.1,308400
Pleasantville City School District,3413200,18829,7.22,19.71,15.76,37.1,26.59,45.94,0.23,2.72,0,30.44,71.7,13.1,18.65,39806,48938,16.8,182100
Plumsted Township School District,3413230,8188,6.3,22.89,8.18,39.3,94.1,2.74,0,1.18,0,5.26,89.1,24.2,1.81,77788,89383,5.8,350900
Pohatcong Township School District,3413260,3338,5.36,18.09,12.76,41.1,92.87,3.54,0,3.33,0,3.71,88.6,21,2.94,70577,88962,4.8,259700
Point Pleasant Borough School District,3413290,20022,6.03,17.18,12.75,41.1,97.7,0.21,0.02,0.62,0,2.51,95.3,34.1,0.62,75737,90372,3.2,382500
Point Pleasant Beach Borough School District,3413320,5406,0.7,18.98,15.83,44.7,89.53,0.72,0,0.55,0,8.42,94.3,41.1,4.02,55946,60714,4.5,601200
Pompton Lakes Borough School District,3413350,11005,6.69,20.2,10.68,36.1,89.82,2.08,0,5.44,0,9.88,91.9,30.3,3.97,89022,96250,1.8,366000
Port Republic City School District,3413380,996,6.33,18.37,10.24,45.3,94.68,0.3,1.1,2.21,0,1.1,95.4,36.5,0.86,82917,97500,3.3,334800
Princeton Regional School District,3413410,30732,4.66,15.07,14.76,37.2,78.37,4.71,0.09,12.72,0,5.05,94.9,77.7,8.4,106119,154630,7.2,714100
Prospect Park Borough School District,3413470,5601,5.61,23.14,6.91,31.8,58.67,17.91,0.84,3.77,0,41.37,76.9,16,21.45,67689,69239,10.2,333000
Quinton Township School District,3413500,2840,6.27,16.9,17.61,40.8,84.3,11.73,0,0,0,4.37,83.2,9.9,1.24,63006,70433,6,172000
Rahway City School District,3413530,27941,5.38,16.52,13.4,38.6,53.35,28.61,0.1,2.9,0,20.88,85.2,20.6,12.58,61751,82571,6.7,326300
Ramapo-Indian Hill Regional School District,3413560,41475,5.98,20.77,13.9,41.9,91.53,0.18,0.05,6.87,0,4,95.8,57.2,4.63,130300,141250,2.1,699400
Ramsey Borough School District,3413590,14496,7.03,20.23,12.73,41.1,90.16,0.81,0,6.01,0,4.93,96.5,62.1,4.69,118037,135000,3.7,594400
Rancocas Valley Regional School District,3413620,43712,6.14,20.54,9.64,37.6,71.34,17.58,0.1,4.8,0,7.02,91,32.2,3.73,73522,88641,5.7,277100
Randolph Township School District,3413650,25219,5.63,21.08,8.38,38.6,83.47,1.48,0,11.78,0,6.27,96.5,63.6,6.32,124183,147500,1.8,590200
Hazlet Township School District,3413680,21072,5,18.31,14.42,41.4,90.87,0.17,0.1,3.98,0,8.76,89.3,24.2,3.62,85545,98727,3.2,346700
Readington Township School District,3413710,16149,5.64,19.4,11.15,41.7,94.72,1.53,0,3.33,0,4.54,96,52.2,2.43,118465,134288,1.8,511600
Red Bank Borough School District,3413740,11922,6.15,12.44,14.66,37.2,69.22,15.76,2.06,2.36,0,26.91,86.1,37.4,20.07,62122,78119,16.3,403900
Red Bank Regional School District,3413750,21847,6.04,17.16,16.05,40,80.52,9.49,1.17,2.48,0,16.88,90.4,48.7,12.13,83246,112554,9.5,499800
Ridgefield Borough School District,3413770,10812,6.25,19.51,13.93,38.9,67.46,0.23,0,25.87,0,22.96,88.7,36.6,17.91,66272,76138,5,566300
Ridgefield Park Township School District,3413800,12407,5.19,17.15,12.95,39.7,67.12,2.96,0.08,11.2,0.22,38.6,88.3,32.8,20.56,62433,74291,6.4,379100
Ridgewood Village School District,3413830,24181,7.85,22.74,12.4,40,81.98,0.78,0.09,14.37,0,5.98,96.6,72.5,7.31,138827,164601,3.3,704200
Ringwood Borough School District,3413860,12600,7.08,20.15,9.29,39,91.01,2.67,2.04,1.06,0,4.28,94.3,39.4,1.61,101039,111133,2.5,390400
River Edge Borough School District,3413890,10644,4.53,19.98,13.84,41.5,74.67,0.29,0,21.66,0,9.51,93.6,53,11.14,91829,105351,4.3,485000
River Vale Township School District,3413950,9589,5.24,19.77,16.62,43.1,88.12,0.57,0,8.03,0,3.1,96.1,55.9,5.1,113734,130924,2.1,636400
Riverdale Borough School District,3413980,2924,3.42,10.77,36.35,50.8,95.49,0,0,1.4,0,6.02,93.6,28.8,4.28,60842,97784,3,362800
Riverside Township School District,3414010,7798,9.81,12.72,10.95,35.8,87.33,4.51,0,0,0,7.82,82.7,14.1,11.08,59345,66481,8,184000
Riverton Borough School District,3414040,2675,8.71,12.37,14.99,43.2,96.15,2.21,0,0.82,0,0,97.2,52.4,1.52,90223,104542,4.2,317700
Rochelle Park Township School District,3414070,5957,2.79,19.74,18.89,42.4,83.97,6.4,0,5.07,0,15.53,92.1,28.6,6.68,61613,81056,1.3,428900
Rockaway Borough School District,3414100,6288,3.24,18.97,12.98,39.5,86.37,1.46,0,8.86,0,11.99,91.6,31.2,10.98,77292,104942,4.1,375900
Rockaway Township School District,3414130,25313,5.18,18.52,13.26,40.9,86.69,2.34,0.36,7.35,0,11.39,93.9,42.4,8.8,94754,108225,1.2,382900
Rockleigh Borough School District,3414160,603,5.97,16.58,40.96,57.3,93.86,0,0,1.66,0,12.6,86.6,23.9,12.35,135833,136771,3,1000000
Rocky Hill Borough School District,3414190,671,5.37,16.24,22.21,45.5,91.36,2.38,0,1.49,0,3.28,99.4,70.7,0.47,97656,112083,2.8,460200
Roosevelt Borough School District,3414220,950,4.32,20.53,12.32,40.2,86,3.16,0,0,0,8.84,95.2,39.3,1.65,87105,95682,3.3,281900
Roseland Borough School District,3414250,5329,8.24,17.43,17.88,42.2,87.75,1.24,0,9.63,0,5.24,95.2,58.3,5.24,100560,111250,1.6,585400
Roselle Borough School District,3414280,20666,7.06,15.29,9.81,37.5,24.88,55.55,0,5.69,0.17,21.96,87.4,22.2,20.92,60558,69922,6.3,291700
Roselle Park Borough School District,3414310,12821,7.56,14.49,13.22,37.5,68.02,3.63,0.34,12.21,0,27.46,85.1,27,22.67,57931,74196,5.2,343100
Roxbury Township School District,3414340,23247,6.74,19.73,11.29,38.5,85.92,4.03,0,5.64,0,8.95,93.8,40.3,6.05,97705,111784,3.6,405800
Rumson Borough School District,3414370,7267,7,24.15,11.6,41.9,97.84,0,0,0,0,1.4,98,60.2,0.7,131875,149750,4.5,1000000
Rumson-Fair Haven Regional School District,3414400,13212,7.71,24.22,10.82,40.5,97.34,1.09,0.15,0.19,0,1.45,98.5,62.5,0.86,119911,132924,3.7,817000
Runnemede Borough School District,3414430,8446,6.7,15.66,14.71,40.2,90.28,4.59,0,1.55,0,4.95,82.5,19.7,5.48,54323,61678,7.6,171800
Rutherford Borough School District,3414460,17506,6.67,14.18,12.29,39.4,80.01,2.64,0,11.72,0.17,14.45,94.6,47.5,8.15,86423,107128,4.1,460300
Saddle Brook Township School District,3414490,13576,7.29,13.09,16.29,40.3,88.63,0.86,0,5.1,0,10.6,88.8,29,6.01,83396,94947,3.3,443000
Saddle River Borough School District,3414520,3747,4.67,16.25,22.66,48.5,91.06,1.55,0.4,6.99,0,4.32,99.2,64.7,3.39,112380,169886,4.8,1000000
Salem City School District,3414550,5723,6.13,22.02,15.39,34.6,30.16,64.9,0.21,0,0.42,5.54,72,7,3.16,28397,41094,29.3,121200
Sandyston-Walpack Township School District,3414610,1956,3.43,14.16,21.63,47.2,97.49,0,0,0,0,2.3,94.9,26.8,0.58,58148,74583,2.5,324500
Sayreville Borough School District,3414640,42104,6.57,14.93,13.66,38.3,73.42,9.95,0.33,12.88,0.04,11.09,89.2,29.9,11.76,72213,85173,6,345700
Scotch Plains-Fanwood Regional School District,3414670,29902,7.66,18.46,13.81,39.7,83.48,6.77,0.03,6.85,0.02,5.18,95,55.8,4.77,103556,121230,2.9,484900
Sea Bright Borough School District,3414700,1586,3.72,8.13,18.66,47.3,90.23,0.5,0,4.67,0,7,97.1,59.4,4.45,78409,111167,4,735300
Sea Girt Borough School District,3414730,2051,5.46,14.29,24.96,52.2,98.83,0,0,1.17,0,1.66,97.9,66.5,0.46,93661,142321,4.2,1000000
Sea Isle City School District,3414760,2932,2.66,7.2,35.68,59.2,99.49,0,0.51,0,0,4.98,90.9,29.2,0.95,53859,78382,9.7,642700
Seaside Heights Borough School District,3414790,3295,4.49,12.81,8.25,38.8,84.46,0.82,1.24,0,0,15.6,75.6,13.3,7.75,32426,37772,34.2,298700
Seaside Park Borough School District,3414820,2339,8.21,10.43,23.56,43.4,94.66,5.13,0.21,0,0,3.38,94.4,31.2,1.68,39886,63750,22.6,605300
Secaucus Town School District,3414850,15408,4.13,14.75,16.26,41.4,76.71,2.8,0,15.23,0,13.19,86,37.9,10.08,81944,93197,5.8,448000
Shamong Township School District,3414880,6768,6.8,21.13,7.86,39.1,95.95,0.96,0.43,0.47,0,0.99,92.9,39,0.63,102366,109420,3.7,360900
Shiloh Borough School District,3414910,554,12.27,16.25,9.39,31.8,96.57,1.26,0.54,0,0,12.82,83.7,16.8,5.76,49306,60859,7.8,174400
Shore Regional School District,3414940,19345,4.33,16.84,16.53,42.1,92.54,2.55,0,3.15,0.1,5.63,92.3,46.5,3.8,88931,112215,5,490600
Shrewsbury Borough School District,3414970,3765,7.65,19.23,21.25,43.6,92.43,5.15,0.27,1.67,0,6.67,91.8,50.5,3.19,104063,119313,0.7,570800
Somerdale Borough School District,3415000,5115,6.55,11.69,13.12,39.2,70.77,16.79,0.12,4.48,0,13.08,88.8,21,6.86,65975,78910,4.8,175600
Somers Point City School District,3415030,11409,7.06,17.87,12.17,41.5,82.24,8.2,0,3.06,0,10.83,88.2,21.7,6.22,49620,61861,10.8,281600
Somerville Borough School District,3415090,12503,5.97,15.3,11.66,35.8,75.46,8.13,0.18,6.97,0,21.83,84.2,32.6,16.15,68559,80102,7.3,330700
South Amboy City School District,3415120,7768,5.02,16.59,12.01,37.8,89.29,3.14,0,2.15,0,14.08,83.9,13.7,8.47,54375,66845,8.4,289300
Lake Como Borough School District,3415150,1861,5.53,13.81,11.07,37.2,88.98,1.77,0.43,0,0,11.55,89.9,38.2,3.98,77813,90000,3.5,388600
South Bound Brook Borough School District,3415180,4785,6,13.67,9.38,36.8,80.56,8.82,0,6.27,0.19,24.14,85.1,25,13.03,70034,77357,4.1,299600
South Brunswick Township School District,3415210,40485,5.76,23.71,8.43,37.2,57.21,6.97,0.16,31.83,0,5.49,94.9,55.1,10.9,100969,115846,3.3,415400
South Hackensack Township School District,3415240,2428,3.09,17.79,14.46,38.1,85.09,2.88,0,6.26,0,18.66,81.9,25.8,14.62,64522,69500,8,468800
South Harrison Township School District,3415270,3052,4.36,18.25,7.8,36.5,84.31,2.59,0,1.25,0,17.5,84.5,31.4,17.57,119931,120917,14,356200
South Hunterdon Regional School District,3415300,7260,5.32,11.32,16.39,46.1,89.88,3.36,0.12,3.14,0,4.17,90.5,48.3,3.03,80169,100975,5.2,381900
South Orange-Maplewood School District,3415330,38897,8.12,17.69,10.34,36.9,62.08,29.93,0.22,3.43,0,5.4,95,64.2,4.49,107111,126957,5.1,488300
South Plainfield Borough School District,3415360,22569,6.61,15.75,14.07,39.4,68.7,12.12,0.07,11.89,0,12.13,87.9,27.4,10.26,89573,96537,4.4,345800
South River Borough School District,3415390,15662,6.38,16.68,11.42,36.8,73.18,10.77,1.09,3.1,0,14.21,80.3,22.9,20.75,63590,74074,5.2,336600
Southampton Township School District,3415420,10882,3.66,12.07,31.45,54.4,91.11,2.04,0.6,3.72,0,2.15,89.8,21.7,2.54,52604,70347,4.6,220600
Delsea Regional High School School District,3415450,20950,4.42,17.61,10.11,39.2,89.51,6.54,0.06,0.6,0.08,3.79,87,19.7,2.08,74902,80743,8.4,231400
Southern Regional School District,3415480,35692,4.31,15.44,24.6,48.4,96.47,0.57,0.08,1.14,0,3.73,91.9,32.8,1.73,68323,82253,3.9,405600
Sparta Township School District,3415510,19144,7.52,20.9,10.31,41.4,94.45,0.5,0.37,2.23,0,5.63,96.2,51.4,2.23,107562,119380,2.9,428100
Spotswood Borough School District,3415540,8120,6.87,17.94,18.44,39.8,93.12,1.72,0,2.94,0,7.64,84.7,18.1,3.85,64736,89196,4.4,317100
Spring Lake Borough School District,3415570,3529,6.72,14.37,29.19,56.8,95.44,0,0,4.56,0,0,98.7,64.6,1.97,107636,151458,2.8,1000000
Spring Lake Heights Borough School District,3415600,5154,3.86,12.24,23.85,50.7,95.79,1.2,0,1.38,0,2.56,95.3,44.5,2.91,73878,101976,4.5,517800
Springfield Township School District,3415630,14689,6.52,15.47,18.62,43.2,84.96,4.69,0,5.76,0.12,9.31,94.7,51.6,8.79,87913,111808,2.4,465500
Stafford Township School District,3415690,26248,4.88,17.86,20.59,44.8,96.03,0.78,0.04,1.11,0,4.22,90.2,26,1.63,68141,79578,3.8,348800
Stanhope Borough School District,3415720,3596,5.92,17.41,9.45,39.2,98.53,1.39,0,0,0,2.2,93.4,25.5,1.36,73024,89527,1.8,305500
Stillwater Township School District,3415750,4331,6.79,18.19,10.09,39.3,95.31,0,0,0.18,0,4.5,95.2,32,0.79,81926,101134,6.3,322700
Stockton Borough School District,3415780,558,5.73,10.75,22.22,47.8,97.31,0,1.61,1.08,0,2.15,93.3,44,2.66,56667,76563,4.8,356600
Stone Harbor Borough School District,3415810,956,1.99,8.79,40.48,62.5,97.49,0,0,2.09,0,0.31,95.3,56.4,1.6,68188,89063,6.5,1000000
Stow Creek Township School District,3415840,1631,4.05,19.74,14.16,42.9,94.18,2.02,0.18,0,0,5.09,93.5,24.3,1.85,69375,81000,8.4,209900
Stratford Borough School District,3415870,7088,3.95,19.31,14.86,41.1,85.28,8.15,0.27,3.68,0,2.26,91.2,28.1,3.03,62232,86510,6.5,213700
Summit City School District,3415900,20657,8.55,20.4,12.41,37.9,84.33,6.89,0,4.44,0,15.12,93.7,61,10.85,111989,144338,5.7,748500
Sussex-Wantage Regional School District,3415960,13387,4.86,21.25,10.42,39,95.28,0.4,0.07,2.58,0,5.54,90.8,26,1.99,71012,80690,5.3,341600
Swedesboro-Woolwich School District,3415990,11034,11.51,21.83,7.3,33.4,78.52,12.83,0.1,3.51,0,2.96,92.1,39.5,3.22,100551,106911,5.9,356000
Tabernacle Township School District,3416020,7216,4.73,18.68,11.21,42.3,98.12,0.37,0,0.49,0.24,2.51,94.6,31.5,1.7,87125,100740,2.9,337700
Tavistock Borough School District,3416050,22,0,0,18.18,42.6,100,0,0,0,0,0,90.9,50,0,133906,250000,0,368800
Teaneck Township School District,3416080,38713,6.32,19.05,13.52,37.8,52.73,30.14,0,9.69,0.04,14.82,92.2,53.7,8.53,93349,108388,6.1,429500
Tenafly Borough School District,3416110,14324,5.54,25.73,11.56,40.4,69.45,1.77,0.35,26.01,0,6.9,95.1,69.4,16.45,116359,131884,4,719300
Teterboro Borough School District,3416140,64,0,20.31,10.94,43.6,60.94,0,0,0,0,10.94,100,31.6,29.69,76875,117500,21.9,0
Tewksbury Township School District,3416170,6040,3.87,19.6,16.23,46.4,96.31,0,0,1.13,0.22,1.32,98,61.2,0.84,149899,185435,0.5,679600
Tinton Falls Borough School District,3416200,20419,5.54,16.4,18.04,42.2,79.59,10.76,0.11,4.12,0,7.45,93.6,43.3,5.25,79740,96592,4,358300
Toms River Regional School District,3416230,112244,5.98,16.86,15.97,41.2,90.79,2.65,0.15,2.87,0.08,7.18,89.7,27,4.21,71064,83131,5.3,321200
Totowa Borough School District,3416260,10504,3.03,16.2,21.58,45,86.3,0.81,0,6.85,0,14.21,83.3,22.1,10.65,68818,80417,11.3,387600
Trenton City School District,3416290,83066,8.4,18.44,9.59,32.1,35.68,50.87,0.7,1.01,0.01,30.69,68.4,11.4,20.54,35372,40320,23.4,130000
Tuckerton Borough School District,3416320,3855,4.93,17.56,14.35,40.9,97.43,0,0,0.52,0,5.03,87.1,26.9,2.81,54355,64232,7.5,246000
Union Beach Borough School District,3416350,6669,5.43,21.53,8.86,39.5,92.58,1.77,0.96,1.86,0,7.69,88.5,11.7,2.52,59507,77854,4,282600
Union City School District,3416380,62629,7.66,16.01,11.66,33.8,71.15,4.95,0.42,1.35,0,79.6,64.4,17.3,49.54,39001,41988,19.6,380500
Barnegat Township School District,3416470,21618,6.06,17.86,19.06,41.7,90.17,3.32,0,2.7,0,6.83,89.7,21.7,3.31,62414,71354,6.7,275800
Union Township School District,3416500,53796,5.32,15.69,15.43,39.1,58.2,25.21,0.36,10.73,0,12.84,86,31.3,15.55,72047,84212,5.1,355200
Upper Deerfield Township School District,3416530,8067,7.71,16.76,13.95,38.6,76.93,15.95,0,2.67,0,6.55,83.7,17.5,3.84,57956,67397,13.2,192600
Upper Freehold Regional School District,3416560,8680,4.99,22.34,11.06,42.9,91.3,2.33,0.05,4.82,0,3.02,96.2,45.6,3.54,103410,106125,1.7,490200
Upper Pittsgrove Township School District,3416590,3585,5.05,21,16.35,40.8,90.6,1.48,0,0.59,0,7.5,88.1,17.8,1.26,71938,74564,6,224500
Upper Saddle River Borough School District,3416620,8386,8.08,24.61,12.35,40.5,84.28,0,0,12.15,0,3.53,97.9,66.1,3.81,162679,168188,1.6,938800
Upper Township School District,3416650,11256,6.38,19.02,12.5,43.3,96.39,1.93,0.64,0.41,0,1,94,37.6,1.03,79972,95262,3.1,329200
Ventnor City City School District,3416680,12349,6.74,19.21,17.03,42.2,74.61,4.66,0,8.19,0,17.39,85.7,27.3,19.48,53806,67875,9,372700
Vernon Township School District,3416710,24999,5.6,21.1,7.42,38.5,95.34,2.1,0.19,0.34,0,6.54,94.7,25.6,2.94,79450,88890,5.7,292000
Verona Borough School District,3416740,12227,7.52,16.41,19.13,42.5,89.55,3.05,0,5.04,0,4.76,92.8,50.5,4.84,91607,121829,2.5,464600
Victory Gardens Borough School District,3416770,1716,10.2,17.95,6.41,32.4,58.39,13.17,1.11,2.8,0,62.53,76.3,15.1,39.97,53167,53077,15.9,261600
Vineland City School District,3416800,58426,7.76,17.54,14.29,37.2,70.91,13.42,0.55,1.52,0.08,33.58,76.8,15.8,13.54,52422,61654,12.8,178600
Voorhees Township School District,3416830,30788,5.65,17.55,14.82,40.6,73.04,8.59,0.41,13.12,0.04,4.21,91.4,51.8,4.87,84869,106233,5.6,343200
Waldwick Borough School District,3416860,9477,6.42,17.03,16.56,42.2,88.3,0.4,0,8.2,0,5.95,93.8,41.2,4.98,90083,100398,3.8,445900
Wallkill Valley Regional School District,3416870,19375,6.19,15.81,11.61,40,92.3,1.54,0,2.38,0,7.55,90.6,22.9,2.55,71359,81132,6,275600
Wall Township School District,3416890,26226,6.03,18.28,14.91,43.2,93,2.87,0,3.12,0,2.03,92.8,42.3,1.82,91063,109533,4.1,488800
Wallington Borough School District,3416920,11244,5.38,14.03,14.57,36.8,89.93,1.13,0.29,6.5,0,9.74,84.9,26.1,30.77,56859,60830,8.8,404200
Wanaque Borough School District,3416950,11408,5.8,14.09,15.91,43.2,86.79,1.19,0,6.4,0,9.47,86.9,27.3,5.88,82641,88255,2.7,367200
Warren Hills Regional School District,3416970,24860,6.82,17.8,12.07,40.4,92.43,2.27,0,4,0,4.2,89.2,29.3,4.25,74709,88141,6.2,325300
Warren Township School District,3416980,15717,6.2,23.54,11.56,40.7,85.14,0.54,0,11.3,0,6.55,97,62.5,4.84,131329,155587,1.3,743700
Washington Borough School District,3417010,6731,7.18,16.62,11.47,38.8,89.94,4.41,0,4.93,0,3.71,85.1,23.3,1.86,58750,73477,8.4,244600
Washington Township School District (Burlington County),3417040,1781,1.46,3.59,10.78,38.2,98.48,0.73,0,0,0.11,65.97,34.8,6.2,65.7,77656,80833,28,250000
Washington Township School District,3417070,51909,5.97,19.56,11.1,38.1,88.21,5.14,0.2,2.86,0,3.45,93,32.5,1.73,80567,95306,3.5,259300
Robbinsville Township School District,3417100,11894,8.36,20.17,8.82,38.5,86,2.31,0,10.61,0.06,3.74,93.4,54.1,2.84,100417,122025,2.6,407200
Washington Township School District (Morris County),3417130,18384,6.67,22.84,10.12,40.6,95.37,0.9,0.24,1.59,0,5.99,96.8,53.4,2.75,111477,122885,1.1,515800
Washington Township School District (Warren County),3417160,6867,5.85,18.86,12.83,43.1,98.49,0.54,0,0.98,0,1.06,92,33.3,3.11,88064,92519,6.1,346500
Watchung Borough School District,3417190,6245,5.59,15.96,16.19,42,76.67,4.8,0,10.42,0,10.49,95.5,52.8,9.92,100000,157727,0.5,741200
Watchung Hills Regional School District,3417220,30591,5.85,21.37,13.28,41.4,85.14,1.43,0,9.79,0,8.21,94.7,57.9,7.21,119955,148807,1.7,683100
Waterford Township School District,3417250,10658,6.46,17.79,8.59,38.2,92.21,4.03,0.23,1.93,0,1.6,87.9,17.5,1.61,75806,80909,6,221400
Wayne Township School District,3417280,53812,6.43,18.17,17.07,42.1,88.29,2.43,0,7.76,0,7.78,90.5,44.1,9.07,98627,116730,3.4,528800
Weehawken Township School District,3417310,12437,5.31,9.42,11.25,36.5,76.62,6.04,0.18,7.65,0,34.78,86.2,49.3,18.72,66612,95517,10.6,508300
Wenonah Borough School District,3417340,2251,7.69,18.66,13.02,38.7,98.05,0,0,1.95,0,2.04,97,58.7,0,104871,115833,0,298100
West Amwell Township School District,3417370,2921,4.59,16.71,15.92,45.5,92.5,1.37,0,3.29,0,0.92,92.1,44.8,1.58,102083,109886,2.8,403500
West Cape May Borough School District,3417400,1018,2.65,7.56,24.95,55.1,84.48,14.05,0.29,1.08,0,0.59,95.6,41.3,1.41,55192,53021,6.9,503200
West Deptford Township School District,3417430,21719,4.94,15.78,13.96,40.8,88.2,7.17,0.12,1.78,0,2.89,90,24.7,3.37,68689,84109,4.6,228800
West Essex Regional School District,3417460,21967,5.65,19.32,16.73,42.6,92.11,0.66,0.07,4.86,0.02,4.24,94.5,54.6,2.84,118076,130365,1.9,649200
West Long Branch Borough School District,3417490,8378,3.14,20.65,16.35,39.4,95.06,1.59,0,2.43,0,7.64,88,35.9,6.04,84936,109826,7.8,462500
West Milford Township School District,3417520,27601,6.64,18.1,10.17,39.5,95.8,0.72,0.09,2.27,0,3.49,93,32,2.6,90680,101646,2.8,344300
West Morris Regional School District,3417550,38140,6.78,23.09,11.75,41.1,94.53,0.5,0.14,2.34,0,4.78,96.7,59.8,3.37,129024,148103,2,632600
West New York Town School District,3417580,46058,7.41,15.26,12.43,34.5,65.06,5.07,0.81,4.19,0,79.05,67.1,22.4,46.08,42561,42746,17.8,386700
West Orange Town School District,3417610,43190,6.05,17.89,16.7,41.2,58.88,24.76,0.26,7.77,0,14.2,91.6,48.8,11.03,89122,105862,6.1,418900
West Paterson Borough School District,3417640,11487,3.7,11.87,16.85,42.4,75.8,6.17,0.77,4.1,0,19.24,90.3,28,16.6,64383,75147,8.2,434800
West Wildwood Borough School District,3417670,544,3.68,15.07,29.23,49.4,95.04,0,0,0,0,1.65,83.5,16.7,3.05,45781,60536,8.8,278600
West Windsor-Plainsboro Regional School District,3417700,47152,6.24,19.83,7.93,36,58.76,5.47,0.21,32.36,0.07,4.25,97.7,73.4,9.48,105539,128894,4.1,518200
Westampton Township School District,3417730,8627,8.77,19.37,7.95,35.1,71.9,16.02,0,6.09,0,7.66,96.8,41.5,4.41,90221,96250,2.3,275200
Westfield Town School District,3417760,29416,6.64,23.75,13.14,40.7,90.65,2.21,0,4.83,0,5.09,96.2,65.9,5.06,128418,153529,2.3,653600
Westville Borough School District,3417790,4471,3.51,17.18,15.34,37.9,89.09,4.47,0,0.56,0,6.02,85.1,11.9,1.95,52586,70792,11.4,160100
Westwood Regional School District,3417820,20197,7.05,14.92,17.97,42.6,86.53,3.29,0,7.98,0.05,6.31,94.3,45.4,5.19,87840,110138,3.1,505900
Weymouth Township School District,3417850,2679,5.9,14.56,21.95,46.1,85.18,7.02,0.56,1.31,0,6.79,85.1,15.3,2.54,51712,69643,8.2,201200
Wharton Borough School District,3417880,6098,8.89,19.68,11.66,35.2,71.32,4.97,1.03,2.46,0,41.85,86,28.5,26.48,72457,75478,3.6,341700
White Township School District,3417910,5795,0.91,15.41,27.18,51.4,98.5,0,0,0,0,1.07,87.4,20.2,0.98,63462,79926,6,328700
Wildwood City School District,3417940,5250,3.49,12.8,16.27,40.9,70.53,19.09,0,0,0,13.03,81.2,15,17.01,30974,29500,20.3,280700
Wildwood Crest Borough School District,3417970,3987,2.16,13.49,26.99,49.8,94.43,0.78,2.06,0,0,4.44,87.9,30,3.2,43673,62656,14.9,413800
Willingboro Township School District,3418000,34998,5.87,19.21,14.18,38.6,21.5,69.62,0.27,1.96,0,5.74,89.6,23.9,3.92,64581,73546,8.6,197000
Winfield Township School District,3418030,1540,5,15.19,15.39,38.1,92.34,2.14,0.32,0,0,5.13,89.5,12.1,0.68,61146,64375,8.6,242500
Winslow Township School District,3418060,38751,6.27,18.88,9.62,35.9,58.67,31.04,0.23,2.25,0.05,9.17,86.6,21.4,4.03,67158,78069,7.3,219100
Woodbine Borough School District,3418090,2696,8.01,18.95,6.86,38.9,55.93,29.45,0.37,0,0,24.55,56.9,4.4,4.15,36686,28047,34.4,190600
Woodbridge Township School District,3418120,97922,6.65,15.76,12.19,38,65.89,8.64,0.11,18.95,0.08,14.82,86.6,29.8,11.74,77283,86960,5.5,341100
Woodbury City School District,3418150,10420,7.03,16,14.69,36.8,68.6,24.27,0,0.2,0,6.79,85.4,22.6,4.47,53564,64736,12.4,183800
Woodbury Heights Borough School District,3418180,3035,4.35,17.5,13.71,41.8,94.96,4.51,0,0.33,0,1.52,90.1,21.2,0.34,81921,92601,5.3,231200
Woodcliff Lake Borough School District,3418210,5865,5.8,22.97,13.83,41.7,84.76,4.69,0,6.46,0,6.38,98,61.7,3.48,150972,172308,1.4,790300
Woodland Township School District,3418240,842,8.91,17.1,11.05,38.6,96.44,0.71,0,0,0,1.19,88.9,25.1,0.39,66875,93333,4.8,295100
Woodlynne Borough School District,3418270,2698,8.82,22.39,3.41,27.1,25.98,28.35,0.15,20.35,0,28.8,77.3,10.6,18.62,45625,56042,14.5,126600
Wood-Ridge Borough School District,3418300,7453,5.22,13.24,15.7,43.3,90.07,0,0,5.33,0,10.17,88,36.5,10.05,89629,96450,2.7,411100
Woodstown-Pilesgrove Regional School District,3418330,7798,4.51,19.81,13.94,38.9,82.46,14.39,0.68,0.82,0,4.01,91.4,29.1,1.87,71833,87949,7.3,253200
Wyckoff Township School District,3418360,16836,6.33,21.41,14.45,42.3,95.25,0.18,0,3.95,0,4.16,97,61.2,2.47,138373,154420,2.5,753700
School District Not Defined (Water),3499998,0,0,0,0,0,0,0,0,0,0,0,0,0,0,0,0,0,0
Remainder of New Jersey,3499999,2183102,5.62,17.84,14.31,40.9,85.44,5.31,0.19,5.28,0.03,7.21,90.7,36.6,5.6,79030,94333,5.1,364200
